<?xml version="1.0" encoding="UTF-8"?><MODULE xmlns:xsi="http://www.w3.org/2001/XMLSchema-instance" xsi:noNamespaceSchemaLocation="http://oasif.educagri.fr/bin/schemas/oasif.xsd"><JPLANNING><nJOUR>7</nJOUR><nLIGNE>7</nLIGNE><nDUREE>184</nDUREE><nTOTAL_LIGNE>50</nTOTAL_LIGNE></JPLANNING><PROPRIETES_MODULE><DESCRIPTIF_MODULE><tTITRE UserID="0">Tronc commun</tTITRE><tOBJECTIF UserID="0">Appréhender la dimnension culturelle de ....
Situer les cadres professionnels de la communication</tOBJECTIF><tDESCRIPTION UserID="0"/><tPUBLIC UserID="0"/><tPREREQUIS UserID="0"/><nCARACTERISTIQUE UserID="0">0</nCARACTERISTIQUE><tCOMMANDITAIRE UserID="0"/><tPORTEUR UserID="0"/><tPARTENAIRES UserID="0"/><tCLIENT UserID="0"/><tCONTACT UserID="0"/><nCREDIT_ECTS UserID="0">0</nCREDIT_ECTS><nNBRE_MAX_APPRENANT UserID="0">60</nNBRE_MAX_APPRENANT><tLIEN UserID="0"/><tCOMMENTAIRE UserID="0"/></DESCRIPTIF_MODULE><ACCOMPAGNEMENT_MODULE><ACCOMPAGNEMENTS_GLOBAUX><ACCOMPAGNEMENT_GLOBAL><nID>0</nID><nNOM UserID="0">0</nNOM><nTYPE UserID="0">0</nTYPE><nATTITUDE UserID="0">0</nATTITUDE><tDESCRIPTIF UserID="0"/><nDUREE UserID="0">0</nDUREE><nGROUPE UserID="0">0</nGROUPE><nAPPRENANT UserID="0">0</nAPPRENANT><nPRESENCEDISTANCE UserID="0">0</nPRESENCEDISTANCE></ACCOMPAGNEMENT_GLOBAL><ACCOMPAGNEMENT_GLOBAL><nID>170</nID><nNOM UserID="0">104</nNOM><nTYPE UserID="0">6</nTYPE><nATTITUDE UserID="0">0</nATTITUDE><tDESCRIPTIF UserID="0"/><nDUREE UserID="0">120</nDUREE><nGROUPE UserID="0">32</nGROUPE><nAPPRENANT UserID="0">0</nAPPRENANT><nPRESENCEDISTANCE UserID="0">1</nPRESENCEDISTANCE></ACCOMPAGNEMENT_GLOBAL></ACCOMPAGNEMENTS_GLOBAUX><nTYPE_OUTIL UserID="0">0</nTYPE_OUTIL><nOUTIL_SUBSTITUTION UserID="0">0</nOUTIL_SUBSTITUTION><tDESCRIPTION_UTILISATION UserID="0"/><tCOMMENTAIRE UserID="0"/></ACCOMPAGNEMENT_MODULE></PROPRIETES_MODULE><nNUMERO_MODULE>3</nNUMERO_MODULE><SEQUENCES><SEQUENCE><JPLANNING><nJOUR>3</nJOUR><nLIGNE>11</nLIGNE><nDUREE>143</nDUREE><nTOTAL_LIGNE>9</nTOTAL_LIGNE></JPLANNING><PROPRIETES_SEQUENCE><DESCRIPTIF_SEQUENCE><tTITRE UserID="0">procédure languagiere</tTITRE><tOBJECTIF UserID="0"/><tDESCRIPTION UserID="0"/><tCOMMENTAIRE UserID="0"/></DESCRIPTIF_SEQUENCE></PROPRIETES_SEQUENCE><ACTIVITES><ACTIVITE><JOURSPLANIFIES/><JPLANNING><nJOUR>29</nJOUR><nLIGNE>4</nLIGNE><nDUREE>15</nDUREE><nTOTAL_LIGNE>1</nTOTAL_LIGNE></JPLANNING><PROPRIETES_ACTIVITES><DESCRIPTIF_ACTIVITE><tTITRE UserID="0">règles y et x</tTITRE><tOBJECTIF UserID="0">Appréhender les règles y et x au sein d'un processus langagier et savoir les appliquer</tOBJECTIF><tDESCRIPTION UserID="0"/><nTYPE UserID="0">19</nTYPE><nCARACTERISTIQUE UserID="0">0</nCARACTERISTIQUE><nDUREEh UserID="0">2</nDUREEh><nDUREEmn UserID="0">0</nDUREEmn><nINDIVIDUELCOLLECTIF UserID="0">28</nINDIVIDUELCOLLECTIF><nLIEU_TRAVAIL UserID="0">0</nLIEU_TRAVAIL><tCOMMENTAIRE UserID="0"/></DESCRIPTIF_ACTIVITE><PRODUCTION_ACTIVITE><nRENDU UserID="0">1</nRENDU><tDESCRIPTION_PRODUCTION UserID="0">Exercice</tDESCRIPTION_PRODUCTION><nDUREEh UserID="0">0</nDUREEh><nDUREEmn UserID="0">30</nDUREEmn><nOUTIL_ECHANGE UserID="0">9</nOUTIL_ECHANGE><nOUTIL_SUBSTITUTION UserID="0">0</nOUTIL_SUBSTITUTION><tDESCRIPTION_UTILISATION UserID="0"/><tCOMMENTAIRE UserID="0"/></PRODUCTION_ACTIVITE><ACCOMPAGNEMENT_ACTIVITE><ACCOMPAGNEMENTS_GLOBAUX><ACCOMPAGNEMENT_GLOBAL><nID>0</nID><nNOM UserID="0">0</nNOM><nTYPE UserID="0">0</nTYPE><nATTITUDE UserID="0">0</nATTITUDE><nACTION UserID="0">0</nACTION><tDESCRIPTIF UserID="0"/><nDUREE UserID="0">0</nDUREE><nGROUPE UserID="0">0</nGROUPE><nAPPRENANT UserID="0">0</nAPPRENANT><nPRESENCEDISTANCE UserID="0">0</nPRESENCEDISTANCE></ACCOMPAGNEMENT_GLOBAL><ACCOMPAGNEMENT_GLOBAL><nID>153</nID><nNOM UserID="0">104</nNOM><nTYPE UserID="0">0</nTYPE><nATTITUDE UserID="0">0</nATTITUDE><nACTION UserID="0">0</nACTION><tDESCRIPTIF UserID="0"/><nDUREE UserID="0">60</nDUREE><nGROUPE UserID="0">32</nGROUPE><nAPPRENANT UserID="0">0</nAPPRENANT><nPRESENCEDISTANCE UserID="0">1</nPRESENCEDISTANCE></ACCOMPAGNEMENT_GLOBAL><ACCOMPAGNEMENT_GLOBAL><nID>160</nID><nNOM UserID="0">104</nNOM><nTYPE UserID="0">2</nTYPE><nATTITUDE UserID="0">34</nATTITUDE><nACTION UserID="0">0</nACTION><tDESCRIPTIF UserID="0"/><nDUREE UserID="0">60</nDUREE><nGROUPE UserID="0">32</nGROUPE><nAPPRENANT UserID="0">0</nAPPRENANT><nPRESENCEDISTANCE UserID="0">1</nPRESENCEDISTANCE></ACCOMPAGNEMENT_GLOBAL></ACCOMPAGNEMENTS_GLOBAUX><nTYPE_OUTIL UserID="0">9</nTYPE_OUTIL><nOUTIL_SUBSTITUTION UserID="0">0</nOUTIL_SUBSTITUTION><tDESCRIPTION_UTILISATION UserID="0"/><tCOMMENTAIRE UserID="0"/></ACCOMPAGNEMENT_ACTIVITE><RESSOURCES_DOCS_ACTIVITE><RESSOURCES_PEDAGOGIQUES><RESSOURCE_PEDAGOGIQUE><nID>0</nID><tTITRE UserID="0">Choisir...</tTITRE><tDESCRIPTIF UserID="0"/><nTYPE UserID="0">0</nTYPE><tLIEN UserID="0"/></RESSOURCE_PEDAGOGIQUE></RESSOURCES_PEDAGOGIQUES><RESSOURCES_LOGISTIQUES><tADRESSE UserID="0"/><tDESCRIPTIF UserID="0"/><tLIEN UserID="0"/><nTYPE_SALLE UserID="0">0</nTYPE_SALLE><nNUMERO_SALLE UserID="0"/></RESSOURCES_LOGISTIQUES><tCOMMENTAIRE UserID="0"/></RESSOURCES_DOCS_ACTIVITE></PROPRIETES_ACTIVITES></ACTIVITE><ACTIVITE><JOURSPLANIFIES/><JPLANNING><nJOUR>30</nJOUR><nLIGNE>7</nLIGNE><nDUREE>1</nDUREE><nTOTAL_LIGNE>1</nTOTAL_LIGNE></JPLANNING><PROPRIETES_ACTIVITES><DESCRIPTIF_ACTIVITE><tTITRE UserID="0">questions-réponses</tTITRE><tOBJECTIF UserID="0">Vérifier sa compréhension des aspects linguistique</tOBJECTIF><tDESCRIPTION UserID="0"/><nTYPE UserID="0">22</nTYPE><nCARACTERISTIQUE UserID="0">0</nCARACTERISTIQUE><nDUREEh UserID="0">1</nDUREEh><nDUREEmn UserID="0">0</nDUREEmn><nINDIVIDUELCOLLECTIF UserID="0">31</nINDIVIDUELCOLLECTIF><nLIEU_TRAVAIL UserID="0">2</nLIEU_TRAVAIL><tCOMMENTAIRE UserID="0"/></DESCRIPTIF_ACTIVITE><PRODUCTION_ACTIVITE><nRENDU UserID="0">0</nRENDU><tDESCRIPTION_PRODUCTION UserID="0"/><nDUREEh UserID="0">0</nDUREEh><nDUREEmn UserID="0">0</nDUREEmn><nOUTIL_ECHANGE UserID="0">0</nOUTIL_ECHANGE><nOUTIL_SUBSTITUTION UserID="0">0</nOUTIL_SUBSTITUTION><tDESCRIPTION_UTILISATION UserID="0"/><tCOMMENTAIRE UserID="0"/></PRODUCTION_ACTIVITE><ACCOMPAGNEMENT_ACTIVITE><ACCOMPAGNEMENTS_GLOBAUX><ACCOMPAGNEMENT_GLOBAL><nID>0</nID><nNOM UserID="0">0</nNOM><nTYPE UserID="0">0</nTYPE><nATTITUDE UserID="0">0</nATTITUDE><nACTION UserID="0">0</nACTION><tDESCRIPTIF UserID="0"/><nDUREE UserID="0">0</nDUREE><nGROUPE UserID="0">0</nGROUPE><nAPPRENANT UserID="0">0</nAPPRENANT><nPRESENCEDISTANCE UserID="0">0</nPRESENCEDISTANCE></ACCOMPAGNEMENT_GLOBAL><ACCOMPAGNEMENT_GLOBAL><nID>158</nID><nNOM UserID="0">104</nNOM><nTYPE UserID="0">0</nTYPE><nATTITUDE UserID="0">0</nATTITUDE><nACTION UserID="0">0</nACTION><tDESCRIPTIF UserID="0"/><nDUREE UserID="0">60</nDUREE><nGROUPE UserID="0">32</nGROUPE><nAPPRENANT UserID="0">0</nAPPRENANT><nPRESENCEDISTANCE UserID="0">0</nPRESENCEDISTANCE></ACCOMPAGNEMENT_GLOBAL></ACCOMPAGNEMENTS_GLOBAUX><nTYPE_OUTIL UserID="0">0</nTYPE_OUTIL><nOUTIL_SUBSTITUTION UserID="0">0</nOUTIL_SUBSTITUTION><tDESCRIPTION_UTILISATION UserID="0"/><tCOMMENTAIRE UserID="0"/></ACCOMPAGNEMENT_ACTIVITE><RESSOURCES_DOCS_ACTIVITE><RESSOURCES_PEDAGOGIQUES><RESSOURCE_PEDAGOGIQUE><nID>0</nID><tTITRE UserID="0">Choisir...</tTITRE><tDESCRIPTIF UserID="0"/><nTYPE UserID="0">0</nTYPE><tLIEN UserID="0"/></RESSOURCE_PEDAGOGIQUE></RESSOURCES_PEDAGOGIQUES><RESSOURCES_LOGISTIQUES><tADRESSE UserID="0"/><tDESCRIPTIF UserID="0"/><tLIEN UserID="0"/><nTYPE_SALLE UserID="0">0</nTYPE_SALLE><nNUMERO_SALLE UserID="0"/></RESSOURCES_LOGISTIQUES><tCOMMENTAIRE UserID="0"/></RESSOURCES_DOCS_ACTIVITE></PROPRIETES_ACTIVITES></ACTIVITE><ACTIVITE><JOURSPLANIFIES/><JPLANNING><nJOUR>56</nJOUR><nLIGNE>4</nLIGNE><nDUREE>15</nDUREE><nTOTAL_LIGNE>1</nTOTAL_LIGNE></JPLANNING><PROPRIETES_ACTIVITES><DESCRIPTIF_ACTIVITE><tTITRE UserID="0">Règles y et x</tTITRE><tOBJECTIF UserID="0">Savoir appliquer les règles v et w</tOBJECTIF><tDESCRIPTION UserID="0"/><nTYPE UserID="0">19</nTYPE><nCARACTERISTIQUE UserID="0">0</nCARACTERISTIQUE><nDUREEh UserID="0">2</nDUREEh><nDUREEmn UserID="0">0</nDUREEmn><nINDIVIDUELCOLLECTIF UserID="0">0</nINDIVIDUELCOLLECTIF><nLIEU_TRAVAIL UserID="0">0</nLIEU_TRAVAIL><tCOMMENTAIRE UserID="0"/></DESCRIPTIF_ACTIVITE><PRODUCTION_ACTIVITE><nRENDU UserID="0">1</nRENDU><tDESCRIPTION_PRODUCTION UserID="0">Rendre l'exercice complété</tDESCRIPTION_PRODUCTION><nDUREEh UserID="0">1</nDUREEh><nDUREEmn UserID="0">30</nDUREEmn><nOUTIL_ECHANGE UserID="0">9</nOUTIL_ECHANGE><nOUTIL_SUBSTITUTION UserID="0">0</nOUTIL_SUBSTITUTION><tDESCRIPTION_UTILISATION UserID="0"/><tCOMMENTAIRE UserID="0"/></PRODUCTION_ACTIVITE><ACCOMPAGNEMENT_ACTIVITE><ACCOMPAGNEMENTS_GLOBAUX><ACCOMPAGNEMENT_GLOBAL><nID>0</nID><nNOM UserID="0">0</nNOM><nTYPE UserID="0">0</nTYPE><nATTITUDE UserID="0">0</nATTITUDE><nACTION UserID="0">0</nACTION><tDESCRIPTIF UserID="0"/><nDUREE UserID="0">0</nDUREE><nGROUPE UserID="0">0</nGROUPE><nAPPRENANT UserID="0">0</nAPPRENANT><nPRESENCEDISTANCE UserID="0">0</nPRESENCEDISTANCE></ACCOMPAGNEMENT_GLOBAL></ACCOMPAGNEMENTS_GLOBAUX><nTYPE_OUTIL UserID="0">0</nTYPE_OUTIL><nOUTIL_SUBSTITUTION UserID="0">0</nOUTIL_SUBSTITUTION><tDESCRIPTION_UTILISATION UserID="0"/><tCOMMENTAIRE UserID="0"/></ACCOMPAGNEMENT_ACTIVITE><RESSOURCES_DOCS_ACTIVITE><RESSOURCES_PEDAGOGIQUES><RESSOURCE_PEDAGOGIQUE><nID>0</nID><tTITRE UserID="0">Choisir...</tTITRE><tDESCRIPTIF UserID="0"/><nTYPE UserID="0">0</nTYPE><tLIEN UserID="0"/></RESSOURCE_PEDAGOGIQUE></RESSOURCES_PEDAGOGIQUES><RESSOURCES_LOGISTIQUES><tADRESSE UserID="0"/><tDESCRIPTIF UserID="0"/><tLIEN UserID="0"/><nTYPE_SALLE UserID="0">0</nTYPE_SALLE><nNUMERO_SALLE UserID="0"/></RESSOURCES_LOGISTIQUES><tCOMMENTAIRE UserID="0"/></RESSOURCES_DOCS_ACTIVITE></PROPRIETES_ACTIVITES></ACTIVITE><ACTIVITE><JOURSPLANIFIES/><JPLANNING><nJOUR>5</nJOUR><nLIGNE>2</nLIGNE><nDUREE>27</nDUREE><nTOTAL_LIGNE>1</nTOTAL_LIGNE></JPLANNING><PROPRIETES_ACTIVITES><DESCRIPTIF_ACTIVITE><tTITRE UserID="0">facette de la langue</tTITRE><tOBJECTIF UserID="0">Connaître les différentes facettes de la langue</tOBJECTIF><tDESCRIPTION UserID="0"/><nTYPE UserID="0">19</nTYPE><nCARACTERISTIQUE UserID="0">0</nCARACTERISTIQUE><nDUREEh UserID="0">2</nDUREEh><nDUREEmn UserID="0">30</nDUREEmn><nINDIVIDUELCOLLECTIF UserID="0">0</nINDIVIDUELCOLLECTIF><nLIEU_TRAVAIL UserID="0">0</nLIEU_TRAVAIL><tCOMMENTAIRE UserID="0"/></DESCRIPTIF_ACTIVITE><PRODUCTION_ACTIVITE><nRENDU UserID="0">0</nRENDU><tDESCRIPTION_PRODUCTION UserID="0"/><nDUREEh UserID="0">0</nDUREEh><nDUREEmn UserID="0">0</nDUREEmn><nOUTIL_ECHANGE UserID="0">0</nOUTIL_ECHANGE><nOUTIL_SUBSTITUTION UserID="0">0</nOUTIL_SUBSTITUTION><tDESCRIPTION_UTILISATION UserID="0"/><tCOMMENTAIRE UserID="0"/></PRODUCTION_ACTIVITE><ACCOMPAGNEMENT_ACTIVITE><ACCOMPAGNEMENTS_GLOBAUX><ACCOMPAGNEMENT_GLOBAL><nID>0</nID><nNOM UserID="0">0</nNOM><nTYPE UserID="0">0</nTYPE><nATTITUDE UserID="0">0</nATTITUDE><nACTION UserID="0">0</nACTION><tDESCRIPTIF UserID="0"/><nDUREE UserID="0">0</nDUREE><nGROUPE UserID="0">0</nGROUPE><nAPPRENANT UserID="0">0</nAPPRENANT><nPRESENCEDISTANCE UserID="0">0</nPRESENCEDISTANCE></ACCOMPAGNEMENT_GLOBAL></ACCOMPAGNEMENTS_GLOBAUX><nTYPE_OUTIL UserID="0">0</nTYPE_OUTIL><nOUTIL_SUBSTITUTION UserID="0">0</nOUTIL_SUBSTITUTION><tDESCRIPTION_UTILISATION UserID="0"/><tCOMMENTAIRE UserID="0"/></ACCOMPAGNEMENT_ACTIVITE><RESSOURCES_DOCS_ACTIVITE><RESSOURCES_PEDAGOGIQUES><RESSOURCE_PEDAGOGIQUE><nID>0</nID><tTITRE UserID="0">Choisir...</tTITRE><tDESCRIPTIF UserID="0"/><nTYPE UserID="0">0</nTYPE><tLIEN UserID="0"/></RESSOURCE_PEDAGOGIQUE></RESSOURCES_PEDAGOGIQUES><RESSOURCES_LOGISTIQUES><tADRESSE UserID="0"/><tDESCRIPTIF UserID="0"/><tLIEN UserID="0"/><nTYPE_SALLE UserID="0">0</nTYPE_SALLE><nNUMERO_SALLE UserID="0"/></RESSOURCES_LOGISTIQUES><tCOMMENTAIRE UserID="0"/></RESSOURCES_DOCS_ACTIVITE></PROPRIETES_ACTIVITES></ACTIVITE><ACTIVITE><JOURSPLANIFIES><JOURPLANIFIE><nJOUR>1181572889384</nJOUR><nMINUTE>360</nMINUTE><nDUREE_MINUTE>15</nDUREE_MINUTE></JOURPLANIFIE></JOURSPLANIFIES><JPLANNING><nJOUR>2</nJOUR><nLIGNE>3</nLIGNE><nDUREE>1</nDUREE><nTOTAL_LIGNE>1</nTOTAL_LIGNE></JPLANNING><PROPRIETES_ACTIVITES><DESCRIPTIF_ACTIVITE><tTITRE UserID="0">Introduction </tTITRE><tOBJECTIF UserID="0">Etre sensibiliser aux théories du langage et de l'image</tOBJECTIF><tDESCRIPTION UserID="0"/><nTYPE UserID="0">27</nTYPE><nCARACTERISTIQUE UserID="0">0</nCARACTERISTIQUE><nDUREEh UserID="0">1</nDUREEh><nDUREEmn UserID="0">30</nDUREEmn><nINDIVIDUELCOLLECTIF UserID="0">31</nINDIVIDUELCOLLECTIF><nLIEU_TRAVAIL UserID="0">2</nLIEU_TRAVAIL><tCOMMENTAIRE UserID="0"/></DESCRIPTIF_ACTIVITE><PRODUCTION_ACTIVITE><nRENDU UserID="0">0</nRENDU><tDESCRIPTION_PRODUCTION UserID="0"/><nDUREEh UserID="0">0</nDUREEh><nDUREEmn UserID="0">0</nDUREEmn><nOUTIL_ECHANGE UserID="0">0</nOUTIL_ECHANGE><nOUTIL_SUBSTITUTION UserID="0">0</nOUTIL_SUBSTITUTION><tDESCRIPTION_UTILISATION UserID="0"/><tCOMMENTAIRE UserID="0"/></PRODUCTION_ACTIVITE><ACCOMPAGNEMENT_ACTIVITE><ACCOMPAGNEMENTS_GLOBAUX><ACCOMPAGNEMENT_GLOBAL><nID>0</nID><nNOM UserID="0">0</nNOM><nTYPE UserID="0">0</nTYPE><nATTITUDE UserID="0">0</nATTITUDE><nACTION UserID="0">0</nACTION><tDESCRIPTIF UserID="0"/><nDUREE UserID="0">0</nDUREE><nGROUPE UserID="0">0</nGROUPE><nAPPRENANT UserID="0">0</nAPPRENANT><nPRESENCEDISTANCE UserID="0">0</nPRESENCEDISTANCE></ACCOMPAGNEMENT_GLOBAL><ACCOMPAGNEMENT_GLOBAL><nID>159</nID><nNOM UserID="0">105</nNOM><nTYPE UserID="0">0</nTYPE><nATTITUDE UserID="0">0</nATTITUDE><nACTION UserID="0">0</nACTION><tDESCRIPTIF UserID="0"/><nDUREE UserID="0">90</nDUREE><nGROUPE UserID="0">32</nGROUPE><nAPPRENANT UserID="0">0</nAPPRENANT><nPRESENCEDISTANCE UserID="0">0</nPRESENCEDISTANCE></ACCOMPAGNEMENT_GLOBAL></ACCOMPAGNEMENTS_GLOBAUX><nTYPE_OUTIL UserID="0">0</nTYPE_OUTIL><nOUTIL_SUBSTITUTION UserID="0">0</nOUTIL_SUBSTITUTION><tDESCRIPTION_UTILISATION UserID="0"/><tCOMMENTAIRE UserID="0"/></ACCOMPAGNEMENT_ACTIVITE><RESSOURCES_DOCS_ACTIVITE><RESSOURCES_PEDAGOGIQUES><RESSOURCE_PEDAGOGIQUE><nID>0</nID><tTITRE UserID="0">Choisir...</tTITRE><tDESCRIPTIF UserID="0"/><nTYPE UserID="0">0</nTYPE><tLIEN UserID="0"/></RESSOURCE_PEDAGOGIQUE></RESSOURCES_PEDAGOGIQUES><RESSOURCES_LOGISTIQUES><tADRESSE UserID="0"/><tDESCRIPTIF UserID="0"/><tLIEN UserID="0"/><nTYPE_SALLE UserID="0">0</nTYPE_SALLE><nNUMERO_SALLE UserID="0"/></RESSOURCES_LOGISTIQUES><tCOMMENTAIRE UserID="0"/></RESSOURCES_DOCS_ACTIVITE></PROPRIETES_ACTIVITES></ACTIVITE><ACTIVITE><JOURSPLANIFIES/><JPLANNING><nJOUR>142</nJOUR><nLIGNE>3</nLIGNE><nDUREE>1</nDUREE><nTOTAL_LIGNE>1</nTOTAL_LIGNE></JPLANNING><PROPRIETES_ACTIVITES><DESCRIPTIF_ACTIVITE><tTITRE UserID="0">Etude filmique sur table</tTITRE><tOBJECTIF UserID="0">Vérifier le niveau de compréhension via l'analyse de 3 cas</tOBJECTIF><tDESCRIPTION UserID="0"/><nTYPE UserID="0">20</nTYPE><nCARACTERISTIQUE UserID="0">0</nCARACTERISTIQUE><nDUREEh UserID="0">3</nDUREEh><nDUREEmn UserID="0">0</nDUREEmn><nINDIVIDUELCOLLECTIF UserID="0">31</nINDIVIDUELCOLLECTIF><nLIEU_TRAVAIL UserID="0">2</nLIEU_TRAVAIL><tCOMMENTAIRE UserID="0"/></DESCRIPTIF_ACTIVITE><PRODUCTION_ACTIVITE><nRENDU UserID="0">1</nRENDU><tDESCRIPTION_PRODUCTION UserID="0"/><nDUREEh UserID="0">3</nDUREEh><nDUREEmn UserID="0">0</nDUREEmn><nOUTIL_ECHANGE UserID="0">0</nOUTIL_ECHANGE><nOUTIL_SUBSTITUTION UserID="0">0</nOUTIL_SUBSTITUTION><tDESCRIPTION_UTILISATION UserID="0"/><tCOMMENTAIRE UserID="0"/></PRODUCTION_ACTIVITE><ACCOMPAGNEMENT_ACTIVITE><ACCOMPAGNEMENTS_GLOBAUX><ACCOMPAGNEMENT_GLOBAL><nID>0</nID><nNOM UserID="0">0</nNOM><nTYPE UserID="0">0</nTYPE><nATTITUDE UserID="0">0</nATTITUDE><nACTION UserID="0">0</nACTION><tDESCRIPTIF UserID="0"/><nDUREE UserID="0">0</nDUREE><nGROUPE UserID="0">0</nGROUPE><nAPPRENANT UserID="0">0</nAPPRENANT><nPRESENCEDISTANCE UserID="0">0</nPRESENCEDISTANCE></ACCOMPAGNEMENT_GLOBAL></ACCOMPAGNEMENTS_GLOBAUX><nTYPE_OUTIL UserID="0">0</nTYPE_OUTIL><nOUTIL_SUBSTITUTION UserID="0">0</nOUTIL_SUBSTITUTION><tDESCRIPTION_UTILISATION UserID="0"/><tCOMMENTAIRE UserID="0"/></ACCOMPAGNEMENT_ACTIVITE><RESSOURCES_DOCS_ACTIVITE><RESSOURCES_PEDAGOGIQUES><RESSOURCE_PEDAGOGIQUE><nID>0</nID><tTITRE UserID="0">Choisir...</tTITRE><tDESCRIPTIF UserID="0"/><nTYPE UserID="0">0</nTYPE><tLIEN UserID="0"/></RESSOURCE_PEDAGOGIQUE><RESSOURCE_PEDAGOGIQUE><nID>127</nID><tTITRE UserID="0">sujet d'examen</tTITRE><tDESCRIPTIF UserID="0"/><nTYPE UserID="0">0</nTYPE><tLIEN UserID="0"/></RESSOURCE_PEDAGOGIQUE></RESSOURCES_PEDAGOGIQUES><RESSOURCES_LOGISTIQUES><tADRESSE UserID="0"/><tDESCRIPTIF UserID="0"/><tLIEN UserID="0"/><nTYPE_SALLE UserID="0">0</nTYPE_SALLE><nNUMERO_SALLE UserID="0"/></RESSOURCES_LOGISTIQUES><tCOMMENTAIRE UserID="0"/></RESSOURCES_DOCS_ACTIVITE></PROPRIETES_ACTIVITES></ACTIVITE><ACTIVITE><JOURSPLANIFIES/><JPLANNING><nJOUR>86</nJOUR><nLIGNE>4</nLIGNE><nDUREE>1</nDUREE><nTOTAL_LIGNE>1</nTOTAL_LIGNE></JPLANNING><PROPRIETES_ACTIVITES><DESCRIPTIF_ACTIVITE><tTITRE UserID="0">questions-réponses autours de la stratégie</tTITRE><tOBJECTIF UserID="0">Echanger autour de la notion de stratégie de communication</tOBJECTIF><tDESCRIPTION UserID="0"/><nTYPE UserID="0">22</nTYPE><nCARACTERISTIQUE UserID="0">0</nCARACTERISTIQUE><nDUREEh UserID="0">1</nDUREEh><nDUREEmn UserID="0">30</nDUREEmn><nINDIVIDUELCOLLECTIF UserID="0">31</nINDIVIDUELCOLLECTIF><nLIEU_TRAVAIL UserID="0">2</nLIEU_TRAVAIL><tCOMMENTAIRE UserID="0"/></DESCRIPTIF_ACTIVITE><PRODUCTION_ACTIVITE><nRENDU UserID="0">0</nRENDU><tDESCRIPTION_PRODUCTION UserID="0"/><nDUREEh UserID="0">0</nDUREEh><nDUREEmn UserID="0">0</nDUREEmn><nOUTIL_ECHANGE UserID="0">0</nOUTIL_ECHANGE><nOUTIL_SUBSTITUTION UserID="0">0</nOUTIL_SUBSTITUTION><tDESCRIPTION_UTILISATION UserID="0"/><tCOMMENTAIRE UserID="0"/></PRODUCTION_ACTIVITE><ACCOMPAGNEMENT_ACTIVITE><ACCOMPAGNEMENTS_GLOBAUX><ACCOMPAGNEMENT_GLOBAL><nID>0</nID><nNOM UserID="0">0</nNOM><nTYPE UserID="0">0</nTYPE><nATTITUDE UserID="0">0</nATTITUDE><nACTION UserID="0">0</nACTION><tDESCRIPTIF UserID="0"/><nDUREE UserID="0">0</nDUREE><nGROUPE UserID="0">0</nGROUPE><nAPPRENANT UserID="0">0</nAPPRENANT><nPRESENCEDISTANCE UserID="0">0</nPRESENCEDISTANCE></ACCOMPAGNEMENT_GLOBAL><ACCOMPAGNEMENT_GLOBAL><nID>152</nID><nNOM UserID="0">103</nNOM><nTYPE UserID="0">2</nTYPE><nATTITUDE UserID="0">0</nATTITUDE><nACTION UserID="0">0</nACTION><tDESCRIPTIF UserID="0"/><nDUREE UserID="0">90</nDUREE><nGROUPE UserID="0">32</nGROUPE><nAPPRENANT UserID="0">0</nAPPRENANT><nPRESENCEDISTANCE UserID="0">0</nPRESENCEDISTANCE></ACCOMPAGNEMENT_GLOBAL></ACCOMPAGNEMENTS_GLOBAUX><nTYPE_OUTIL UserID="0">0</nTYPE_OUTIL><nOUTIL_SUBSTITUTION UserID="0">0</nOUTIL_SUBSTITUTION><tDESCRIPTION_UTILISATION UserID="0"/><tCOMMENTAIRE UserID="0"/></ACCOMPAGNEMENT_ACTIVITE><RESSOURCES_DOCS_ACTIVITE><RESSOURCES_PEDAGOGIQUES><RESSOURCE_PEDAGOGIQUE><nID>0</nID><tTITRE UserID="0">Choisir...</tTITRE><tDESCRIPTIF UserID="0"/><nTYPE UserID="0">0</nTYPE><tLIEN UserID="0"/></RESSOURCE_PEDAGOGIQUE></RESSOURCES_PEDAGOGIQUES><RESSOURCES_LOGISTIQUES><tADRESSE UserID="0"/><tDESCRIPTIF UserID="0"/><tLIEN UserID="0"/><nTYPE_SALLE UserID="0">0</nTYPE_SALLE><nNUMERO_SALLE UserID="0"/></RESSOURCES_LOGISTIQUES><tCOMMENTAIRE UserID="0"/></RESSOURCES_DOCS_ACTIVITE></PROPRIETES_ACTIVITES></ACTIVITE><ACTIVITE><JOURSPLANIFIES/><JPLANNING><nJOUR>5</nJOUR><nLIGNE>4</nLIGNE><nDUREE>9</nDUREE><nTOTAL_LIGNE>1</nTOTAL_LIGNE></JPLANNING><PROPRIETES_ACTIVITES><DESCRIPTIF_ACTIVITE><tTITRE UserID="0">cartographie</tTITRE><tOBJECTIF UserID="0">Etablir une cartographie des langues (caractéristiques, historique etc.)</tOBJECTIF><tDESCRIPTION UserID="0"/><nTYPE UserID="0">27</nTYPE><nCARACTERISTIQUE UserID="0">0</nCARACTERISTIQUE><nDUREEh UserID="0">2</nDUREEh><nDUREEmn UserID="0">0</nDUREEmn><nINDIVIDUELCOLLECTIF UserID="0">0</nINDIVIDUELCOLLECTIF><nLIEU_TRAVAIL UserID="0">2</nLIEU_TRAVAIL><tCOMMENTAIRE UserID="0"/></DESCRIPTIF_ACTIVITE><PRODUCTION_ACTIVITE><nRENDU UserID="0">0</nRENDU><tDESCRIPTION_PRODUCTION UserID="0"/><nDUREEh UserID="0">0</nDUREEh><nDUREEmn UserID="0">0</nDUREEmn><nOUTIL_ECHANGE UserID="0">0</nOUTIL_ECHANGE><nOUTIL_SUBSTITUTION UserID="0">0</nOUTIL_SUBSTITUTION><tDESCRIPTION_UTILISATION UserID="0"/><tCOMMENTAIRE UserID="0"/></PRODUCTION_ACTIVITE><ACCOMPAGNEMENT_ACTIVITE><ACCOMPAGNEMENTS_GLOBAUX><ACCOMPAGNEMENT_GLOBAL><nID>0</nID><nNOM UserID="0">0</nNOM><nTYPE UserID="0">0</nTYPE><nATTITUDE UserID="0">0</nATTITUDE><nACTION UserID="0">0</nACTION><tDESCRIPTIF UserID="0"/><nDUREE UserID="0">0</nDUREE><nGROUPE UserID="0">0</nGROUPE><nAPPRENANT UserID="0">0</nAPPRENANT><nPRESENCEDISTANCE UserID="0">0</nPRESENCEDISTANCE></ACCOMPAGNEMENT_GLOBAL></ACCOMPAGNEMENTS_GLOBAUX><nTYPE_OUTIL UserID="0">0</nTYPE_OUTIL><nOUTIL_SUBSTITUTION UserID="0">0</nOUTIL_SUBSTITUTION><tDESCRIPTION_UTILISATION UserID="0"/><tCOMMENTAIRE UserID="0"/></ACCOMPAGNEMENT_ACTIVITE><RESSOURCES_DOCS_ACTIVITE><RESSOURCES_PEDAGOGIQUES><RESSOURCE_PEDAGOGIQUE><nID>0</nID><tTITRE UserID="0">Choisir...</tTITRE><tDESCRIPTIF UserID="0"/><nTYPE UserID="0">0</nTYPE><tLIEN UserID="0"/></RESSOURCE_PEDAGOGIQUE></RESSOURCES_PEDAGOGIQUES><RESSOURCES_LOGISTIQUES><tADRESSE UserID="0"/><tDESCRIPTIF UserID="0"/><tLIEN UserID="0"/><nTYPE_SALLE UserID="0">0</nTYPE_SALLE><nNUMERO_SALLE UserID="0"/></RESSOURCES_LOGISTIQUES><tCOMMENTAIRE UserID="0"/></RESSOURCES_DOCS_ACTIVITE></PROPRIETES_ACTIVITES></ACTIVITE><ACTIVITE><JOURSPLANIFIES><JOURPLANIFIE><nJOUR>1185806489384</nJOUR><nMINUTE>360</nMINUTE><nDUREE_MINUTE>15</nDUREE_MINUTE></JOURPLANIFIE></JOURSPLANIFIES><JPLANNING><nJOUR>87</nJOUR><nLIGNE>4</nLIGNE><nDUREE>13</nDUREE><nTOTAL_LIGNE>1</nTOTAL_LIGNE></JPLANNING><PROPRIETES_ACTIVITES><DESCRIPTIF_ACTIVITE><tTITRE UserID="0">Etude de comportement</tTITRE><tOBJECTIF UserID="0">Proposer une stratégie de communication en vue d'optimiser votre action dans le cadre de l'entreprise lambda.</tOBJECTIF><tDESCRIPTION UserID="0"/><nTYPE UserID="0">21</nTYPE><nCARACTERISTIQUE UserID="0">0</nCARACTERISTIQUE><nDUREEh UserID="0">2</nDUREEh><nDUREEmn UserID="0">0</nDUREEmn><nINDIVIDUELCOLLECTIF UserID="0">30</nINDIVIDUELCOLLECTIF><nLIEU_TRAVAIL UserID="0">0</nLIEU_TRAVAIL><tCOMMENTAIRE UserID="0"/></DESCRIPTIF_ACTIVITE><PRODUCTION_ACTIVITE><nRENDU UserID="0">1</nRENDU><tDESCRIPTION_PRODUCTION UserID="0"/><nDUREEh UserID="0">1</nDUREEh><nDUREEmn UserID="0">30</nDUREEmn><nOUTIL_ECHANGE UserID="0">0</nOUTIL_ECHANGE><nOUTIL_SUBSTITUTION UserID="0">0</nOUTIL_SUBSTITUTION><tDESCRIPTION_UTILISATION UserID="0"/><tCOMMENTAIRE UserID="0"/></PRODUCTION_ACTIVITE><ACCOMPAGNEMENT_ACTIVITE><ACCOMPAGNEMENTS_GLOBAUX><ACCOMPAGNEMENT_GLOBAL><nID>0</nID><nNOM UserID="0">0</nNOM><nTYPE UserID="0">0</nTYPE><nATTITUDE UserID="0">0</nATTITUDE><nACTION UserID="0">0</nACTION><tDESCRIPTIF UserID="0"/><nDUREE UserID="0">0</nDUREE><nGROUPE UserID="0">0</nGROUPE><nAPPRENANT UserID="0">0</nAPPRENANT><nPRESENCEDISTANCE UserID="0">0</nPRESENCEDISTANCE></ACCOMPAGNEMENT_GLOBAL><ACCOMPAGNEMENT_GLOBAL><nID>156</nID><nNOM UserID="0">104</nNOM><nTYPE UserID="0">0</nTYPE><nATTITUDE UserID="0">0</nATTITUDE><nACTION UserID="0">0</nACTION><tDESCRIPTIF UserID="0"/><nDUREE UserID="0">15</nDUREE><nGROUPE UserID="0">0</nGROUPE><nAPPRENANT UserID="0">5</nAPPRENANT><nPRESENCEDISTANCE UserID="0">1</nPRESENCEDISTANCE></ACCOMPAGNEMENT_GLOBAL></ACCOMPAGNEMENTS_GLOBAUX><nTYPE_OUTIL UserID="0">14</nTYPE_OUTIL><nOUTIL_SUBSTITUTION UserID="0">0</nOUTIL_SUBSTITUTION><tDESCRIPTION_UTILISATION UserID="0"/><tCOMMENTAIRE UserID="0"/></ACCOMPAGNEMENT_ACTIVITE><RESSOURCES_DOCS_ACTIVITE><RESSOURCES_PEDAGOGIQUES><RESSOURCE_PEDAGOGIQUE><nID>0</nID><tTITRE UserID="0">Choisir...</tTITRE><tDESCRIPTIF UserID="0"/><nTYPE UserID="0">0</nTYPE><tLIEN UserID="0"/></RESSOURCE_PEDAGOGIQUE></RESSOURCES_PEDAGOGIQUES><RESSOURCES_LOGISTIQUES><tADRESSE UserID="0"/><tDESCRIPTIF UserID="0"/><tLIEN UserID="0"/><nTYPE_SALLE UserID="0">0</nTYPE_SALLE><nNUMERO_SALLE UserID="0"/></RESSOURCES_LOGISTIQUES><tCOMMENTAIRE UserID="0"/></RESSOURCES_DOCS_ACTIVITE></PROPRIETES_ACTIVITES></ACTIVITE><ACTIVITE><JOURSPLANIFIES/><JPLANNING><nJOUR>115</nJOUR><nLIGNE>3</nLIGNE><nDUREE>18</nDUREE><nTOTAL_LIGNE>1</nTOTAL_LIGNE></JPLANNING><PROPRIETES_ACTIVITES><DESCRIPTIF_ACTIVITE><tTITRE UserID="0">Enjeux et  moyens de communication</tTITRE><tOBJECTIF UserID="0">Etre sensibiliser aux enjeux et être à même de mettre en correspondance les moyens de communication adequats (analyse ses sites z et w)</tOBJECTIF><tDESCRIPTION UserID="0"/><nTYPE UserID="0">19</nTYPE><nCARACTERISTIQUE UserID="0">0</nCARACTERISTIQUE><nDUREEh UserID="0">3</nDUREEh><nDUREEmn UserID="0">0</nDUREEmn><nINDIVIDUELCOLLECTIF UserID="0">28</nINDIVIDUELCOLLECTIF><nLIEU_TRAVAIL UserID="0">0</nLIEU_TRAVAIL><tCOMMENTAIRE UserID="0"/></DESCRIPTIF_ACTIVITE><PRODUCTION_ACTIVITE><nRENDU UserID="0">0</nRENDU><tDESCRIPTION_PRODUCTION UserID="0"/><nDUREEh UserID="0">0</nDUREEh><nDUREEmn UserID="0">0</nDUREEmn><nOUTIL_ECHANGE UserID="0">0</nOUTIL_ECHANGE><nOUTIL_SUBSTITUTION UserID="0">0</nOUTIL_SUBSTITUTION><tDESCRIPTION_UTILISATION UserID="0"/><tCOMMENTAIRE UserID="0"/></PRODUCTION_ACTIVITE><ACCOMPAGNEMENT_ACTIVITE><ACCOMPAGNEMENTS_GLOBAUX><ACCOMPAGNEMENT_GLOBAL><nID>0</nID><nNOM UserID="0">0</nNOM><nTYPE UserID="0">0</nTYPE><nATTITUDE UserID="0">0</nATTITUDE><nACTION UserID="0">0</nACTION><tDESCRIPTIF UserID="0"/><nDUREE UserID="0">0</nDUREE><nGROUPE UserID="0">0</nGROUPE><nAPPRENANT UserID="0">0</nAPPRENANT><nPRESENCEDISTANCE UserID="0">0</nPRESENCEDISTANCE></ACCOMPAGNEMENT_GLOBAL><ACCOMPAGNEMENT_GLOBAL><nID>151</nID><nNOM UserID="0">104</nNOM><nTYPE UserID="0">2</nTYPE><nATTITUDE UserID="0">0</nATTITUDE><nACTION UserID="0">0</nACTION><tDESCRIPTIF UserID="0"/><nDUREE UserID="0">60</nDUREE><nGROUPE UserID="0">32</nGROUPE><nAPPRENANT UserID="0">0</nAPPRENANT><nPRESENCEDISTANCE UserID="0">1</nPRESENCEDISTANCE></ACCOMPAGNEMENT_GLOBAL></ACCOMPAGNEMENTS_GLOBAUX><nTYPE_OUTIL UserID="0">17</nTYPE_OUTIL><nOUTIL_SUBSTITUTION UserID="0">0</nOUTIL_SUBSTITUTION><tDESCRIPTION_UTILISATION UserID="0"/><tCOMMENTAIRE UserID="0"/></ACCOMPAGNEMENT_ACTIVITE><RESSOURCES_DOCS_ACTIVITE><RESSOURCES_PEDAGOGIQUES><RESSOURCE_PEDAGOGIQUE><nID>0</nID><tTITRE UserID="0">Choisir...</tTITRE><tDESCRIPTIF UserID="0"/><nTYPE UserID="0">0</nTYPE><tLIEN UserID="0"/></RESSOURCE_PEDAGOGIQUE><RESSOURCE_PEDAGOGIQUE><nID>154</nID><tTITRE UserID="0">site de y</tTITRE><tDESCRIPTIF UserID="0"/><nTYPE UserID="0">0</nTYPE><tLIEN UserID="0"/></RESSOURCE_PEDAGOGIQUE><RESSOURCE_PEDAGOGIQUE><nID>155</nID><tTITRE UserID="0">site de z</tTITRE><tDESCRIPTIF UserID="0"/><nTYPE UserID="0">0</nTYPE><tLIEN UserID="0"/></RESSOURCE_PEDAGOGIQUE></RESSOURCES_PEDAGOGIQUES><RESSOURCES_LOGISTIQUES><tADRESSE UserID="0"/><tDESCRIPTIF UserID="0"/><tLIEN UserID="0"/><nTYPE_SALLE UserID="0">0</nTYPE_SALLE><nNUMERO_SALLE UserID="0"/></RESSOURCES_LOGISTIQUES><tCOMMENTAIRE UserID="0"/></RESSOURCES_DOCS_ACTIVITE></PROPRIETES_ACTIVITES></ACTIVITE><ACTIVITE><JOURSPLANIFIES/><JPLANNING><nJOUR>44</nJOUR><nLIGNE>3</nLIGNE><nDUREE>2</nDUREE><nTOTAL_LIGNE>1</nTOTAL_LIGNE></JPLANNING><PROPRIETES_ACTIVITES><DESCRIPTIF_ACTIVITE><tTITRE UserID="0">Atelier d'écriture</tTITRE><tOBJECTIF UserID="0"/><tDESCRIPTION UserID="0"/><nTYPE UserID="0">21</nTYPE><nCARACTERISTIQUE UserID="0">0</nCARACTERISTIQUE><nDUREEh UserID="0">2</nDUREEh><nDUREEmn UserID="0">0</nDUREEmn><nINDIVIDUELCOLLECTIF UserID="0">30</nINDIVIDUELCOLLECTIF><nLIEU_TRAVAIL UserID="0">0</nLIEU_TRAVAIL><tCOMMENTAIRE UserID="0"/></DESCRIPTIF_ACTIVITE><PRODUCTION_ACTIVITE><nRENDU UserID="0">0</nRENDU><tDESCRIPTION_PRODUCTION UserID="0"/><nDUREEh UserID="0">0</nDUREEh><nDUREEmn UserID="0">0</nDUREEmn><nOUTIL_ECHANGE UserID="0">0</nOUTIL_ECHANGE><nOUTIL_SUBSTITUTION UserID="0">0</nOUTIL_SUBSTITUTION><tDESCRIPTION_UTILISATION UserID="0"/><tCOMMENTAIRE UserID="0"/></PRODUCTION_ACTIVITE><ACCOMPAGNEMENT_ACTIVITE><ACCOMPAGNEMENTS_GLOBAUX><ACCOMPAGNEMENT_GLOBAL><nID>0</nID><nNOM UserID="0">0</nNOM><nTYPE UserID="0">0</nTYPE><nATTITUDE UserID="0">0</nATTITUDE><nACTION UserID="0">0</nACTION><tDESCRIPTIF UserID="0"/><nDUREE UserID="0">0</nDUREE><nGROUPE UserID="0">0</nGROUPE><nAPPRENANT UserID="0">0</nAPPRENANT><nPRESENCEDISTANCE UserID="0">0</nPRESENCEDISTANCE></ACCOMPAGNEMENT_GLOBAL><ACCOMPAGNEMENT_GLOBAL><nID>157</nID><nNOM UserID="0">104</nNOM><nTYPE UserID="0">0</nTYPE><nATTITUDE UserID="0">0</nATTITUDE><nACTION UserID="0">0</nACTION><tDESCRIPTIF UserID="0"/><nDUREE UserID="0">15</nDUREE><nGROUPE UserID="0">0</nGROUPE><nAPPRENANT UserID="0">5</nAPPRENANT><nPRESENCEDISTANCE UserID="0">1</nPRESENCEDISTANCE></ACCOMPAGNEMENT_GLOBAL></ACCOMPAGNEMENTS_GLOBAUX><nTYPE_OUTIL UserID="0">14</nTYPE_OUTIL><nOUTIL_SUBSTITUTION UserID="0">0</nOUTIL_SUBSTITUTION><tDESCRIPTION_UTILISATION UserID="0"/><tCOMMENTAIRE UserID="0"/></ACCOMPAGNEMENT_ACTIVITE><RESSOURCES_DOCS_ACTIVITE><RESSOURCES_PEDAGOGIQUES><RESSOURCE_PEDAGOGIQUE><nID>0</nID><tTITRE UserID="0">Choisir...</tTITRE><tDESCRIPTIF UserID="0"/><nTYPE UserID="0">0</nTYPE><tLIEN UserID="0"/></RESSOURCE_PEDAGOGIQUE></RESSOURCES_PEDAGOGIQUES><RESSOURCES_LOGISTIQUES><tADRESSE UserID="0"/><tDESCRIPTIF UserID="0"/><tLIEN UserID="0"/><nTYPE_SALLE UserID="0">0</nTYPE_SALLE><nNUMERO_SALLE UserID="0"/></RESSOURCES_LOGISTIQUES><tCOMMENTAIRE UserID="0"/></RESSOURCES_DOCS_ACTIVITE></PROPRIETES_ACTIVITES></ACTIVITE></ACTIVITES></SEQUENCE><SEQUENCE><JPLANNING><nJOUR>4</nJOUR><nLIGNE>2</nLIGNE><nDUREE>143</nDUREE><nTOTAL_LIGNE>5</nTOTAL_LIGNE></JPLANNING><PROPRIETES_SEQUENCE><DESCRIPTIF_SEQUENCE><tTITRE UserID="0">Séminaire d'ouverture</tTITRE><tOBJECTIF UserID="0">Connaître les domaines professionnels liée à la communication et aux médias</tOBJECTIF><tDESCRIPTION UserID="0"/><tCOMMENTAIRE UserID="0"/></DESCRIPTIF_SEQUENCE></PROPRIETES_SEQUENCE><ACTIVITES><ACTIVITE><JOURSPLANIFIES><JOURPLANIFIE><nJOUR>1181572889384</nJOUR><nMINUTE>375</nMINUTE><nDUREE_MINUTE>15</nDUREE_MINUTE></JOURPLANIFIE></JOURSPLANIFIES><JPLANNING><nJOUR>1</nJOUR><nLIGNE>2</nLIGNE><nDUREE>1</nDUREE><nTOTAL_LIGNE>1</nTOTAL_LIGNE></JPLANNING><PROPRIETES_ACTIVITES><DESCRIPTIF_ACTIVITE><tTITRE UserID="0">Mode de fonctionnement du séminaire</tTITRE><tOBJECTIF UserID="0">Prendre connaissance du mode de fonctionnement du séminaire</tOBJECTIF><tDESCRIPTION UserID="0"/><nTYPE UserID="0">27</nTYPE><nCARACTERISTIQUE UserID="0">0</nCARACTERISTIQUE><nDUREEh UserID="0">0</nDUREEh><nDUREEmn UserID="0">45</nDUREEmn><nINDIVIDUELCOLLECTIF UserID="0">31</nINDIVIDUELCOLLECTIF><nLIEU_TRAVAIL UserID="0">2</nLIEU_TRAVAIL><tCOMMENTAIRE UserID="0"/></DESCRIPTIF_ACTIVITE><PRODUCTION_ACTIVITE><nRENDU UserID="0">0</nRENDU><tDESCRIPTION_PRODUCTION UserID="0"/><nDUREEh UserID="0">0</nDUREEh><nDUREEmn UserID="0">0</nDUREEmn><nOUTIL_ECHANGE UserID="0">0</nOUTIL_ECHANGE><nOUTIL_SUBSTITUTION UserID="0">0</nOUTIL_SUBSTITUTION><tDESCRIPTION_UTILISATION UserID="0"/><tCOMMENTAIRE UserID="0"/></PRODUCTION_ACTIVITE><ACCOMPAGNEMENT_ACTIVITE><ACCOMPAGNEMENTS_GLOBAUX><ACCOMPAGNEMENT_GLOBAL><nID>0</nID><nNOM UserID="0">0</nNOM><nTYPE UserID="0">0</nTYPE><nATTITUDE UserID="0">0</nATTITUDE><nACTION UserID="0">0</nACTION><tDESCRIPTIF UserID="0"/><nDUREE UserID="0">0</nDUREE><nGROUPE UserID="0">0</nGROUPE><nAPPRENANT UserID="0">0</nAPPRENANT><nPRESENCEDISTANCE UserID="0">0</nPRESENCEDISTANCE></ACCOMPAGNEMENT_GLOBAL><ACCOMPAGNEMENT_GLOBAL><nID>148</nID><nNOM UserID="0">103</nNOM><nTYPE UserID="0">7</nTYPE><nATTITUDE UserID="0">0</nATTITUDE><nACTION UserID="0">0</nACTION><tDESCRIPTIF UserID="0"/><nDUREE UserID="0">45</nDUREE><nGROUPE UserID="0">32</nGROUPE><nAPPRENANT UserID="0">0</nAPPRENANT><nPRESENCEDISTANCE UserID="0">0</nPRESENCEDISTANCE></ACCOMPAGNEMENT_GLOBAL></ACCOMPAGNEMENTS_GLOBAUX><nTYPE_OUTIL UserID="0">0</nTYPE_OUTIL><nOUTIL_SUBSTITUTION UserID="0">0</nOUTIL_SUBSTITUTION><tDESCRIPTION_UTILISATION UserID="0"/><tCOMMENTAIRE UserID="0"/></ACCOMPAGNEMENT_ACTIVITE><RESSOURCES_DOCS_ACTIVITE><RESSOURCES_PEDAGOGIQUES><RESSOURCE_PEDAGOGIQUE><nID>0</nID><tTITRE UserID="0">Choisir...</tTITRE><tDESCRIPTIF UserID="0"/><nTYPE UserID="0">0</nTYPE><tLIEN UserID="0"/></RESSOURCE_PEDAGOGIQUE></RESSOURCES_PEDAGOGIQUES><RESSOURCES_LOGISTIQUES><tADRESSE UserID="0"/><tDESCRIPTIF UserID="0"/><tLIEN UserID="0"/><nTYPE_SALLE UserID="0">0</nTYPE_SALLE><nNUMERO_SALLE UserID="0"/></RESSOURCES_LOGISTIQUES><tCOMMENTAIRE UserID="0"/></RESSOURCES_DOCS_ACTIVITE></PROPRIETES_ACTIVITES></ACTIVITE><ACTIVITE><JOURSPLANIFIES><JOURPLANIFIE><nJOUR>1181572889384</nJOUR><nMINUTE>390</nMINUTE><nDUREE_MINUTE>15</nDUREE_MINUTE></JOURPLANIFIE></JOURSPLANIFIES><JPLANNING><nJOUR>1</nJOUR><nLIGNE>4</nLIGNE><nDUREE>1</nDUREE><nTOTAL_LIGNE>1</nTOTAL_LIGNE></JPLANNING><PROPRIETES_ACTIVITES><DESCRIPTIF_ACTIVITE><tTITRE UserID="0">Thématique 1</tTITRE><tOBJECTIF UserID="0">Appréhender le domaine de la danse contemporaine au travers l'expérience de A.</tOBJECTIF><tDESCRIPTION UserID="0"/><nTYPE UserID="0">27</nTYPE><nCARACTERISTIQUE UserID="0">0</nCARACTERISTIQUE><nDUREEh UserID="0">2</nDUREEh><nDUREEmn UserID="0">30</nDUREEmn><nINDIVIDUELCOLLECTIF UserID="0">31</nINDIVIDUELCOLLECTIF><nLIEU_TRAVAIL UserID="0">2</nLIEU_TRAVAIL><tCOMMENTAIRE UserID="0"/></DESCRIPTIF_ACTIVITE><PRODUCTION_ACTIVITE><nRENDU UserID="0">0</nRENDU><tDESCRIPTION_PRODUCTION UserID="0"/><nDUREEh UserID="0">0</nDUREEh><nDUREEmn UserID="0">0</nDUREEmn><nOUTIL_ECHANGE UserID="0">0</nOUTIL_ECHANGE><nOUTIL_SUBSTITUTION UserID="0">0</nOUTIL_SUBSTITUTION><tDESCRIPTION_UTILISATION UserID="0"/><tCOMMENTAIRE UserID="0"/></PRODUCTION_ACTIVITE><ACCOMPAGNEMENT_ACTIVITE><ACCOMPAGNEMENTS_GLOBAUX><ACCOMPAGNEMENT_GLOBAL><nID>0</nID><nNOM UserID="0">0</nNOM><nTYPE UserID="0">0</nTYPE><nATTITUDE UserID="0">0</nATTITUDE><nACTION UserID="0">0</nACTION><tDESCRIPTIF UserID="0"/><nDUREE UserID="0">0</nDUREE><nGROUPE UserID="0">0</nGROUPE><nAPPRENANT UserID="0">0</nAPPRENANT><nPRESENCEDISTANCE UserID="0">0</nPRESENCEDISTANCE></ACCOMPAGNEMENT_GLOBAL><ACCOMPAGNEMENT_GLOBAL><nID>143</nID><nNOM UserID="0">140</nNOM><nTYPE UserID="0">4</nTYPE><nATTITUDE UserID="0">0</nATTITUDE><nACTION UserID="0">0</nACTION><tDESCRIPTIF UserID="0"/><nDUREE UserID="0">120</nDUREE><nGROUPE UserID="0">32</nGROUPE><nAPPRENANT UserID="0">0</nAPPRENANT><nPRESENCEDISTANCE UserID="0">0</nPRESENCEDISTANCE></ACCOMPAGNEMENT_GLOBAL></ACCOMPAGNEMENTS_GLOBAUX><nTYPE_OUTIL UserID="0">0</nTYPE_OUTIL><nOUTIL_SUBSTITUTION UserID="0">0</nOUTIL_SUBSTITUTION><tDESCRIPTION_UTILISATION UserID="0"/><tCOMMENTAIRE UserID="0"/></ACCOMPAGNEMENT_ACTIVITE><RESSOURCES_DOCS_ACTIVITE><RESSOURCES_PEDAGOGIQUES><RESSOURCE_PEDAGOGIQUE><nID>0</nID><tTITRE UserID="0">Choisir...</tTITRE><tDESCRIPTIF UserID="0"/><nTYPE UserID="0">0</nTYPE><tLIEN UserID="0"/></RESSOURCE_PEDAGOGIQUE></RESSOURCES_PEDAGOGIQUES><RESSOURCES_LOGISTIQUES><tADRESSE UserID="0"/><tDESCRIPTIF UserID="0"/><tLIEN UserID="0"/><nTYPE_SALLE UserID="0">0</nTYPE_SALLE><nNUMERO_SALLE UserID="0"/></RESSOURCES_LOGISTIQUES><tCOMMENTAIRE UserID="0"/></RESSOURCES_DOCS_ACTIVITE></PROPRIETES_ACTIVITES></ACTIVITE><ACTIVITE><JOURSPLANIFIES/><JPLANNING><nJOUR>16</nJOUR><nLIGNE>3</nLIGNE><nDUREE>13</nDUREE><nTOTAL_LIGNE>1</nTOTAL_LIGNE></JPLANNING><PROPRIETES_ACTIVITES><DESCRIPTIF_ACTIVITE><tTITRE UserID="0">Préparation Thématique 2</tTITRE><tOBJECTIF UserID="0">Faire une recherche sur le domaine Thématique 2 et préparer des questions</tOBJECTIF><tDESCRIPTION UserID="0"/><nTYPE UserID="0">24</nTYPE><nCARACTERISTIQUE UserID="0">0</nCARACTERISTIQUE><nDUREEh UserID="0">1</nDUREEh><nDUREEmn UserID="0">0</nDUREEmn><nINDIVIDUELCOLLECTIF UserID="0">28</nINDIVIDUELCOLLECTIF><nLIEU_TRAVAIL UserID="0">0</nLIEU_TRAVAIL><tCOMMENTAIRE UserID="0"/></DESCRIPTIF_ACTIVITE><PRODUCTION_ACTIVITE><nRENDU UserID="0">0</nRENDU><tDESCRIPTION_PRODUCTION UserID="0">questions</tDESCRIPTION_PRODUCTION><nDUREEh UserID="0">0</nDUREEh><nDUREEmn UserID="0">0</nDUREEmn><nOUTIL_ECHANGE UserID="0">0</nOUTIL_ECHANGE><nOUTIL_SUBSTITUTION UserID="0">0</nOUTIL_SUBSTITUTION><tDESCRIPTION_UTILISATION UserID="0"/><tCOMMENTAIRE UserID="0"/></PRODUCTION_ACTIVITE><ACCOMPAGNEMENT_ACTIVITE><ACCOMPAGNEMENTS_GLOBAUX><ACCOMPAGNEMENT_GLOBAL><nID>0</nID><nNOM UserID="0">0</nNOM><nTYPE UserID="0">0</nTYPE><nATTITUDE UserID="0">0</nATTITUDE><nACTION UserID="0">0</nACTION><tDESCRIPTIF UserID="0"/><nDUREE UserID="0">0</nDUREE><nGROUPE UserID="0">0</nGROUPE><nAPPRENANT UserID="0">0</nAPPRENANT><nPRESENCEDISTANCE UserID="0">0</nPRESENCEDISTANCE></ACCOMPAGNEMENT_GLOBAL></ACCOMPAGNEMENTS_GLOBAUX><nTYPE_OUTIL UserID="0">0</nTYPE_OUTIL><nOUTIL_SUBSTITUTION UserID="0">0</nOUTIL_SUBSTITUTION><tDESCRIPTION_UTILISATION UserID="0"/><tCOMMENTAIRE UserID="0"/></ACCOMPAGNEMENT_ACTIVITE><RESSOURCES_DOCS_ACTIVITE><RESSOURCES_PEDAGOGIQUES><RESSOURCE_PEDAGOGIQUE><nID>0</nID><tTITRE UserID="0">Choisir...</tTITRE><tDESCRIPTIF UserID="0"/><nTYPE UserID="0">0</nTYPE><tLIEN UserID="0"/></RESSOURCE_PEDAGOGIQUE></RESSOURCES_PEDAGOGIQUES><RESSOURCES_LOGISTIQUES><tADRESSE UserID="0"/><tDESCRIPTIF UserID="0"/><tLIEN UserID="0"/><nTYPE_SALLE UserID="0">0</nTYPE_SALLE><nNUMERO_SALLE UserID="0"/></RESSOURCES_LOGISTIQUES><tCOMMENTAIRE UserID="0"/></RESSOURCES_DOCS_ACTIVITE></PROPRIETES_ACTIVITES></ACTIVITE><ACTIVITE><JOURSPLANIFIES/><JPLANNING><nJOUR>29</nJOUR><nLIGNE>5</nLIGNE><nDUREE>1</nDUREE><nTOTAL_LIGNE>1</nTOTAL_LIGNE></JPLANNING><PROPRIETES_ACTIVITES><DESCRIPTIF_ACTIVITE><tTITRE UserID="0">Thématique 2</tTITRE><tOBJECTIF UserID="0">Appréhender le cadre professionnel médias grand public au travers l'expérience de B.</tOBJECTIF><tDESCRIPTION UserID="0"/><nTYPE UserID="0">27</nTYPE><nCARACTERISTIQUE UserID="0">0</nCARACTERISTIQUE><nDUREEh UserID="0">2</nDUREEh><nDUREEmn UserID="0">0</nDUREEmn><nINDIVIDUELCOLLECTIF UserID="0">31</nINDIVIDUELCOLLECTIF><nLIEU_TRAVAIL UserID="0">2</nLIEU_TRAVAIL><tCOMMENTAIRE UserID="0"/></DESCRIPTIF_ACTIVITE><PRODUCTION_ACTIVITE><nRENDU UserID="0">0</nRENDU><tDESCRIPTION_PRODUCTION UserID="0"/><nDUREEh UserID="0">0</nDUREEh><nDUREEmn UserID="0">0</nDUREEmn><nOUTIL_ECHANGE UserID="0">0</nOUTIL_ECHANGE><nOUTIL_SUBSTITUTION UserID="0">0</nOUTIL_SUBSTITUTION><tDESCRIPTION_UTILISATION UserID="0"/><tCOMMENTAIRE UserID="0"/></PRODUCTION_ACTIVITE><ACCOMPAGNEMENT_ACTIVITE><ACCOMPAGNEMENTS_GLOBAUX><ACCOMPAGNEMENT_GLOBAL><nID>0</nID><nNOM UserID="0">0</nNOM><nTYPE UserID="0">0</nTYPE><nATTITUDE UserID="0">0</nATTITUDE><nACTION UserID="0">0</nACTION><tDESCRIPTIF UserID="0"/><nDUREE UserID="0">0</nDUREE><nGROUPE UserID="0">0</nGROUPE><nAPPRENANT UserID="0">0</nAPPRENANT><nPRESENCEDISTANCE UserID="0">0</nPRESENCEDISTANCE></ACCOMPAGNEMENT_GLOBAL><ACCOMPAGNEMENT_GLOBAL><nID>144</nID><nNOM UserID="0">140</nNOM><nTYPE UserID="0">0</nTYPE><nATTITUDE UserID="0">0</nATTITUDE><nACTION UserID="0">0</nACTION><tDESCRIPTIF UserID="0"/><nDUREE UserID="0">120</nDUREE><nGROUPE UserID="0">32</nGROUPE><nAPPRENANT UserID="0">0</nAPPRENANT><nPRESENCEDISTANCE UserID="0">0</nPRESENCEDISTANCE></ACCOMPAGNEMENT_GLOBAL></ACCOMPAGNEMENTS_GLOBAUX><nTYPE_OUTIL UserID="0">0</nTYPE_OUTIL><nOUTIL_SUBSTITUTION UserID="0">0</nOUTIL_SUBSTITUTION><tDESCRIPTION_UTILISATION UserID="0"/><tCOMMENTAIRE UserID="0"/></ACCOMPAGNEMENT_ACTIVITE><RESSOURCES_DOCS_ACTIVITE><RESSOURCES_PEDAGOGIQUES><RESSOURCE_PEDAGOGIQUE><nID>0</nID><tTITRE UserID="0">Choisir...</tTITRE><tDESCRIPTIF UserID="0"/><nTYPE UserID="0">0</nTYPE><tLIEN UserID="0"/></RESSOURCE_PEDAGOGIQUE></RESSOURCES_PEDAGOGIQUES><RESSOURCES_LOGISTIQUES><tADRESSE UserID="0"/><tDESCRIPTIF UserID="0"/><tLIEN UserID="0"/><nTYPE_SALLE UserID="0">0</nTYPE_SALLE><nNUMERO_SALLE UserID="0"/></RESSOURCES_LOGISTIQUES><tCOMMENTAIRE UserID="0"/></RESSOURCES_DOCS_ACTIVITE></PROPRIETES_ACTIVITES></ACTIVITE><ACTIVITE><JOURSPLANIFIES/><JPLANNING><nJOUR>43</nJOUR><nLIGNE>5</nLIGNE><nDUREE>13</nDUREE><nTOTAL_LIGNE>1</nTOTAL_LIGNE></JPLANNING><PROPRIETES_ACTIVITES><DESCRIPTIF_ACTIVITE><tTITRE UserID="0">Préparation Thématique 3</tTITRE><tOBJECTIF UserID="0">Faire une recherche sur le domaine Thématique 3 et préparer des questions</tOBJECTIF><tDESCRIPTION UserID="0"/><nTYPE UserID="0">24</nTYPE><nCARACTERISTIQUE UserID="0">0</nCARACTERISTIQUE><nDUREEh UserID="0">1</nDUREEh><nDUREEmn UserID="0">0</nDUREEmn><nINDIVIDUELCOLLECTIF UserID="0">28</nINDIVIDUELCOLLECTIF><nLIEU_TRAVAIL UserID="0">0</nLIEU_TRAVAIL><tCOMMENTAIRE UserID="0"/></DESCRIPTIF_ACTIVITE><PRODUCTION_ACTIVITE><nRENDU UserID="0">0</nRENDU><tDESCRIPTION_PRODUCTION UserID="0">questions</tDESCRIPTION_PRODUCTION><nDUREEh UserID="0">0</nDUREEh><nDUREEmn UserID="0">0</nDUREEmn><nOUTIL_ECHANGE UserID="0">0</nOUTIL_ECHANGE><nOUTIL_SUBSTITUTION UserID="0">0</nOUTIL_SUBSTITUTION><tDESCRIPTION_UTILISATION UserID="0"/><tCOMMENTAIRE UserID="0"/></PRODUCTION_ACTIVITE><ACCOMPAGNEMENT_ACTIVITE><ACCOMPAGNEMENTS_GLOBAUX><ACCOMPAGNEMENT_GLOBAL><nID>0</nID><nNOM UserID="0">0</nNOM><nTYPE UserID="0">0</nTYPE><nATTITUDE UserID="0">0</nATTITUDE><nACTION UserID="0">0</nACTION><tDESCRIPTIF UserID="0"/><nDUREE UserID="0">0</nDUREE><nGROUPE UserID="0">0</nGROUPE><nAPPRENANT UserID="0">0</nAPPRENANT><nPRESENCEDISTANCE UserID="0">0</nPRESENCEDISTANCE></ACCOMPAGNEMENT_GLOBAL></ACCOMPAGNEMENTS_GLOBAUX><nTYPE_OUTIL UserID="0">0</nTYPE_OUTIL><nOUTIL_SUBSTITUTION UserID="0">0</nOUTIL_SUBSTITUTION><tDESCRIPTION_UTILISATION UserID="0"/><tCOMMENTAIRE UserID="0"/></ACCOMPAGNEMENT_ACTIVITE><RESSOURCES_DOCS_ACTIVITE><RESSOURCES_PEDAGOGIQUES><RESSOURCE_PEDAGOGIQUE><nID>0</nID><tTITRE UserID="0">Choisir...</tTITRE><tDESCRIPTIF UserID="0"/><nTYPE UserID="0">0</nTYPE><tLIEN UserID="0"/></RESSOURCE_PEDAGOGIQUE></RESSOURCES_PEDAGOGIQUES><RESSOURCES_LOGISTIQUES><tADRESSE UserID="0"/><tDESCRIPTIF UserID="0"/><tLIEN UserID="0"/><nTYPE_SALLE UserID="0">0</nTYPE_SALLE><nNUMERO_SALLE UserID="0"/></RESSOURCES_LOGISTIQUES><tCOMMENTAIRE UserID="0"/></RESSOURCES_DOCS_ACTIVITE></PROPRIETES_ACTIVITES></ACTIVITE><ACTIVITE><JOURSPLANIFIES/><JPLANNING><nJOUR>57</nJOUR><nLIGNE>5</nLIGNE><nDUREE>1</nDUREE><nTOTAL_LIGNE>1</nTOTAL_LIGNE></JPLANNING><PROPRIETES_ACTIVITES><DESCRIPTIF_ACTIVITE><tTITRE UserID="0">Thématique 3</tTITRE><tOBJECTIF UserID="0">Appréhender le cadre professionnel des médias au sein de l'entreprise  au travers l'expérience de C</tOBJECTIF><tDESCRIPTION UserID="0"/><nTYPE UserID="0">27</nTYPE><nCARACTERISTIQUE UserID="0">0</nCARACTERISTIQUE><nDUREEh UserID="0">2</nDUREEh><nDUREEmn UserID="0">30</nDUREEmn><nINDIVIDUELCOLLECTIF UserID="0">31</nINDIVIDUELCOLLECTIF><nLIEU_TRAVAIL UserID="0">2</nLIEU_TRAVAIL><tCOMMENTAIRE UserID="0"/></DESCRIPTIF_ACTIVITE><PRODUCTION_ACTIVITE><nRENDU UserID="0">0</nRENDU><tDESCRIPTION_PRODUCTION UserID="0"/><nDUREEh UserID="0">0</nDUREEh><nDUREEmn UserID="0">0</nDUREEmn><nOUTIL_ECHANGE UserID="0">0</nOUTIL_ECHANGE><nOUTIL_SUBSTITUTION UserID="0">0</nOUTIL_SUBSTITUTION><tDESCRIPTION_UTILISATION UserID="0"/><tCOMMENTAIRE UserID="0"/></PRODUCTION_ACTIVITE><ACCOMPAGNEMENT_ACTIVITE><ACCOMPAGNEMENTS_GLOBAUX><ACCOMPAGNEMENT_GLOBAL><nID>0</nID><nNOM UserID="0">0</nNOM><nTYPE UserID="0">0</nTYPE><nATTITUDE UserID="0">0</nATTITUDE><nACTION UserID="0">0</nACTION><tDESCRIPTIF UserID="0"/><nDUREE UserID="0">0</nDUREE><nGROUPE UserID="0">0</nGROUPE><nAPPRENANT UserID="0">0</nAPPRENANT><nPRESENCEDISTANCE UserID="0">0</nPRESENCEDISTANCE></ACCOMPAGNEMENT_GLOBAL><ACCOMPAGNEMENT_GLOBAL><nID>145</nID><nNOM UserID="0">140</nNOM><nTYPE UserID="0">0</nTYPE><nATTITUDE UserID="0">0</nATTITUDE><nACTION UserID="0">0</nACTION><tDESCRIPTIF UserID="0"/><nDUREE UserID="0">120</nDUREE><nGROUPE UserID="0">32</nGROUPE><nAPPRENANT UserID="0">0</nAPPRENANT><nPRESENCEDISTANCE UserID="0">0</nPRESENCEDISTANCE></ACCOMPAGNEMENT_GLOBAL></ACCOMPAGNEMENTS_GLOBAUX><nTYPE_OUTIL UserID="0">0</nTYPE_OUTIL><nOUTIL_SUBSTITUTION UserID="0">0</nOUTIL_SUBSTITUTION><tDESCRIPTION_UTILISATION UserID="0"/><tCOMMENTAIRE UserID="0"/></ACCOMPAGNEMENT_ACTIVITE><RESSOURCES_DOCS_ACTIVITE><RESSOURCES_PEDAGOGIQUES><RESSOURCE_PEDAGOGIQUE><nID>0</nID><tTITRE UserID="0">Choisir...</tTITRE><tDESCRIPTIF UserID="0"/><nTYPE UserID="0">0</nTYPE><tLIEN UserID="0"/></RESSOURCE_PEDAGOGIQUE></RESSOURCES_PEDAGOGIQUES><RESSOURCES_LOGISTIQUES><tADRESSE UserID="0"/><tDESCRIPTIF UserID="0"/><tLIEN UserID="0"/><nTYPE_SALLE UserID="0">0</nTYPE_SALLE><nNUMERO_SALLE UserID="0"/></RESSOURCES_LOGISTIQUES><tCOMMENTAIRE UserID="0"/></RESSOURCES_DOCS_ACTIVITE></PROPRIETES_ACTIVITES></ACTIVITE><ACTIVITE><JOURSPLANIFIES/><JPLANNING><nJOUR>71</nJOUR><nLIGNE>5</nLIGNE><nDUREE>13</nDUREE><nTOTAL_LIGNE>1</nTOTAL_LIGNE></JPLANNING><PROPRIETES_ACTIVITES><DESCRIPTIF_ACTIVITE><tTITRE UserID="0">Préparation Thématique 4</tTITRE><tOBJECTIF UserID="0">Faire une recherche sur le domaine Thématique 4 et préparer des questions</tOBJECTIF><tDESCRIPTION UserID="0"/><nTYPE UserID="0">24</nTYPE><nCARACTERISTIQUE UserID="0">0</nCARACTERISTIQUE><nDUREEh UserID="0">1</nDUREEh><nDUREEmn UserID="0">0</nDUREEmn><nINDIVIDUELCOLLECTIF UserID="0">28</nINDIVIDUELCOLLECTIF><nLIEU_TRAVAIL UserID="0">0</nLIEU_TRAVAIL><tCOMMENTAIRE UserID="0"/></DESCRIPTIF_ACTIVITE><PRODUCTION_ACTIVITE><nRENDU UserID="0">0</nRENDU><tDESCRIPTION_PRODUCTION UserID="0">questions</tDESCRIPTION_PRODUCTION><nDUREEh UserID="0">0</nDUREEh><nDUREEmn UserID="0">0</nDUREEmn><nOUTIL_ECHANGE UserID="0">0</nOUTIL_ECHANGE><nOUTIL_SUBSTITUTION UserID="0">0</nOUTIL_SUBSTITUTION><tDESCRIPTION_UTILISATION UserID="0"/><tCOMMENTAIRE UserID="0"/></PRODUCTION_ACTIVITE><ACCOMPAGNEMENT_ACTIVITE><ACCOMPAGNEMENTS_GLOBAUX><ACCOMPAGNEMENT_GLOBAL><nID>0</nID><nNOM UserID="0">0</nNOM><nTYPE UserID="0">0</nTYPE><nATTITUDE UserID="0">0</nATTITUDE><nACTION UserID="0">0</nACTION><tDESCRIPTIF UserID="0"/><nDUREE UserID="0">0</nDUREE><nGROUPE UserID="0">0</nGROUPE><nAPPRENANT UserID="0">0</nAPPRENANT><nPRESENCEDISTANCE UserID="0">0</nPRESENCEDISTANCE></ACCOMPAGNEMENT_GLOBAL></ACCOMPAGNEMENTS_GLOBAUX><nTYPE_OUTIL UserID="0">0</nTYPE_OUTIL><nOUTIL_SUBSTITUTION UserID="0">0</nOUTIL_SUBSTITUTION><tDESCRIPTION_UTILISATION UserID="0"/><tCOMMENTAIRE UserID="0"/></ACCOMPAGNEMENT_ACTIVITE><RESSOURCES_DOCS_ACTIVITE><RESSOURCES_PEDAGOGIQUES><RESSOURCE_PEDAGOGIQUE><nID>0</nID><tTITRE UserID="0">Choisir...</tTITRE><tDESCRIPTIF UserID="0"/><nTYPE UserID="0">0</nTYPE><tLIEN UserID="0"/></RESSOURCE_PEDAGOGIQUE></RESSOURCES_PEDAGOGIQUES><RESSOURCES_LOGISTIQUES><tADRESSE UserID="0"/><tDESCRIPTIF UserID="0"/><tLIEN UserID="0"/><nTYPE_SALLE UserID="0">0</nTYPE_SALLE><nNUMERO_SALLE UserID="0"/></RESSOURCES_LOGISTIQUES><tCOMMENTAIRE UserID="0"/></RESSOURCES_DOCS_ACTIVITE></PROPRIETES_ACTIVITES></ACTIVITE><ACTIVITE><JOURSPLANIFIES/><JPLANNING><nJOUR>85</nJOUR><nLIGNE>5</nLIGNE><nDUREE>1</nDUREE><nTOTAL_LIGNE>1</nTOTAL_LIGNE></JPLANNING><PROPRIETES_ACTIVITES><DESCRIPTIF_ACTIVITE><tTITRE UserID="0">Thématique 4</tTITRE><tOBJECTIF UserID="0">Appréhender le cadre professionnel des médias au sein des institutions culturelles publiques  au travers l'expérience de D</tOBJECTIF><tDESCRIPTION UserID="0"/><nTYPE UserID="0">27</nTYPE><nCARACTERISTIQUE UserID="0">0</nCARACTERISTIQUE><nDUREEh UserID="0">2</nDUREEh><nDUREEmn UserID="0">30</nDUREEmn><nINDIVIDUELCOLLECTIF UserID="0">31</nINDIVIDUELCOLLECTIF><nLIEU_TRAVAIL UserID="0">2</nLIEU_TRAVAIL><tCOMMENTAIRE UserID="0"/></DESCRIPTIF_ACTIVITE><PRODUCTION_ACTIVITE><nRENDU UserID="0">0</nRENDU><tDESCRIPTION_PRODUCTION UserID="0"/><nDUREEh UserID="0">0</nDUREEh><nDUREEmn UserID="0">0</nDUREEmn><nOUTIL_ECHANGE UserID="0">0</nOUTIL_ECHANGE><nOUTIL_SUBSTITUTION UserID="0">0</nOUTIL_SUBSTITUTION><tDESCRIPTION_UTILISATION UserID="0"/><tCOMMENTAIRE UserID="0"/></PRODUCTION_ACTIVITE><ACCOMPAGNEMENT_ACTIVITE><ACCOMPAGNEMENTS_GLOBAUX><ACCOMPAGNEMENT_GLOBAL><nID>0</nID><nNOM UserID="0">0</nNOM><nTYPE UserID="0">0</nTYPE><nATTITUDE UserID="0">0</nATTITUDE><nACTION UserID="0">0</nACTION><tDESCRIPTIF UserID="0"/><nDUREE UserID="0">0</nDUREE><nGROUPE UserID="0">0</nGROUPE><nAPPRENANT UserID="0">0</nAPPRENANT><nPRESENCEDISTANCE UserID="0">0</nPRESENCEDISTANCE></ACCOMPAGNEMENT_GLOBAL><ACCOMPAGNEMENT_GLOBAL><nID>112</nID><nNOM UserID="0">101</nNOM><nTYPE UserID="0">6</nTYPE><nATTITUDE UserID="0">0</nATTITUDE><nACTION UserID="0">0</nACTION><tDESCRIPTIF UserID="0"/><nDUREE UserID="0">120</nDUREE><nGROUPE UserID="0">32</nGROUPE><nAPPRENANT UserID="0">0</nAPPRENANT><nPRESENCEDISTANCE UserID="0">0</nPRESENCEDISTANCE></ACCOMPAGNEMENT_GLOBAL><ACCOMPAGNEMENT_GLOBAL><nID>113</nID><nNOM UserID="0">102</nNOM><nTYPE UserID="0">3</nTYPE><nATTITUDE UserID="0">0</nATTITUDE><nACTION UserID="0">0</nACTION><tDESCRIPTIF UserID="0"/><nDUREE UserID="0">60</nDUREE><nGROUPE UserID="0">32</nGROUPE><nAPPRENANT UserID="0">0</nAPPRENANT><nPRESENCEDISTANCE UserID="0">0</nPRESENCEDISTANCE></ACCOMPAGNEMENT_GLOBAL><ACCOMPAGNEMENT_GLOBAL><nID>146</nID><nNOM UserID="0">140</nNOM><nTYPE UserID="0">4</nTYPE><nATTITUDE UserID="0">0</nATTITUDE><nACTION UserID="0">0</nACTION><tDESCRIPTIF UserID="0"/><nDUREE UserID="0">120</nDUREE><nGROUPE UserID="0">32</nGROUPE><nAPPRENANT UserID="0">0</nAPPRENANT><nPRESENCEDISTANCE UserID="0">0</nPRESENCEDISTANCE></ACCOMPAGNEMENT_GLOBAL></ACCOMPAGNEMENTS_GLOBAUX><nTYPE_OUTIL UserID="0">0</nTYPE_OUTIL><nOUTIL_SUBSTITUTION UserID="0">0</nOUTIL_SUBSTITUTION><tDESCRIPTION_UTILISATION UserID="0"/><tCOMMENTAIRE UserID="0"/></ACCOMPAGNEMENT_ACTIVITE><RESSOURCES_DOCS_ACTIVITE><RESSOURCES_PEDAGOGIQUES><RESSOURCE_PEDAGOGIQUE><nID>0</nID><tTITRE UserID="0">Choisir...</tTITRE><tDESCRIPTIF UserID="0"/><nTYPE UserID="0">0</nTYPE><tLIEN UserID="0"/></RESSOURCE_PEDAGOGIQUE><RESSOURCE_PEDAGOGIQUE><nID>114</nID><tTITRE UserID="0">Guide de l'étudiant</tTITRE><tDESCRIPTIF UserID="0"/><nTYPE UserID="0">0</nTYPE><tLIEN UserID="0"/></RESSOURCE_PEDAGOGIQUE></RESSOURCES_PEDAGOGIQUES><RESSOURCES_LOGISTIQUES><tADRESSE UserID="0"/><tDESCRIPTIF UserID="0"/><tLIEN UserID="0"/><nTYPE_SALLE UserID="0">0</nTYPE_SALLE><nNUMERO_SALLE UserID="0"/></RESSOURCES_LOGISTIQUES><tCOMMENTAIRE UserID="0"/></RESSOURCES_DOCS_ACTIVITE></PROPRIETES_ACTIVITES></ACTIVITE><ACTIVITE><JOURSPLANIFIES/><JPLANNING><nJOUR>99</nJOUR><nLIGNE>5</nLIGNE><nDUREE>13</nDUREE><nTOTAL_LIGNE>1</nTOTAL_LIGNE></JPLANNING><PROPRIETES_ACTIVITES><DESCRIPTIF_ACTIVITE><tTITRE UserID="0">Préparation Thématique 5</tTITRE><tOBJECTIF UserID="0">Faire une recherche sur le domaine Thématique 5 et préparer des questions</tOBJECTIF><tDESCRIPTION UserID="0"/><nTYPE UserID="0">24</nTYPE><nCARACTERISTIQUE UserID="0">0</nCARACTERISTIQUE><nDUREEh UserID="0">1</nDUREEh><nDUREEmn UserID="0">0</nDUREEmn><nINDIVIDUELCOLLECTIF UserID="0">28</nINDIVIDUELCOLLECTIF><nLIEU_TRAVAIL UserID="0">0</nLIEU_TRAVAIL><tCOMMENTAIRE UserID="0"/></DESCRIPTIF_ACTIVITE><PRODUCTION_ACTIVITE><nRENDU UserID="0">0</nRENDU><tDESCRIPTION_PRODUCTION UserID="0">questions</tDESCRIPTION_PRODUCTION><nDUREEh UserID="0">0</nDUREEh><nDUREEmn UserID="0">0</nDUREEmn><nOUTIL_ECHANGE UserID="0">0</nOUTIL_ECHANGE><nOUTIL_SUBSTITUTION UserID="0">0</nOUTIL_SUBSTITUTION><tDESCRIPTION_UTILISATION UserID="0"/><tCOMMENTAIRE UserID="0"/></PRODUCTION_ACTIVITE><ACCOMPAGNEMENT_ACTIVITE><ACCOMPAGNEMENTS_GLOBAUX><ACCOMPAGNEMENT_GLOBAL><nID>0</nID><nNOM UserID="0">0</nNOM><nTYPE UserID="0">0</nTYPE><nATTITUDE UserID="0">0</nATTITUDE><nACTION UserID="0">0</nACTION><tDESCRIPTIF UserID="0"/><nDUREE UserID="0">0</nDUREE><nGROUPE UserID="0">0</nGROUPE><nAPPRENANT UserID="0">0</nAPPRENANT><nPRESENCEDISTANCE UserID="0">0</nPRESENCEDISTANCE></ACCOMPAGNEMENT_GLOBAL></ACCOMPAGNEMENTS_GLOBAUX><nTYPE_OUTIL UserID="0">0</nTYPE_OUTIL><nOUTIL_SUBSTITUTION UserID="0">0</nOUTIL_SUBSTITUTION><tDESCRIPTION_UTILISATION UserID="0"/><tCOMMENTAIRE UserID="0"/></ACCOMPAGNEMENT_ACTIVITE><RESSOURCES_DOCS_ACTIVITE><RESSOURCES_PEDAGOGIQUES><RESSOURCE_PEDAGOGIQUE><nID>0</nID><tTITRE UserID="0">Choisir...</tTITRE><tDESCRIPTIF UserID="0"/><nTYPE UserID="0">0</nTYPE><tLIEN UserID="0"/></RESSOURCE_PEDAGOGIQUE></RESSOURCES_PEDAGOGIQUES><RESSOURCES_LOGISTIQUES><tADRESSE UserID="0"/><tDESCRIPTIF UserID="0"/><tLIEN UserID="0"/><nTYPE_SALLE UserID="0">0</nTYPE_SALLE><nNUMERO_SALLE UserID="0"/></RESSOURCES_LOGISTIQUES><tCOMMENTAIRE UserID="0"/></RESSOURCES_DOCS_ACTIVITE></PROPRIETES_ACTIVITES></ACTIVITE><ACTIVITE><JOURSPLANIFIES/><JPLANNING><nJOUR>113</nJOUR><nLIGNE>5</nLIGNE><nDUREE>1</nDUREE><nTOTAL_LIGNE>1</nTOTAL_LIGNE></JPLANNING><PROPRIETES_ACTIVITES><DESCRIPTIF_ACTIVITE><tTITRE UserID="0">Thématique 5</tTITRE><tOBJECTIF UserID="0">Appréhender le cadre professionnel de l'édition multimédia  au travers l'expérience de E</tOBJECTIF><tDESCRIPTION UserID="0"/><nTYPE UserID="0">27</nTYPE><nCARACTERISTIQUE UserID="0">0</nCARACTERISTIQUE><nDUREEh UserID="0">1</nDUREEh><nDUREEmn UserID="0">30</nDUREEmn><nINDIVIDUELCOLLECTIF UserID="0">31</nINDIVIDUELCOLLECTIF><nLIEU_TRAVAIL UserID="0">2</nLIEU_TRAVAIL><tCOMMENTAIRE UserID="0"/></DESCRIPTIF_ACTIVITE><PRODUCTION_ACTIVITE><nRENDU UserID="0">0</nRENDU><tDESCRIPTION_PRODUCTION UserID="0"/><nDUREEh UserID="0">0</nDUREEh><nDUREEmn UserID="0">0</nDUREEmn><nOUTIL_ECHANGE UserID="0">0</nOUTIL_ECHANGE><nOUTIL_SUBSTITUTION UserID="0">0</nOUTIL_SUBSTITUTION><tDESCRIPTION_UTILISATION UserID="0"/><tCOMMENTAIRE UserID="0"/></PRODUCTION_ACTIVITE><ACCOMPAGNEMENT_ACTIVITE><ACCOMPAGNEMENTS_GLOBAUX><ACCOMPAGNEMENT_GLOBAL><nID>0</nID><nNOM UserID="0">0</nNOM><nTYPE UserID="0">0</nTYPE><nATTITUDE UserID="0">0</nATTITUDE><nACTION UserID="0">0</nACTION><tDESCRIPTIF UserID="0"/><nDUREE UserID="0">0</nDUREE><nGROUPE UserID="0">0</nGROUPE><nAPPRENANT UserID="0">0</nAPPRENANT><nPRESENCEDISTANCE UserID="0">0</nPRESENCEDISTANCE></ACCOMPAGNEMENT_GLOBAL><ACCOMPAGNEMENT_GLOBAL><nID>147</nID><nNOM UserID="0">140</nNOM><nTYPE UserID="0">4</nTYPE><nATTITUDE UserID="0">0</nATTITUDE><nACTION UserID="0">0</nACTION><tDESCRIPTIF UserID="0"/><nDUREE UserID="0">120</nDUREE><nGROUPE UserID="0">32</nGROUPE><nAPPRENANT UserID="0">0</nAPPRENANT><nPRESENCEDISTANCE UserID="0">0</nPRESENCEDISTANCE></ACCOMPAGNEMENT_GLOBAL></ACCOMPAGNEMENTS_GLOBAUX><nTYPE_OUTIL UserID="0">0</nTYPE_OUTIL><nOUTIL_SUBSTITUTION UserID="0">0</nOUTIL_SUBSTITUTION><tDESCRIPTION_UTILISATION UserID="0"/><tCOMMENTAIRE UserID="0"/></ACCOMPAGNEMENT_ACTIVITE><RESSOURCES_DOCS_ACTIVITE><RESSOURCES_PEDAGOGIQUES><RESSOURCE_PEDAGOGIQUE><nID>0</nID><tTITRE UserID="0">Choisir...</tTITRE><tDESCRIPTIF UserID="0"/><nTYPE UserID="0">0</nTYPE><tLIEN UserID="0"/></RESSOURCE_PEDAGOGIQUE></RESSOURCES_PEDAGOGIQUES><RESSOURCES_LOGISTIQUES><tADRESSE UserID="0"/><tDESCRIPTIF UserID="0"/><tLIEN UserID="0"/><nTYPE_SALLE UserID="0">0</nTYPE_SALLE><nNUMERO_SALLE UserID="0"/></RESSOURCES_LOGISTIQUES><tCOMMENTAIRE UserID="0"/></RESSOURCES_DOCS_ACTIVITE></PROPRIETES_ACTIVITES></ACTIVITE><ACTIVITE><JOURSPLANIFIES/><JPLANNING><nJOUR>127</nJOUR><nLIGNE>3</nLIGNE><nDUREE>13</nDUREE><nTOTAL_LIGNE>1</nTOTAL_LIGNE></JPLANNING><PROPRIETES_ACTIVITES><DESCRIPTIF_ACTIVITE><tTITRE UserID="0">Synthèse</tTITRE><tOBJECTIF UserID="0">Effectuer une analyse comparative de l'approche de 2 milieux professionnels (orientation et enjeux de la communication et choix de média)</tOBJECTIF><tDESCRIPTION UserID="0"/><nTYPE UserID="0">21</nTYPE><nCARACTERISTIQUE UserID="0">0</nCARACTERISTIQUE><nDUREEh UserID="0">3</nDUREEh><nDUREEmn UserID="0">0</nDUREEmn><nINDIVIDUELCOLLECTIF UserID="0">28</nINDIVIDUELCOLLECTIF><nLIEU_TRAVAIL UserID="0">0</nLIEU_TRAVAIL><tCOMMENTAIRE UserID="0"/></DESCRIPTIF_ACTIVITE><PRODUCTION_ACTIVITE><nRENDU UserID="0">1</nRENDU><tDESCRIPTION_PRODUCTION UserID="0"/><nDUREEh UserID="0">1</nDUREEh><nDUREEmn UserID="0">0</nDUREEmn><nOUTIL_ECHANGE UserID="0">9</nOUTIL_ECHANGE><nOUTIL_SUBSTITUTION UserID="0">0</nOUTIL_SUBSTITUTION><tDESCRIPTION_UTILISATION UserID="0"/><tCOMMENTAIRE UserID="0"/></PRODUCTION_ACTIVITE><ACCOMPAGNEMENT_ACTIVITE><ACCOMPAGNEMENTS_GLOBAUX><ACCOMPAGNEMENT_GLOBAL><nID>0</nID><nNOM UserID="0">0</nNOM><nTYPE UserID="0">0</nTYPE><nATTITUDE UserID="0">0</nATTITUDE><nACTION UserID="0">0</nACTION><tDESCRIPTIF UserID="0"/><nDUREE UserID="0">0</nDUREE><nGROUPE UserID="0">0</nGROUPE><nAPPRENANT UserID="0">0</nAPPRENANT><nPRESENCEDISTANCE UserID="0">0</nPRESENCEDISTANCE></ACCOMPAGNEMENT_GLOBAL><ACCOMPAGNEMENT_GLOBAL><nID>149</nID><nNOM UserID="0">103</nNOM><nTYPE UserID="0">0</nTYPE><nATTITUDE UserID="0">0</nATTITUDE><nACTION UserID="0">0</nACTION><tDESCRIPTIF UserID="0"/><nDUREE UserID="0">10</nDUREE><nGROUPE UserID="0">0</nGROUPE><nAPPRENANT UserID="0">1</nAPPRENANT><nPRESENCEDISTANCE UserID="0">1</nPRESENCEDISTANCE></ACCOMPAGNEMENT_GLOBAL></ACCOMPAGNEMENTS_GLOBAUX><nTYPE_OUTIL UserID="0">9</nTYPE_OUTIL><nOUTIL_SUBSTITUTION UserID="0">0</nOUTIL_SUBSTITUTION><tDESCRIPTION_UTILISATION UserID="0"/><tCOMMENTAIRE UserID="0"/></ACCOMPAGNEMENT_ACTIVITE><RESSOURCES_DOCS_ACTIVITE><RESSOURCES_PEDAGOGIQUES><RESSOURCE_PEDAGOGIQUE><nID>0</nID><tTITRE UserID="0">Choisir...</tTITRE><tDESCRIPTIF UserID="0"/><nTYPE UserID="0">0</nTYPE><tLIEN UserID="0"/></RESSOURCE_PEDAGOGIQUE></RESSOURCES_PEDAGOGIQUES><RESSOURCES_LOGISTIQUES><tADRESSE UserID="0"/><tDESCRIPTIF UserID="0"/><tLIEN UserID="0"/><nTYPE_SALLE UserID="0">0</nTYPE_SALLE><nNUMERO_SALLE UserID="0"/></RESSOURCES_LOGISTIQUES><tCOMMENTAIRE UserID="0"/></RESSOURCES_DOCS_ACTIVITE></PROPRIETES_ACTIVITES></ACTIVITE><ACTIVITE><JOURSPLANIFIES/><JPLANNING><nJOUR>141</nJOUR><nLIGNE>3</nLIGNE><nDUREE>1</nDUREE><nTOTAL_LIGNE>1</nTOTAL_LIGNE></JPLANNING><PROPRIETES_ACTIVITES><DESCRIPTIF_ACTIVITE><tTITRE UserID="0">Synthèse des thématiques</tTITRE><tOBJECTIF UserID="0">Etablir une cartographie des professions</tOBJECTIF><tDESCRIPTION UserID="0"/><nTYPE UserID="0">21</nTYPE><nCARACTERISTIQUE UserID="0">0</nCARACTERISTIQUE><nDUREEh UserID="0">2</nDUREEh><nDUREEmn UserID="0">30</nDUREEmn><nINDIVIDUELCOLLECTIF UserID="0">30</nINDIVIDUELCOLLECTIF><nLIEU_TRAVAIL UserID="0">2</nLIEU_TRAVAIL><tCOMMENTAIRE UserID="0"/></DESCRIPTIF_ACTIVITE><PRODUCTION_ACTIVITE><nRENDU UserID="0">0</nRENDU><tDESCRIPTION_PRODUCTION UserID="0"/><nDUREEh UserID="0">0</nDUREEh><nDUREEmn UserID="0">0</nDUREEmn><nOUTIL_ECHANGE UserID="0">0</nOUTIL_ECHANGE><nOUTIL_SUBSTITUTION UserID="0">0</nOUTIL_SUBSTITUTION><tDESCRIPTION_UTILISATION UserID="0"/><tCOMMENTAIRE UserID="0"/></PRODUCTION_ACTIVITE><ACCOMPAGNEMENT_ACTIVITE><ACCOMPAGNEMENTS_GLOBAUX><ACCOMPAGNEMENT_GLOBAL><nID>0</nID><nNOM UserID="0">0</nNOM><nTYPE UserID="0">0</nTYPE><nATTITUDE UserID="0">0</nATTITUDE><nACTION UserID="0">0</nACTION><tDESCRIPTIF UserID="0"/><nDUREE UserID="0">0</nDUREE><nGROUPE UserID="0">0</nGROUPE><nAPPRENANT UserID="0">0</nAPPRENANT><nPRESENCEDISTANCE UserID="0">0</nPRESENCEDISTANCE></ACCOMPAGNEMENT_GLOBAL><ACCOMPAGNEMENT_GLOBAL><nID>150</nID><nNOM UserID="0">103</nNOM><nTYPE UserID="0">7</nTYPE><nATTITUDE UserID="0">0</nATTITUDE><nACTION UserID="0">0</nACTION><tDESCRIPTIF UserID="0"/><nDUREE UserID="0">120</nDUREE><nGROUPE UserID="0">32</nGROUPE><nAPPRENANT UserID="0">0</nAPPRENANT><nPRESENCEDISTANCE UserID="0">0</nPRESENCEDISTANCE></ACCOMPAGNEMENT_GLOBAL></ACCOMPAGNEMENTS_GLOBAUX><nTYPE_OUTIL UserID="0">0</nTYPE_OUTIL><nOUTIL_SUBSTITUTION UserID="0">0</nOUTIL_SUBSTITUTION><tDESCRIPTION_UTILISATION UserID="0"/><tCOMMENTAIRE UserID="0"/></ACCOMPAGNEMENT_ACTIVITE><RESSOURCES_DOCS_ACTIVITE><RESSOURCES_PEDAGOGIQUES><RESSOURCE_PEDAGOGIQUE><nID>0</nID><tTITRE UserID="0">Choisir...</tTITRE><tDESCRIPTIF UserID="0"/><nTYPE UserID="0">0</nTYPE><tLIEN UserID="0"/></RESSOURCE_PEDAGOGIQUE></RESSOURCES_PEDAGOGIQUES><RESSOURCES_LOGISTIQUES><tADRESSE UserID="0"/><tDESCRIPTIF UserID="0"/><tLIEN UserID="0"/><nTYPE_SALLE UserID="0">0</nTYPE_SALLE><nNUMERO_SALLE UserID="0"/></RESSOURCES_LOGISTIQUES><tCOMMENTAIRE UserID="0"/></RESSOURCES_DOCS_ACTIVITE></PROPRIETES_ACTIVITES></ACTIVITE></ACTIVITES></SEQUENCE></SEQUENCES><ACTIVITES/></MODULE>