<?xml version="1.0" encoding="UTF-8"?><MODULE xmlns:xsi="http://www.w3.org/2001/XMLSchema-instance" xsi:noNamespaceSchemaLocation="http://oasif.educagri.fr/bin/schemas/oasif.xsd"><JPLANNING><nJOUR>8</nJOUR><nLIGNE>66</nLIGNE><nDUREE>92</nDUREE><nTOTAL_LIGNE>24</nTOTAL_LIGNE></JPLANNING><PROPRIETES_MODULE><DESCRIPTIF_MODULE><tTITRE UserID="0">Ecriture et parole</tTITRE><tOBJECTIF UserID="0">Maîtriser les techniques de l'écrit</tOBJECTIF><tDESCRIPTION UserID="0"/><tPUBLIC UserID="0">L1</tPUBLIC><tPREREQUIS UserID="0"/><nCARACTERISTIQUE UserID="0">0</nCARACTERISTIQUE><tCOMMANDITAIRE UserID="0"/><tPORTEUR UserID="0"/><tPARTENAIRES UserID="0"/><tCLIENT UserID="0"/><tCONTACT UserID="0"/><nCREDIT_ECTS UserID="0">0</nCREDIT_ECTS><nNBRE_MAX_APPRENANT UserID="0">60</nNBRE_MAX_APPRENANT><tLIEN UserID="0"/><tCOMMENTAIRE UserID="0"/></DESCRIPTIF_MODULE><ACCOMPAGNEMENT_MODULE><ACCOMPAGNEMENTS_GLOBAUX><ACCOMPAGNEMENT_GLOBAL><nID>0</nID><nNOM UserID="0">0</nNOM><nTYPE UserID="0">0</nTYPE><nATTITUDE UserID="0">0</nATTITUDE><tDESCRIPTIF UserID="0"/><nDUREE UserID="0">0</nDUREE><nGROUPE UserID="0">0</nGROUPE><nAPPRENANT UserID="0">0</nAPPRENANT><nPRESENCEDISTANCE UserID="0">0</nPRESENCEDISTANCE></ACCOMPAGNEMENT_GLOBAL><ACCOMPAGNEMENT_GLOBAL><nID>168</nID><nNOM UserID="0">101</nNOM><nTYPE UserID="0">6</nTYPE><nATTITUDE UserID="0">0</nATTITUDE><tDESCRIPTIF UserID="0"/><nDUREE UserID="0">120</nDUREE><nGROUPE UserID="0">32</nGROUPE><nAPPRENANT UserID="0">0</nAPPRENANT><nPRESENCEDISTANCE UserID="0">1</nPRESENCEDISTANCE></ACCOMPAGNEMENT_GLOBAL></ACCOMPAGNEMENTS_GLOBAUX><nTYPE_OUTIL UserID="0">0</nTYPE_OUTIL><nOUTIL_SUBSTITUTION UserID="0">0</nOUTIL_SUBSTITUTION><tDESCRIPTION_UTILISATION UserID="0"/><tCOMMENTAIRE UserID="0"/></ACCOMPAGNEMENT_MODULE></PROPRIETES_MODULE><nNUMERO_MODULE>1</nNUMERO_MODULE><SEQUENCES><SEQUENCE><JPLANNING><nJOUR>51</nJOUR><nLIGNE>6</nLIGNE><nDUREE>32</nDUREE><nTOTAL_LIGNE>6</nTOTAL_LIGNE></JPLANNING><PROPRIETES_SEQUENCE><DESCRIPTIF_SEQUENCE><tTITRE UserID="0">Pratiques d'écriture</tTITRE><tOBJECTIF UserID="0">Appréhender et mettre en pratique des techniques d'écriture</tOBJECTIF><tDESCRIPTION UserID="0"/><tCOMMENTAIRE UserID="0"/></DESCRIPTIF_SEQUENCE></PROPRIETES_SEQUENCE><ACTIVITES><ACTIVITE><JOURSPLANIFIES/><JPLANNING><nJOUR>16</nJOUR><nLIGNE>1</nLIGNE><nDUREE>1</nDUREE><nTOTAL_LIGNE>1</nTOTAL_LIGNE></JPLANNING><PROPRIETES_ACTIVITES><DESCRIPTIF_ACTIVITE><tTITRE UserID="0">Esthétique</tTITRE><tOBJECTIF UserID="0">Comprendre l'approche esthètique du courant X</tOBJECTIF><tDESCRIPTION UserID="0"/><nTYPE UserID="0">27</nTYPE><nCARACTERISTIQUE UserID="0">0</nCARACTERISTIQUE><nDUREEh UserID="0">1</nDUREEh><nDUREEmn UserID="0">30</nDUREEmn><nINDIVIDUELCOLLECTIF UserID="0">31</nINDIVIDUELCOLLECTIF><nLIEU_TRAVAIL UserID="0">2</nLIEU_TRAVAIL><tCOMMENTAIRE UserID="0"/></DESCRIPTIF_ACTIVITE><PRODUCTION_ACTIVITE><nRENDU UserID="0">0</nRENDU><tDESCRIPTION_PRODUCTION UserID="0"/><nDUREEh UserID="0">0</nDUREEh><nDUREEmn UserID="0">0</nDUREEmn><nOUTIL_ECHANGE UserID="0">0</nOUTIL_ECHANGE><nOUTIL_SUBSTITUTION UserID="0">0</nOUTIL_SUBSTITUTION><tDESCRIPTION_UTILISATION UserID="0"/><tCOMMENTAIRE UserID="0"/></PRODUCTION_ACTIVITE><ACCOMPAGNEMENT_ACTIVITE><ACCOMPAGNEMENTS_GLOBAUX><ACCOMPAGNEMENT_GLOBAL><nID>0</nID><nNOM UserID="0">0</nNOM><nTYPE UserID="0">0</nTYPE><nATTITUDE UserID="0">0</nATTITUDE><nACTION UserID="0">0</nACTION><tDESCRIPTIF UserID="0"/><nDUREE UserID="0">0</nDUREE><nGROUPE UserID="0">0</nGROUPE><nAPPRENANT UserID="0">0</nAPPRENANT><nPRESENCEDISTANCE UserID="0">0</nPRESENCEDISTANCE></ACCOMPAGNEMENT_GLOBAL></ACCOMPAGNEMENTS_GLOBAUX><nTYPE_OUTIL UserID="0">0</nTYPE_OUTIL><nOUTIL_SUBSTITUTION UserID="0">0</nOUTIL_SUBSTITUTION><tDESCRIPTION_UTILISATION UserID="0"/><tCOMMENTAIRE UserID="0"/></ACCOMPAGNEMENT_ACTIVITE><RESSOURCES_DOCS_ACTIVITE><RESSOURCES_PEDAGOGIQUES><RESSOURCE_PEDAGOGIQUE><nID>0</nID><tTITRE UserID="0">Choisir...</tTITRE><tDESCRIPTIF UserID="0"/><nTYPE UserID="0">0</nTYPE><tLIEN UserID="0"/></RESSOURCE_PEDAGOGIQUE></RESSOURCES_PEDAGOGIQUES><RESSOURCES_LOGISTIQUES><tADRESSE UserID="0"/><tDESCRIPTIF UserID="0"/><tLIEN UserID="0"/><nTYPE_SALLE UserID="0">0</nTYPE_SALLE><nNUMERO_SALLE UserID="0"/></RESSOURCES_LOGISTIQUES><tCOMMENTAIRE UserID="0"/></RESSOURCES_DOCS_ACTIVITE></PROPRIETES_ACTIVITES></ACTIVITE><ACTIVITE><JOURSPLANIFIES/><JPLANNING><nJOUR>8</nJOUR><nLIGNE>5</nLIGNE><nDUREE>12</nDUREE><nTOTAL_LIGNE>1</nTOTAL_LIGNE></JPLANNING><PROPRIETES_ACTIVITES><DESCRIPTIF_ACTIVITE><tTITRE UserID="0">procédé de Rapido</tTITRE><tOBJECTIF UserID="0">Produire un texte selon le procédé de Rapido</tOBJECTIF><tDESCRIPTION UserID="0"/><nTYPE UserID="0">21</nTYPE><nCARACTERISTIQUE UserID="0">0</nCARACTERISTIQUE><nDUREEh UserID="0">2</nDUREEh><nDUREEmn UserID="0">0</nDUREEmn><nINDIVIDUELCOLLECTIF UserID="0">28</nINDIVIDUELCOLLECTIF><nLIEU_TRAVAIL UserID="0">0</nLIEU_TRAVAIL><tCOMMENTAIRE UserID="0"/></DESCRIPTIF_ACTIVITE><PRODUCTION_ACTIVITE><nRENDU UserID="0">1</nRENDU><tDESCRIPTION_PRODUCTION UserID="0"/><nDUREEh UserID="0">1</nDUREEh><nDUREEmn UserID="0">30</nDUREEmn><nOUTIL_ECHANGE UserID="0">9</nOUTIL_ECHANGE><nOUTIL_SUBSTITUTION UserID="0">0</nOUTIL_SUBSTITUTION><tDESCRIPTION_UTILISATION UserID="0"/><tCOMMENTAIRE UserID="0"/></PRODUCTION_ACTIVITE><ACCOMPAGNEMENT_ACTIVITE><ACCOMPAGNEMENTS_GLOBAUX><ACCOMPAGNEMENT_GLOBAL><nID>0</nID><nNOM UserID="0">0</nNOM><nTYPE UserID="0">0</nTYPE><nATTITUDE UserID="0">0</nATTITUDE><nACTION UserID="0">0</nACTION><tDESCRIPTIF UserID="0"/><nDUREE UserID="0">0</nDUREE><nGROUPE UserID="0">0</nGROUPE><nAPPRENANT UserID="0">0</nAPPRENANT><nPRESENCEDISTANCE UserID="0">0</nPRESENCEDISTANCE></ACCOMPAGNEMENT_GLOBAL><ACCOMPAGNEMENT_GLOBAL><nID>133</nID><nNOM UserID="0">103</nNOM><nTYPE UserID="0">0</nTYPE><nATTITUDE UserID="0">38</nATTITUDE><nACTION UserID="0">0</nACTION><tDESCRIPTIF UserID="0"/><nDUREE UserID="0">60</nDUREE><nGROUPE UserID="0">107</nGROUPE><nAPPRENANT UserID="0">0</nAPPRENANT><nPRESENCEDISTANCE UserID="0">1</nPRESENCEDISTANCE></ACCOMPAGNEMENT_GLOBAL><ACCOMPAGNEMENT_GLOBAL><nID>173</nID><nNOM UserID="0">104</nNOM><nTYPE UserID="0">0</nTYPE><nATTITUDE UserID="0">38</nATTITUDE><nACTION UserID="0">0</nACTION><tDESCRIPTIF UserID="0"/><nDUREE UserID="0">60</nDUREE><nGROUPE UserID="0">108</nGROUPE><nAPPRENANT UserID="0">0</nAPPRENANT><nPRESENCEDISTANCE UserID="0">1</nPRESENCEDISTANCE></ACCOMPAGNEMENT_GLOBAL><ACCOMPAGNEMENT_GLOBAL><nID>185</nID><nNOM UserID="0">103</nNOM><nTYPE UserID="0">0</nTYPE><nATTITUDE UserID="0">38</nATTITUDE><nACTION UserID="0">0</nACTION><tDESCRIPTIF UserID="0"/><nDUREE UserID="0">60</nDUREE><nGROUPE UserID="0">109</nGROUPE><nAPPRENANT UserID="0">0</nAPPRENANT><nPRESENCEDISTANCE UserID="0">1</nPRESENCEDISTANCE></ACCOMPAGNEMENT_GLOBAL><ACCOMPAGNEMENT_GLOBAL><nID>186</nID><nNOM UserID="0">104</nNOM><nTYPE UserID="0">0</nTYPE><nATTITUDE UserID="0">38</nATTITUDE><nACTION UserID="0">0</nACTION><tDESCRIPTIF UserID="0"/><nDUREE UserID="0">60</nDUREE><nGROUPE UserID="0">110</nGROUPE><nAPPRENANT UserID="0">0</nAPPRENANT><nPRESENCEDISTANCE UserID="0">1</nPRESENCEDISTANCE></ACCOMPAGNEMENT_GLOBAL></ACCOMPAGNEMENTS_GLOBAUX><nTYPE_OUTIL UserID="0">13</nTYPE_OUTIL><nOUTIL_SUBSTITUTION UserID="0">0</nOUTIL_SUBSTITUTION><tDESCRIPTION_UTILISATION UserID="0"/><tCOMMENTAIRE UserID="0"/></ACCOMPAGNEMENT_ACTIVITE><RESSOURCES_DOCS_ACTIVITE><RESSOURCES_PEDAGOGIQUES><RESSOURCE_PEDAGOGIQUE><nID>0</nID><tTITRE UserID="0">Choisir...</tTITRE><tDESCRIPTIF UserID="0"/><nTYPE UserID="0">0</nTYPE><tLIEN UserID="0"/></RESSOURCE_PEDAGOGIQUE><RESSOURCE_PEDAGOGIQUE><nID>132</nID><tTITRE UserID="0">sujet</tTITRE><tDESCRIPTIF UserID="0"/><nTYPE UserID="0">0</nTYPE><tLIEN UserID="0"/></RESSOURCE_PEDAGOGIQUE></RESSOURCES_PEDAGOGIQUES><RESSOURCES_LOGISTIQUES><tADRESSE UserID="0"/><tDESCRIPTIF UserID="0"/><tLIEN UserID="0"/><nTYPE_SALLE UserID="0">0</nTYPE_SALLE><nNUMERO_SALLE UserID="0"/></RESSOURCES_LOGISTIQUES><tCOMMENTAIRE UserID="0"/></RESSOURCES_DOCS_ACTIVITE></PROPRIETES_ACTIVITES></ACTIVITE><ACTIVITE><JOURSPLANIFIES/><JPLANNING><nJOUR>5</nJOUR><nLIGNE>3</nLIGNE><nDUREE>15</nDUREE><nTOTAL_LIGNE>1</nTOTAL_LIGNE></JPLANNING><PROPRIETES_ACTIVITES><DESCRIPTIF_ACTIVITE><tTITRE UserID="0">Techniques</tTITRE><tOBJECTIF UserID="0">Approfondir les effets des procédés d'écriture</tOBJECTIF><tDESCRIPTION UserID="0"/><nTYPE UserID="0">19</nTYPE><nCARACTERISTIQUE UserID="0">0</nCARACTERISTIQUE><nDUREEh UserID="0">3</nDUREEh><nDUREEmn UserID="0">0</nDUREEmn><nINDIVIDUELCOLLECTIF UserID="0">28</nINDIVIDUELCOLLECTIF><nLIEU_TRAVAIL UserID="0">0</nLIEU_TRAVAIL><tCOMMENTAIRE UserID="0"/></DESCRIPTIF_ACTIVITE><PRODUCTION_ACTIVITE><nRENDU UserID="0">1</nRENDU><tDESCRIPTION_PRODUCTION UserID="0">synthèse</tDESCRIPTION_PRODUCTION><nDUREEh UserID="0">1</nDUREEh><nDUREEmn UserID="0">0</nDUREEmn><nOUTIL_ECHANGE UserID="0">9</nOUTIL_ECHANGE><nOUTIL_SUBSTITUTION UserID="0">0</nOUTIL_SUBSTITUTION><tDESCRIPTION_UTILISATION UserID="0"/><tCOMMENTAIRE UserID="0"/></PRODUCTION_ACTIVITE><ACCOMPAGNEMENT_ACTIVITE><ACCOMPAGNEMENTS_GLOBAUX><ACCOMPAGNEMENT_GLOBAL><nID>0</nID><nNOM UserID="0">0</nNOM><nTYPE UserID="0">0</nTYPE><nATTITUDE UserID="0">0</nATTITUDE><nACTION UserID="0">0</nACTION><tDESCRIPTIF UserID="0"/><nDUREE UserID="0">0</nDUREE><nGROUPE UserID="0">0</nGROUPE><nAPPRENANT UserID="0">0</nAPPRENANT><nPRESENCEDISTANCE UserID="0">0</nPRESENCEDISTANCE></ACCOMPAGNEMENT_GLOBAL></ACCOMPAGNEMENTS_GLOBAUX><nTYPE_OUTIL UserID="0">0</nTYPE_OUTIL><nOUTIL_SUBSTITUTION UserID="0">0</nOUTIL_SUBSTITUTION><tDESCRIPTION_UTILISATION UserID="0"/><tCOMMENTAIRE UserID="0"/></ACCOMPAGNEMENT_ACTIVITE><RESSOURCES_DOCS_ACTIVITE><RESSOURCES_PEDAGOGIQUES><RESSOURCE_PEDAGOGIQUE><nID>0</nID><tTITRE UserID="0">Choisir...</tTITRE><tDESCRIPTIF UserID="0"/><nTYPE UserID="0">0</nTYPE><tLIEN UserID="0"/></RESSOURCE_PEDAGOGIQUE></RESSOURCES_PEDAGOGIQUES><RESSOURCES_LOGISTIQUES><tADRESSE UserID="0"/><tDESCRIPTIF UserID="0"/><tLIEN UserID="0"/><nTYPE_SALLE UserID="0">0</nTYPE_SALLE><nNUMERO_SALLE UserID="0"/></RESSOURCES_LOGISTIQUES><tCOMMENTAIRE UserID="0"/></RESSOURCES_DOCS_ACTIVITE></PROPRIETES_ACTIVITES></ACTIVITE><ACTIVITE><JOURSPLANIFIES/><JPLANNING><nJOUR>25</nJOUR><nLIGNE>5</nLIGNE><nDUREE>7</nDUREE><nTOTAL_LIGNE>1</nTOTAL_LIGNE></JPLANNING><PROPRIETES_ACTIVITES><DESCRIPTIF_ACTIVITE><tTITRE UserID="0">Procédé en action</tTITRE><tOBJECTIF UserID="0">Produire un texte selon le procédé de Barbare</tOBJECTIF><tDESCRIPTION UserID="0"/><nTYPE UserID="0">21</nTYPE><nCARACTERISTIQUE UserID="0">0</nCARACTERISTIQUE><nDUREEh UserID="0">2</nDUREEh><nDUREEmn UserID="0">0</nDUREEmn><nINDIVIDUELCOLLECTIF UserID="0">28</nINDIVIDUELCOLLECTIF><nLIEU_TRAVAIL UserID="0">0</nLIEU_TRAVAIL><tCOMMENTAIRE UserID="0"/></DESCRIPTIF_ACTIVITE><PRODUCTION_ACTIVITE><nRENDU UserID="0">1</nRENDU><tDESCRIPTION_PRODUCTION UserID="0"/><nDUREEh UserID="0">1</nDUREEh><nDUREEmn UserID="0">30</nDUREEmn><nOUTIL_ECHANGE UserID="0">9</nOUTIL_ECHANGE><nOUTIL_SUBSTITUTION UserID="0">0</nOUTIL_SUBSTITUTION><tDESCRIPTION_UTILISATION UserID="0"/><tCOMMENTAIRE UserID="0"/></PRODUCTION_ACTIVITE><ACCOMPAGNEMENT_ACTIVITE><ACCOMPAGNEMENTS_GLOBAUX><ACCOMPAGNEMENT_GLOBAL><nID>0</nID><nNOM UserID="0">0</nNOM><nTYPE UserID="0">0</nTYPE><nATTITUDE UserID="0">0</nATTITUDE><nACTION UserID="0">0</nACTION><tDESCRIPTIF UserID="0"/><nDUREE UserID="0">0</nDUREE><nGROUPE UserID="0">0</nGROUPE><nAPPRENANT UserID="0">0</nAPPRENANT><nPRESENCEDISTANCE UserID="0">0</nPRESENCEDISTANCE></ACCOMPAGNEMENT_GLOBAL><ACCOMPAGNEMENT_GLOBAL><nID>139</nID><nNOM UserID="0">103</nNOM><nTYPE UserID="0">0</nTYPE><nATTITUDE UserID="0">0</nATTITUDE><nACTION UserID="0">0</nACTION><tDESCRIPTIF UserID="0"/><nDUREE UserID="0">60</nDUREE><nGROUPE UserID="0">32</nGROUPE><nAPPRENANT UserID="0">0</nAPPRENANT><nPRESENCEDISTANCE UserID="0">1</nPRESENCEDISTANCE></ACCOMPAGNEMENT_GLOBAL></ACCOMPAGNEMENTS_GLOBAUX><nTYPE_OUTIL UserID="0">13</nTYPE_OUTIL><nOUTIL_SUBSTITUTION UserID="0">0</nOUTIL_SUBSTITUTION><tDESCRIPTION_UTILISATION UserID="0"/><tCOMMENTAIRE UserID="0"/></ACCOMPAGNEMENT_ACTIVITE><RESSOURCES_DOCS_ACTIVITE><RESSOURCES_PEDAGOGIQUES><RESSOURCE_PEDAGOGIQUE><nID>0</nID><tTITRE UserID="0">Choisir...</tTITRE><tDESCRIPTIF UserID="0"/><nTYPE UserID="0">0</nTYPE><tLIEN UserID="0"/></RESSOURCE_PEDAGOGIQUE></RESSOURCES_PEDAGOGIQUES><RESSOURCES_LOGISTIQUES><tADRESSE UserID="0"/><tDESCRIPTIF UserID="0"/><tLIEN UserID="0"/><nTYPE_SALLE UserID="0">0</nTYPE_SALLE><nNUMERO_SALLE UserID="0"/></RESSOURCES_LOGISTIQUES><tCOMMENTAIRE UserID="0"/></RESSOURCES_DOCS_ACTIVITE></PROPRIETES_ACTIVITES></ACTIVITE><ACTIVITE><JOURSPLANIFIES/><JPLANNING><nJOUR>30</nJOUR><nLIGNE>2</nLIGNE><nDUREE>1</nDUREE><nTOTAL_LIGNE>1</nTOTAL_LIGNE></JPLANNING><PROPRIETES_ACTIVITES><DESCRIPTIF_ACTIVITE><tTITRE UserID="0">Esthétique</tTITRE><tOBJECTIF UserID="0">Comprendre l'approche esthètique du courant Y</tOBJECTIF><tDESCRIPTION UserID="0"/><nTYPE UserID="0">27</nTYPE><nCARACTERISTIQUE UserID="0">0</nCARACTERISTIQUE><nDUREEh UserID="0">1</nDUREEh><nDUREEmn UserID="0">30</nDUREEmn><nINDIVIDUELCOLLECTIF UserID="0">31</nINDIVIDUELCOLLECTIF><nLIEU_TRAVAIL UserID="0">2</nLIEU_TRAVAIL><tCOMMENTAIRE UserID="0"/></DESCRIPTIF_ACTIVITE><PRODUCTION_ACTIVITE><nRENDU UserID="0">0</nRENDU><tDESCRIPTION_PRODUCTION UserID="0"/><nDUREEh UserID="0">0</nDUREEh><nDUREEmn UserID="0">0</nDUREEmn><nOUTIL_ECHANGE UserID="0">0</nOUTIL_ECHANGE><nOUTIL_SUBSTITUTION UserID="0">0</nOUTIL_SUBSTITUTION><tDESCRIPTION_UTILISATION UserID="0"/><tCOMMENTAIRE UserID="0"/></PRODUCTION_ACTIVITE><ACCOMPAGNEMENT_ACTIVITE><ACCOMPAGNEMENTS_GLOBAUX><ACCOMPAGNEMENT_GLOBAL><nID>0</nID><nNOM UserID="0">0</nNOM><nTYPE UserID="0">0</nTYPE><nATTITUDE UserID="0">0</nATTITUDE><nACTION UserID="0">0</nACTION><tDESCRIPTIF UserID="0"/><nDUREE UserID="0">0</nDUREE><nGROUPE UserID="0">0</nGROUPE><nAPPRENANT UserID="0">0</nAPPRENANT><nPRESENCEDISTANCE UserID="0">0</nPRESENCEDISTANCE></ACCOMPAGNEMENT_GLOBAL></ACCOMPAGNEMENTS_GLOBAUX><nTYPE_OUTIL UserID="0">0</nTYPE_OUTIL><nOUTIL_SUBSTITUTION UserID="0">0</nOUTIL_SUBSTITUTION><tDESCRIPTION_UTILISATION UserID="0"/><tCOMMENTAIRE UserID="0"/></ACCOMPAGNEMENT_ACTIVITE><RESSOURCES_DOCS_ACTIVITE><RESSOURCES_PEDAGOGIQUES><RESSOURCE_PEDAGOGIQUE><nID>0</nID><tTITRE UserID="0">Choisir...</tTITRE><tDESCRIPTIF UserID="0"/><nTYPE UserID="0">0</nTYPE><tLIEN UserID="0"/></RESSOURCE_PEDAGOGIQUE></RESSOURCES_PEDAGOGIQUES><RESSOURCES_LOGISTIQUES><tADRESSE UserID="0"/><tDESCRIPTIF UserID="0"/><tLIEN UserID="0"/><nTYPE_SALLE UserID="0">0</nTYPE_SALLE><nNUMERO_SALLE UserID="0"/></RESSOURCES_LOGISTIQUES><tCOMMENTAIRE UserID="0"/></RESSOURCES_DOCS_ACTIVITE></PROPRIETES_ACTIVITES></ACTIVITE><ACTIVITE><JOURSPLANIFIES/><JPLANNING><nJOUR>2</nJOUR><nLIGNE>3</nLIGNE><nDUREE>1</nDUREE><nTOTAL_LIGNE>1</nTOTAL_LIGNE></JPLANNING><PROPRIETES_ACTIVITES><DESCRIPTIF_ACTIVITE><tTITRE UserID="0">Technique d'écriture scénaristique</tTITRE><tOBJECTIF UserID="0">Appréhender des techniques d'écriture</tOBJECTIF><tDESCRIPTION UserID="0"/><nTYPE UserID="0">21</nTYPE><nCARACTERISTIQUE UserID="0">0</nCARACTERISTIQUE><nDUREEh UserID="0">2</nDUREEh><nDUREEmn UserID="0">0</nDUREEmn><nINDIVIDUELCOLLECTIF UserID="0">31</nINDIVIDUELCOLLECTIF><nLIEU_TRAVAIL UserID="0">2</nLIEU_TRAVAIL><tCOMMENTAIRE UserID="0"/></DESCRIPTIF_ACTIVITE><PRODUCTION_ACTIVITE><nRENDU UserID="0">0</nRENDU><tDESCRIPTION_PRODUCTION UserID="0"/><nDUREEh UserID="0">0</nDUREEh><nDUREEmn UserID="0">0</nDUREEmn><nOUTIL_ECHANGE UserID="0">0</nOUTIL_ECHANGE><nOUTIL_SUBSTITUTION UserID="0">0</nOUTIL_SUBSTITUTION><tDESCRIPTION_UTILISATION UserID="0"/><tCOMMENTAIRE UserID="0"/></PRODUCTION_ACTIVITE><ACCOMPAGNEMENT_ACTIVITE><ACCOMPAGNEMENTS_GLOBAUX><ACCOMPAGNEMENT_GLOBAL><nID>0</nID><nNOM UserID="0">0</nNOM><nTYPE UserID="0">0</nTYPE><nATTITUDE UserID="0">0</nATTITUDE><nACTION UserID="0">0</nACTION><tDESCRIPTIF UserID="0"/><nDUREE UserID="0">0</nDUREE><nGROUPE UserID="0">0</nGROUPE><nAPPRENANT UserID="0">0</nAPPRENANT><nPRESENCEDISTANCE UserID="0">0</nPRESENCEDISTANCE></ACCOMPAGNEMENT_GLOBAL><ACCOMPAGNEMENT_GLOBAL><nID>138</nID><nNOM UserID="0">106</nNOM><nTYPE UserID="0">0</nTYPE><nATTITUDE UserID="0">0</nATTITUDE><nACTION UserID="0">0</nACTION><tDESCRIPTIF UserID="0"/><nDUREE UserID="0">120</nDUREE><nGROUPE UserID="0">107</nGROUPE><nAPPRENANT UserID="0">0</nAPPRENANT><nPRESENCEDISTANCE UserID="0">0</nPRESENCEDISTANCE></ACCOMPAGNEMENT_GLOBAL></ACCOMPAGNEMENTS_GLOBAUX><nTYPE_OUTIL UserID="0">0</nTYPE_OUTIL><nOUTIL_SUBSTITUTION UserID="0">0</nOUTIL_SUBSTITUTION><tDESCRIPTION_UTILISATION UserID="0"/><tCOMMENTAIRE UserID="0"/></ACCOMPAGNEMENT_ACTIVITE><RESSOURCES_DOCS_ACTIVITE><RESSOURCES_PEDAGOGIQUES><RESSOURCE_PEDAGOGIQUE><nID>0</nID><tTITRE UserID="0">Choisir...</tTITRE><tDESCRIPTIF UserID="0"/><nTYPE UserID="0">0</nTYPE><tLIEN UserID="0"/></RESSOURCE_PEDAGOGIQUE></RESSOURCES_PEDAGOGIQUES><RESSOURCES_LOGISTIQUES><tADRESSE UserID="0"/><tDESCRIPTIF UserID="0"/><tLIEN UserID="0"/><nTYPE_SALLE UserID="0">0</nTYPE_SALLE><nNUMERO_SALLE UserID="0"/></RESSOURCES_LOGISTIQUES><tCOMMENTAIRE UserID="0"/></RESSOURCES_DOCS_ACTIVITE></PROPRIETES_ACTIVITES></ACTIVITE></ACTIVITES></SEQUENCE><SEQUENCE><JPLANNING><nJOUR>23</nJOUR><nLIGNE>15</nLIGNE><nDUREE>67</nDUREE><nTOTAL_LIGNE>5</nTOTAL_LIGNE></JPLANNING><PROPRIETES_SEQUENCE><DESCRIPTIF_SEQUENCE><tTITRE UserID="0">Projet</tTITRE><tOBJECTIF UserID="0"/><tDESCRIPTION UserID="0"/><tCOMMENTAIRE UserID="0"/></DESCRIPTIF_SEQUENCE></PROPRIETES_SEQUENCE><ACTIVITES><ACTIVITE><JOURSPLANIFIES/><JPLANNING><nJOUR>2</nJOUR><nLIGNE>4</nLIGNE><nDUREE>19</nDUREE><nTOTAL_LIGNE>1</nTOTAL_LIGNE></JPLANNING><PROPRIETES_ACTIVITES><DESCRIPTIF_ACTIVITE><tTITRE UserID="0">corpus du projet</tTITRE><tOBJECTIF UserID="0">Situer son projet au sein de l'existant</tOBJECTIF><tDESCRIPTION UserID="0"/><nTYPE UserID="0">24</nTYPE><nCARACTERISTIQUE UserID="0">0</nCARACTERISTIQUE><nDUREEh UserID="0">3</nDUREEh><nDUREEmn UserID="0">0</nDUREEmn><nINDIVIDUELCOLLECTIF UserID="0">28</nINDIVIDUELCOLLECTIF><nLIEU_TRAVAIL UserID="0">0</nLIEU_TRAVAIL><tCOMMENTAIRE UserID="0"/></DESCRIPTIF_ACTIVITE><PRODUCTION_ACTIVITE><nRENDU UserID="0">1</nRENDU><tDESCRIPTION_PRODUCTION UserID="0">note de synthèse</tDESCRIPTION_PRODUCTION><nDUREEh UserID="0">2</nDUREEh><nDUREEmn UserID="0">0</nDUREEmn><nOUTIL_ECHANGE UserID="0">0</nOUTIL_ECHANGE><nOUTIL_SUBSTITUTION UserID="0">0</nOUTIL_SUBSTITUTION><tDESCRIPTION_UTILISATION UserID="0"/><tCOMMENTAIRE UserID="0"/></PRODUCTION_ACTIVITE><ACCOMPAGNEMENT_ACTIVITE><ACCOMPAGNEMENTS_GLOBAUX><ACCOMPAGNEMENT_GLOBAL><nID>0</nID><nNOM UserID="0">0</nNOM><nTYPE UserID="0">0</nTYPE><nATTITUDE UserID="0">0</nATTITUDE><nACTION UserID="0">0</nACTION><tDESCRIPTIF UserID="0"/><nDUREE UserID="0">0</nDUREE><nGROUPE UserID="0">0</nGROUPE><nAPPRENANT UserID="0">0</nAPPRENANT><nPRESENCEDISTANCE UserID="0">0</nPRESENCEDISTANCE></ACCOMPAGNEMENT_GLOBAL><ACCOMPAGNEMENT_GLOBAL><nID>171</nID><nNOM UserID="0">105</nNOM><nTYPE UserID="0">0</nTYPE><nATTITUDE UserID="0">0</nATTITUDE><nACTION UserID="0">0</nACTION><tDESCRIPTIF UserID="0"/><nDUREE UserID="0">30</nDUREE><nGROUPE UserID="0">32</nGROUPE><nAPPRENANT UserID="0">0</nAPPRENANT><nPRESENCEDISTANCE UserID="0">1</nPRESENCEDISTANCE></ACCOMPAGNEMENT_GLOBAL><ACCOMPAGNEMENT_GLOBAL><nID>172</nID><nNOM UserID="0">106</nNOM><nTYPE UserID="0">0</nTYPE><nATTITUDE UserID="0">0</nATTITUDE><nACTION UserID="0">0</nACTION><tDESCRIPTIF UserID="0"/><nDUREE UserID="0">30</nDUREE><nGROUPE UserID="0">32</nGROUPE><nAPPRENANT UserID="0">0</nAPPRENANT><nPRESENCEDISTANCE UserID="0">1</nPRESENCEDISTANCE></ACCOMPAGNEMENT_GLOBAL></ACCOMPAGNEMENTS_GLOBAUX><nTYPE_OUTIL UserID="0">0</nTYPE_OUTIL><nOUTIL_SUBSTITUTION UserID="0">0</nOUTIL_SUBSTITUTION><tDESCRIPTION_UTILISATION UserID="0"/><tCOMMENTAIRE UserID="0"/></ACCOMPAGNEMENT_ACTIVITE><RESSOURCES_DOCS_ACTIVITE><RESSOURCES_PEDAGOGIQUES><RESSOURCE_PEDAGOGIQUE><nID>0</nID><tTITRE UserID="0">Choisir...</tTITRE><tDESCRIPTIF UserID="0"/><nTYPE UserID="0">0</nTYPE><tLIEN UserID="0"/></RESSOURCE_PEDAGOGIQUE></RESSOURCES_PEDAGOGIQUES><RESSOURCES_LOGISTIQUES><tADRESSE UserID="0"/><tDESCRIPTIF UserID="0"/><tLIEN UserID="0"/><nTYPE_SALLE UserID="0">0</nTYPE_SALLE><nNUMERO_SALLE UserID="0"/></RESSOURCES_LOGISTIQUES><tCOMMENTAIRE UserID="0"/></RESSOURCES_DOCS_ACTIVITE></PROPRIETES_ACTIVITES></ACTIVITE><ACTIVITE><JOURSPLANIFIES/><JPLANNING><nJOUR>9</nJOUR><nLIGNE>2</nLIGNE><nDUREE>1</nDUREE><nTOTAL_LIGNE>1</nTOTAL_LIGNE></JPLANNING><PROPRIETES_ACTIVITES><DESCRIPTIF_ACTIVITE><tTITRE UserID="0">Définition du sujet de projet</tTITRE><tOBJECTIF UserID="0"/><tDESCRIPTION UserID="0"/><nTYPE UserID="0">22</nTYPE><nCARACTERISTIQUE UserID="0">0</nCARACTERISTIQUE><nDUREEh UserID="0">1</nDUREEh><nDUREEmn UserID="0">0</nDUREEmn><nINDIVIDUELCOLLECTIF UserID="0">28</nINDIVIDUELCOLLECTIF><nLIEU_TRAVAIL UserID="0">2</nLIEU_TRAVAIL><tCOMMENTAIRE UserID="0"/></DESCRIPTIF_ACTIVITE><PRODUCTION_ACTIVITE><nRENDU UserID="0">1</nRENDU><tDESCRIPTION_PRODUCTION UserID="0"/><nDUREEh UserID="0">0</nDUREEh><nDUREEmn UserID="0">30</nDUREEmn><nOUTIL_ECHANGE UserID="0">0</nOUTIL_ECHANGE><nOUTIL_SUBSTITUTION UserID="0">0</nOUTIL_SUBSTITUTION><tDESCRIPTION_UTILISATION UserID="0"/><tCOMMENTAIRE UserID="0"/></PRODUCTION_ACTIVITE><ACCOMPAGNEMENT_ACTIVITE><ACCOMPAGNEMENTS_GLOBAUX><ACCOMPAGNEMENT_GLOBAL><nID>0</nID><nNOM UserID="0">0</nNOM><nTYPE UserID="0">0</nTYPE><nATTITUDE UserID="0">0</nATTITUDE><nACTION UserID="0">0</nACTION><tDESCRIPTIF UserID="0"/><nDUREE UserID="0">0</nDUREE><nGROUPE UserID="0">0</nGROUPE><nAPPRENANT UserID="0">0</nAPPRENANT><nPRESENCEDISTANCE UserID="0">0</nPRESENCEDISTANCE></ACCOMPAGNEMENT_GLOBAL><ACCOMPAGNEMENT_GLOBAL><nID>117</nID><nNOM UserID="0">105</nNOM><nTYPE UserID="0">2</nTYPE><nATTITUDE UserID="0">0</nATTITUDE><nACTION UserID="0">0</nACTION><tDESCRIPTIF UserID="0"/><nDUREE UserID="0">60</nDUREE><nGROUPE UserID="0">109</nGROUPE><nAPPRENANT UserID="0">0</nAPPRENANT><nPRESENCEDISTANCE UserID="0">0</nPRESENCEDISTANCE></ACCOMPAGNEMENT_GLOBAL><ACCOMPAGNEMENT_GLOBAL><nID>118</nID><nNOM UserID="0">106</nNOM><nTYPE UserID="0">2</nTYPE><nATTITUDE UserID="0">0</nATTITUDE><nACTION UserID="0">0</nACTION><tDESCRIPTIF UserID="0"/><nDUREE UserID="0">60</nDUREE><nGROUPE UserID="0">110</nGROUPE><nAPPRENANT UserID="0">0</nAPPRENANT><nPRESENCEDISTANCE UserID="0">0</nPRESENCEDISTANCE></ACCOMPAGNEMENT_GLOBAL><ACCOMPAGNEMENT_GLOBAL><nID>179</nID><nNOM UserID="0">105</nNOM><nTYPE UserID="0">2</nTYPE><nATTITUDE UserID="0">0</nATTITUDE><nACTION UserID="0">0</nACTION><tDESCRIPTIF UserID="0"/><nDUREE UserID="0">60</nDUREE><nGROUPE UserID="0">107</nGROUPE><nAPPRENANT UserID="0">0</nAPPRENANT><nPRESENCEDISTANCE UserID="0">0</nPRESENCEDISTANCE></ACCOMPAGNEMENT_GLOBAL><ACCOMPAGNEMENT_GLOBAL><nID>180</nID><nNOM UserID="0">106</nNOM><nTYPE UserID="0">2</nTYPE><nATTITUDE UserID="0">0</nATTITUDE><nACTION UserID="0">0</nACTION><tDESCRIPTIF UserID="0"/><nDUREE UserID="0">60</nDUREE><nGROUPE UserID="0">108</nGROUPE><nAPPRENANT UserID="0">0</nAPPRENANT><nPRESENCEDISTANCE UserID="0">0</nPRESENCEDISTANCE></ACCOMPAGNEMENT_GLOBAL></ACCOMPAGNEMENTS_GLOBAUX><nTYPE_OUTIL UserID="0">0</nTYPE_OUTIL><nOUTIL_SUBSTITUTION UserID="0">0</nOUTIL_SUBSTITUTION><tDESCRIPTION_UTILISATION UserID="0"/><tCOMMENTAIRE UserID="0"/></ACCOMPAGNEMENT_ACTIVITE><RESSOURCES_DOCS_ACTIVITE><RESSOURCES_PEDAGOGIQUES><RESSOURCE_PEDAGOGIQUE><nID>0</nID><tTITRE UserID="0">Choisir...</tTITRE><tDESCRIPTIF UserID="0"/><nTYPE UserID="0">0</nTYPE><tLIEN UserID="0"/></RESSOURCE_PEDAGOGIQUE></RESSOURCES_PEDAGOGIQUES><RESSOURCES_LOGISTIQUES><tADRESSE UserID="0"/><tDESCRIPTIF UserID="0"/><tLIEN UserID="0"/><nTYPE_SALLE UserID="0">0</nTYPE_SALLE><nNUMERO_SALLE UserID="0"/></RESSOURCES_LOGISTIQUES><tCOMMENTAIRE UserID="0"/></RESSOURCES_DOCS_ACTIVITE></PROPRIETES_ACTIVITES></ACTIVITE><ACTIVITE><JOURSPLANIFIES/><JPLANNING><nJOUR>30</nJOUR><nLIGNE>4</nLIGNE><nDUREE>33</nDUREE><nTOTAL_LIGNE>1</nTOTAL_LIGNE></JPLANNING><PROPRIETES_ACTIVITES><DESCRIPTIF_ACTIVITE><tTITRE UserID="0">Projet</tTITRE><tOBJECTIF UserID="0">Rédiger un projet de spectacle vivant</tOBJECTIF><tDESCRIPTION UserID="0"/><nTYPE UserID="0">26</nTYPE><nCARACTERISTIQUE UserID="0">0</nCARACTERISTIQUE><nDUREEh UserID="0">8</nDUREEh><nDUREEmn UserID="0">0</nDUREEmn><nINDIVIDUELCOLLECTIF UserID="0">28</nINDIVIDUELCOLLECTIF><nLIEU_TRAVAIL UserID="0">0</nLIEU_TRAVAIL><tCOMMENTAIRE UserID="0"/></DESCRIPTIF_ACTIVITE><PRODUCTION_ACTIVITE><nRENDU UserID="0">1</nRENDU><tDESCRIPTION_PRODUCTION UserID="0">Transparents de présentation</tDESCRIPTION_PRODUCTION><nDUREEh UserID="0">4</nDUREEh><nDUREEmn UserID="0">0</nDUREEmn><nOUTIL_ECHANGE UserID="0">0</nOUTIL_ECHANGE><nOUTIL_SUBSTITUTION UserID="0">0</nOUTIL_SUBSTITUTION><tDESCRIPTION_UTILISATION UserID="0"/><tCOMMENTAIRE UserID="0"/></PRODUCTION_ACTIVITE><ACCOMPAGNEMENT_ACTIVITE><ACCOMPAGNEMENTS_GLOBAUX><ACCOMPAGNEMENT_GLOBAL><nID>0</nID><nNOM UserID="0">0</nNOM><nTYPE UserID="0">0</nTYPE><nATTITUDE UserID="0">0</nATTITUDE><nACTION UserID="0">0</nACTION><tDESCRIPTIF UserID="0"/><nDUREE UserID="0">0</nDUREE><nGROUPE UserID="0">0</nGROUPE><nAPPRENANT UserID="0">0</nAPPRENANT><nPRESENCEDISTANCE UserID="0">0</nPRESENCEDISTANCE></ACCOMPAGNEMENT_GLOBAL><ACCOMPAGNEMENT_GLOBAL><nID>125</nID><nNOM UserID="0">105</nNOM><nTYPE UserID="0">0</nTYPE><nATTITUDE UserID="0">0</nATTITUDE><nACTION UserID="0">0</nACTION><tDESCRIPTIF UserID="0"/><nDUREE UserID="0">15</nDUREE><nGROUPE UserID="0">109</nGROUPE><nAPPRENANT UserID="0">0</nAPPRENANT><nPRESENCEDISTANCE UserID="0">1</nPRESENCEDISTANCE></ACCOMPAGNEMENT_GLOBAL><ACCOMPAGNEMENT_GLOBAL><nID>126</nID><nNOM UserID="0">106</nNOM><nTYPE UserID="0">0</nTYPE><nATTITUDE UserID="0">0</nATTITUDE><nACTION UserID="0">0</nACTION><tDESCRIPTIF UserID="0"/><nDUREE UserID="0">15</nDUREE><nGROUPE UserID="0">110</nGROUPE><nAPPRENANT UserID="0">0</nAPPRENANT><nPRESENCEDISTANCE UserID="0">1</nPRESENCEDISTANCE></ACCOMPAGNEMENT_GLOBAL><ACCOMPAGNEMENT_GLOBAL><nID>183</nID><nNOM UserID="0">105</nNOM><nTYPE UserID="0">0</nTYPE><nATTITUDE UserID="0">0</nATTITUDE><nACTION UserID="0">0</nACTION><tDESCRIPTIF UserID="0"/><nDUREE UserID="0">15</nDUREE><nGROUPE UserID="0">107</nGROUPE><nAPPRENANT UserID="0">0</nAPPRENANT><nPRESENCEDISTANCE UserID="0">1</nPRESENCEDISTANCE></ACCOMPAGNEMENT_GLOBAL><ACCOMPAGNEMENT_GLOBAL><nID>184</nID><nNOM UserID="0">106</nNOM><nTYPE UserID="0">0</nTYPE><nATTITUDE UserID="0">0</nATTITUDE><nACTION UserID="0">0</nACTION><tDESCRIPTIF UserID="0"/><nDUREE UserID="0">15</nDUREE><nGROUPE UserID="0">108</nGROUPE><nAPPRENANT UserID="0">0</nAPPRENANT><nPRESENCEDISTANCE UserID="0">1</nPRESENCEDISTANCE></ACCOMPAGNEMENT_GLOBAL></ACCOMPAGNEMENTS_GLOBAUX><nTYPE_OUTIL UserID="0">13</nTYPE_OUTIL><nOUTIL_SUBSTITUTION UserID="0">0</nOUTIL_SUBSTITUTION><tDESCRIPTION_UTILISATION UserID="0"/><tCOMMENTAIRE UserID="0"/></ACCOMPAGNEMENT_ACTIVITE><RESSOURCES_DOCS_ACTIVITE><RESSOURCES_PEDAGOGIQUES><RESSOURCE_PEDAGOGIQUE><nID>0</nID><tTITRE UserID="0">Choisir...</tTITRE><tDESCRIPTIF UserID="0"/><nTYPE UserID="0">0</nTYPE><tLIEN UserID="0"/></RESSOURCE_PEDAGOGIQUE></RESSOURCES_PEDAGOGIQUES><RESSOURCES_LOGISTIQUES><tADRESSE UserID="0"/><tDESCRIPTIF UserID="0"/><tLIEN UserID="0"/><nTYPE_SALLE UserID="0">0</nTYPE_SALLE><nNUMERO_SALLE UserID="0"/></RESSOURCES_LOGISTIQUES><tCOMMENTAIRE UserID="0"/></RESSOURCES_DOCS_ACTIVITE></PROPRIETES_ACTIVITES></ACTIVITE><ACTIVITE><JOURSPLANIFIES/><JPLANNING><nJOUR>65</nJOUR><nLIGNE>3</nLIGNE><nDUREE>1</nDUREE><nTOTAL_LIGNE>1</nTOTAL_LIGNE></JPLANNING><PROPRIETES_ACTIVITES><DESCRIPTIF_ACTIVITE><tTITRE UserID="0">Soutenance</tTITRE><tOBJECTIF UserID="0">Présenter aux autres groupes et à vos enseignants le résultat de vos projets</tOBJECTIF><tDESCRIPTION UserID="0"/><nTYPE UserID="0">21</nTYPE><nCARACTERISTIQUE UserID="0">0</nCARACTERISTIQUE><nDUREEh UserID="0">3</nDUREEh><nDUREEmn UserID="0">0</nDUREEmn><nINDIVIDUELCOLLECTIF UserID="0">31</nINDIVIDUELCOLLECTIF><nLIEU_TRAVAIL UserID="0">2</nLIEU_TRAVAIL><tCOMMENTAIRE UserID="0"/></DESCRIPTIF_ACTIVITE><PRODUCTION_ACTIVITE><nRENDU UserID="0">0</nRENDU><tDESCRIPTION_PRODUCTION UserID="0"/><nDUREEh UserID="0">0</nDUREEh><nDUREEmn UserID="0">0</nDUREEmn><nOUTIL_ECHANGE UserID="0">0</nOUTIL_ECHANGE><nOUTIL_SUBSTITUTION UserID="0">0</nOUTIL_SUBSTITUTION><tDESCRIPTION_UTILISATION UserID="0"/><tCOMMENTAIRE UserID="0"/></PRODUCTION_ACTIVITE><ACCOMPAGNEMENT_ACTIVITE><ACCOMPAGNEMENTS_GLOBAUX><ACCOMPAGNEMENT_GLOBAL><nID>0</nID><nNOM UserID="0">0</nNOM><nTYPE UserID="0">0</nTYPE><nATTITUDE UserID="0">0</nATTITUDE><nACTION UserID="0">0</nACTION><tDESCRIPTIF UserID="0"/><nDUREE UserID="0">0</nDUREE><nGROUPE UserID="0">0</nGROUPE><nAPPRENANT UserID="0">0</nAPPRENANT><nPRESENCEDISTANCE UserID="0">0</nPRESENCEDISTANCE></ACCOMPAGNEMENT_GLOBAL><ACCOMPAGNEMENT_GLOBAL><nID>121</nID><nNOM UserID="0">105</nNOM><nTYPE UserID="0">0</nTYPE><nATTITUDE UserID="0">0</nATTITUDE><nACTION UserID="0">0</nACTION><tDESCRIPTIF UserID="0"/><nDUREE UserID="0">180</nDUREE><nGROUPE UserID="0">32</nGROUPE><nAPPRENANT UserID="0">0</nAPPRENANT><nPRESENCEDISTANCE UserID="0">0</nPRESENCEDISTANCE></ACCOMPAGNEMENT_GLOBAL><ACCOMPAGNEMENT_GLOBAL><nID>122</nID><nNOM UserID="0">106</nNOM><nTYPE UserID="0">0</nTYPE><nATTITUDE UserID="0">0</nATTITUDE><nACTION UserID="0">0</nACTION><tDESCRIPTIF UserID="0"/><nDUREE UserID="0">180</nDUREE><nGROUPE UserID="0">32</nGROUPE><nAPPRENANT UserID="0">0</nAPPRENANT><nPRESENCEDISTANCE UserID="0">0</nPRESENCEDISTANCE></ACCOMPAGNEMENT_GLOBAL></ACCOMPAGNEMENTS_GLOBAUX><nTYPE_OUTIL UserID="0">0</nTYPE_OUTIL><nOUTIL_SUBSTITUTION UserID="0">0</nOUTIL_SUBSTITUTION><tDESCRIPTION_UTILISATION UserID="0"/><tCOMMENTAIRE UserID="0"/></ACCOMPAGNEMENT_ACTIVITE><RESSOURCES_DOCS_ACTIVITE><RESSOURCES_PEDAGOGIQUES><RESSOURCE_PEDAGOGIQUE><nID>0</nID><tTITRE UserID="0">Choisir...</tTITRE><tDESCRIPTIF UserID="0"/><nTYPE UserID="0">0</nTYPE><tLIEN UserID="0"/></RESSOURCE_PEDAGOGIQUE></RESSOURCES_PEDAGOGIQUES><RESSOURCES_LOGISTIQUES><tADRESSE UserID="0"/><tDESCRIPTIF UserID="0"/><tLIEN UserID="0"/><nTYPE_SALLE UserID="0">0</nTYPE_SALLE><nNUMERO_SALLE UserID="0"/></RESSOURCES_LOGISTIQUES><tCOMMENTAIRE UserID="0"/></RESSOURCES_DOCS_ACTIVITE></PROPRIETES_ACTIVITES></ACTIVITE><ACTIVITE><JOURSPLANIFIES/><JPLANNING><nJOUR>23</nJOUR><nLIGNE>2</nLIGNE><nDUREE>1</nDUREE><nTOTAL_LIGNE>1</nTOTAL_LIGNE></JPLANNING><PROPRIETES_ACTIVITES><DESCRIPTIF_ACTIVITE><tTITRE UserID="0">Orientations du projet</tTITRE><tOBJECTIF UserID="0">Valider les orientations choisies pour le projet</tOBJECTIF><tDESCRIPTION UserID="0"/><nTYPE UserID="0">22</nTYPE><nCARACTERISTIQUE UserID="0">0</nCARACTERISTIQUE><nDUREEh UserID="0">1</nDUREEh><nDUREEmn UserID="0">0</nDUREEmn><nINDIVIDUELCOLLECTIF UserID="0">28</nINDIVIDUELCOLLECTIF><nLIEU_TRAVAIL UserID="0">2</nLIEU_TRAVAIL><tCOMMENTAIRE UserID="0"/></DESCRIPTIF_ACTIVITE><PRODUCTION_ACTIVITE><nRENDU UserID="0">0</nRENDU><tDESCRIPTION_PRODUCTION UserID="0"/><nDUREEh UserID="0">0</nDUREEh><nDUREEmn UserID="0">0</nDUREEmn><nOUTIL_ECHANGE UserID="0">0</nOUTIL_ECHANGE><nOUTIL_SUBSTITUTION UserID="0">0</nOUTIL_SUBSTITUTION><tDESCRIPTION_UTILISATION UserID="0"/><tCOMMENTAIRE UserID="0"/></PRODUCTION_ACTIVITE><ACCOMPAGNEMENT_ACTIVITE><ACCOMPAGNEMENTS_GLOBAUX><ACCOMPAGNEMENT_GLOBAL><nID>0</nID><nNOM UserID="0">0</nNOM><nTYPE UserID="0">0</nTYPE><nATTITUDE UserID="0">0</nATTITUDE><nACTION UserID="0">0</nACTION><tDESCRIPTIF UserID="0"/><nDUREE UserID="0">0</nDUREE><nGROUPE UserID="0">0</nGROUPE><nAPPRENANT UserID="0">0</nAPPRENANT><nPRESENCEDISTANCE UserID="0">0</nPRESENCEDISTANCE></ACCOMPAGNEMENT_GLOBAL><ACCOMPAGNEMENT_GLOBAL><nID>117</nID><nNOM UserID="0">105</nNOM><nTYPE UserID="0">2</nTYPE><nATTITUDE UserID="0">0</nATTITUDE><nACTION UserID="0">0</nACTION><tDESCRIPTIF UserID="0"/><nDUREE UserID="0">60</nDUREE><nGROUPE UserID="0">109</nGROUPE><nAPPRENANT UserID="0">0</nAPPRENANT><nPRESENCEDISTANCE UserID="0">0</nPRESENCEDISTANCE></ACCOMPAGNEMENT_GLOBAL><ACCOMPAGNEMENT_GLOBAL><nID>118</nID><nNOM UserID="0">106</nNOM><nTYPE UserID="0">2</nTYPE><nATTITUDE UserID="0">0</nATTITUDE><nACTION UserID="0">0</nACTION><tDESCRIPTIF UserID="0"/><nDUREE UserID="0">60</nDUREE><nGROUPE UserID="0">110</nGROUPE><nAPPRENANT UserID="0">0</nAPPRENANT><nPRESENCEDISTANCE UserID="0">0</nPRESENCEDISTANCE></ACCOMPAGNEMENT_GLOBAL><ACCOMPAGNEMENT_GLOBAL><nID>181</nID><nNOM UserID="0">105</nNOM><nTYPE UserID="0">2</nTYPE><nATTITUDE UserID="0">0</nATTITUDE><nACTION UserID="0">0</nACTION><tDESCRIPTIF UserID="0"/><nDUREE UserID="0">60</nDUREE><nGROUPE UserID="0">107</nGROUPE><nAPPRENANT UserID="0">0</nAPPRENANT><nPRESENCEDISTANCE UserID="0">0</nPRESENCEDISTANCE></ACCOMPAGNEMENT_GLOBAL><ACCOMPAGNEMENT_GLOBAL><nID>182</nID><nNOM UserID="0">106</nNOM><nTYPE UserID="0">2</nTYPE><nATTITUDE UserID="0">0</nATTITUDE><nACTION UserID="0">0</nACTION><tDESCRIPTIF UserID="0"/><nDUREE UserID="0">60</nDUREE><nGROUPE UserID="0">108</nGROUPE><nAPPRENANT UserID="0">0</nAPPRENANT><nPRESENCEDISTANCE UserID="0">0</nPRESENCEDISTANCE></ACCOMPAGNEMENT_GLOBAL></ACCOMPAGNEMENTS_GLOBAUX><nTYPE_OUTIL UserID="0">0</nTYPE_OUTIL><nOUTIL_SUBSTITUTION UserID="0">0</nOUTIL_SUBSTITUTION><tDESCRIPTION_UTILISATION UserID="0"/><tCOMMENTAIRE UserID="0"/></ACCOMPAGNEMENT_ACTIVITE><RESSOURCES_DOCS_ACTIVITE><RESSOURCES_PEDAGOGIQUES><RESSOURCE_PEDAGOGIQUE><nID>0</nID><tTITRE UserID="0">Choisir...</tTITRE><tDESCRIPTIF UserID="0"/><nTYPE UserID="0">0</nTYPE><tLIEN UserID="0"/></RESSOURCE_PEDAGOGIQUE></RESSOURCES_PEDAGOGIQUES><RESSOURCES_LOGISTIQUES><tADRESSE UserID="0"/><tDESCRIPTIF UserID="0"/><tLIEN UserID="0"/><nTYPE_SALLE UserID="0">0</nTYPE_SALLE><nNUMERO_SALLE UserID="0"/></RESSOURCES_LOGISTIQUES><tCOMMENTAIRE UserID="0"/></RESSOURCES_DOCS_ACTIVITE></PROPRIETES_ACTIVITES></ACTIVITE></ACTIVITES></SEQUENCE><SEQUENCE><JPLANNING><nJOUR>17</nJOUR><nLIGNE>6</nLIGNE><nDUREE>30</nDUREE><nTOTAL_LIGNE>6</nTOTAL_LIGNE></JPLANNING><PROPRIETES_SEQUENCE><DESCRIPTIF_SEQUENCE><tTITRE UserID="0">Arts vivants au XXeme siècle</tTITRE><tOBJECTIF UserID="0">Connaitre et  situer sa pratique au sein des mouvements du spectacle vivant</tOBJECTIF><tDESCRIPTION UserID="0"/><tCOMMENTAIRE UserID="0"/></DESCRIPTIF_SEQUENCE></PROPRIETES_SEQUENCE><ACTIVITES><ACTIVITE><JOURSPLANIFIES/><JPLANNING><nJOUR>15</nJOUR><nLIGNE>2</nLIGNE><nDUREE>1</nDUREE><nTOTAL_LIGNE>1</nTOTAL_LIGNE></JPLANNING><PROPRIETES_ACTIVITES><DESCRIPTIF_ACTIVITE><tTITRE UserID="0">Théatre en France</tTITRE><tOBJECTIF UserID="0">Mieux connaître la scene en France</tOBJECTIF><tDESCRIPTION UserID="0"/><nTYPE UserID="0">27</nTYPE><nCARACTERISTIQUE UserID="0">0</nCARACTERISTIQUE><nDUREEh UserID="0">1</nDUREEh><nDUREEmn UserID="0">30</nDUREEmn><nINDIVIDUELCOLLECTIF UserID="0">31</nINDIVIDUELCOLLECTIF><nLIEU_TRAVAIL UserID="0">2</nLIEU_TRAVAIL><tCOMMENTAIRE UserID="0"/></DESCRIPTIF_ACTIVITE><PRODUCTION_ACTIVITE><nRENDU UserID="0">0</nRENDU><tDESCRIPTION_PRODUCTION UserID="0"/><nDUREEh UserID="0">0</nDUREEh><nDUREEmn UserID="0">0</nDUREEmn><nOUTIL_ECHANGE UserID="0">0</nOUTIL_ECHANGE><nOUTIL_SUBSTITUTION UserID="0">0</nOUTIL_SUBSTITUTION><tDESCRIPTION_UTILISATION UserID="0"/><tCOMMENTAIRE UserID="0"/></PRODUCTION_ACTIVITE><ACCOMPAGNEMENT_ACTIVITE><ACCOMPAGNEMENTS_GLOBAUX><ACCOMPAGNEMENT_GLOBAL><nID>0</nID><nNOM UserID="0">0</nNOM><nTYPE UserID="0">0</nTYPE><nATTITUDE UserID="0">0</nATTITUDE><nACTION UserID="0">0</nACTION><tDESCRIPTIF UserID="0"/><nDUREE UserID="0">0</nDUREE><nGROUPE UserID="0">0</nGROUPE><nAPPRENANT UserID="0">0</nAPPRENANT><nPRESENCEDISTANCE UserID="0">0</nPRESENCEDISTANCE></ACCOMPAGNEMENT_GLOBAL><ACCOMPAGNEMENT_GLOBAL><nID>134</nID><nNOM UserID="0">104</nNOM><nTYPE UserID="0">5</nTYPE><nATTITUDE UserID="0">0</nATTITUDE><nACTION UserID="0">0</nACTION><tDESCRIPTIF UserID="0"/><nDUREE UserID="0">90</nDUREE><nGROUPE UserID="0">32</nGROUPE><nAPPRENANT UserID="0">0</nAPPRENANT><nPRESENCEDISTANCE UserID="0">0</nPRESENCEDISTANCE></ACCOMPAGNEMENT_GLOBAL></ACCOMPAGNEMENTS_GLOBAUX><nTYPE_OUTIL UserID="0">0</nTYPE_OUTIL><nOUTIL_SUBSTITUTION UserID="0">0</nOUTIL_SUBSTITUTION><tDESCRIPTION_UTILISATION UserID="0"/><tCOMMENTAIRE UserID="0"/></ACCOMPAGNEMENT_ACTIVITE><RESSOURCES_DOCS_ACTIVITE><RESSOURCES_PEDAGOGIQUES><RESSOURCE_PEDAGOGIQUE><nID>0</nID><tTITRE UserID="0">Choisir...</tTITRE><tDESCRIPTIF UserID="0"/><nTYPE UserID="0">0</nTYPE><tLIEN UserID="0"/></RESSOURCE_PEDAGOGIQUE></RESSOURCES_PEDAGOGIQUES><RESSOURCES_LOGISTIQUES><tADRESSE UserID="0"/><tDESCRIPTIF UserID="0"/><tLIEN UserID="0"/><nTYPE_SALLE UserID="0">0</nTYPE_SALLE><nNUMERO_SALLE UserID="0"/></RESSOURCES_LOGISTIQUES><tCOMMENTAIRE UserID="0"/></RESSOURCES_DOCS_ACTIVITE></PROPRIETES_ACTIVITES></ACTIVITE><ACTIVITE><JOURSPLANIFIES/><JPLANNING><nJOUR>16</nJOUR><nLIGNE>3</nLIGNE><nDUREE>12</nDUREE><nTOTAL_LIGNE>1</nTOTAL_LIGNE></JPLANNING><PROPRIETES_ACTIVITES><DESCRIPTIF_ACTIVITE><tTITRE UserID="0">courants danses</tTITRE><tOBJECTIF UserID="0">Connaître et situer les différents mouvements de danse au cours du XXème siécle</tOBJECTIF><tDESCRIPTION UserID="0"/><nTYPE UserID="0">19</nTYPE><nCARACTERISTIQUE UserID="0">0</nCARACTERISTIQUE><nDUREEh UserID="0">2</nDUREEh><nDUREEmn UserID="0">0</nDUREEmn><nINDIVIDUELCOLLECTIF UserID="0">28</nINDIVIDUELCOLLECTIF><nLIEU_TRAVAIL UserID="0">0</nLIEU_TRAVAIL><tCOMMENTAIRE UserID="0"/></DESCRIPTIF_ACTIVITE><PRODUCTION_ACTIVITE><nRENDU UserID="0">0</nRENDU><tDESCRIPTION_PRODUCTION UserID="0"/><nDUREEh UserID="0">0</nDUREEh><nDUREEmn UserID="0">0</nDUREEmn><nOUTIL_ECHANGE UserID="0">0</nOUTIL_ECHANGE><nOUTIL_SUBSTITUTION UserID="0">0</nOUTIL_SUBSTITUTION><tDESCRIPTION_UTILISATION UserID="0"/><tCOMMENTAIRE UserID="0"/></PRODUCTION_ACTIVITE><ACCOMPAGNEMENT_ACTIVITE><ACCOMPAGNEMENTS_GLOBAUX><ACCOMPAGNEMENT_GLOBAL><nID>0</nID><nNOM UserID="0">0</nNOM><nTYPE UserID="0">0</nTYPE><nATTITUDE UserID="0">0</nATTITUDE><nACTION UserID="0">0</nACTION><tDESCRIPTIF UserID="0"/><nDUREE UserID="0">0</nDUREE><nGROUPE UserID="0">0</nGROUPE><nAPPRENANT UserID="0">0</nAPPRENANT><nPRESENCEDISTANCE UserID="0">0</nPRESENCEDISTANCE></ACCOMPAGNEMENT_GLOBAL></ACCOMPAGNEMENTS_GLOBAUX><nTYPE_OUTIL UserID="0">0</nTYPE_OUTIL><nOUTIL_SUBSTITUTION UserID="0">0</nOUTIL_SUBSTITUTION><tDESCRIPTION_UTILISATION UserID="0"/><tCOMMENTAIRE UserID="0"/></ACCOMPAGNEMENT_ACTIVITE><RESSOURCES_DOCS_ACTIVITE><RESSOURCES_PEDAGOGIQUES><RESSOURCE_PEDAGOGIQUE><nID>0</nID><tTITRE UserID="0">Choisir...</tTITRE><tDESCRIPTIF UserID="0"/><nTYPE UserID="0">0</nTYPE><tLIEN UserID="0"/></RESSOURCE_PEDAGOGIQUE></RESSOURCES_PEDAGOGIQUES><RESSOURCES_LOGISTIQUES><tADRESSE UserID="0"/><tDESCRIPTIF UserID="0"/><tLIEN UserID="0"/><nTYPE_SALLE UserID="0">0</nTYPE_SALLE><nNUMERO_SALLE UserID="0"/></RESSOURCES_LOGISTIQUES><tCOMMENTAIRE UserID="0"/></RESSOURCES_DOCS_ACTIVITE></PROPRIETES_ACTIVITES></ACTIVITE><ACTIVITE><JOURSPLANIFIES/><JPLANNING><nJOUR>2</nJOUR><nLIGNE>4</nLIGNE><nDUREE>11</nDUREE><nTOTAL_LIGNE>1</nTOTAL_LIGNE></JPLANNING><PROPRIETES_ACTIVITES><DESCRIPTIF_ACTIVITE><tTITRE UserID="0">courants théatre</tTITRE><tOBJECTIF UserID="0">Connaître et situer les différents mouvements dans le théatre au cours du XXème siécle</tOBJECTIF><tDESCRIPTION UserID="0"/><nTYPE UserID="0">19</nTYPE><nCARACTERISTIQUE UserID="0">0</nCARACTERISTIQUE><nDUREEh UserID="0">2</nDUREEh><nDUREEmn UserID="0">30</nDUREEmn><nINDIVIDUELCOLLECTIF UserID="0">28</nINDIVIDUELCOLLECTIF><nLIEU_TRAVAIL UserID="0">0</nLIEU_TRAVAIL><tCOMMENTAIRE UserID="0"/></DESCRIPTIF_ACTIVITE><PRODUCTION_ACTIVITE><nRENDU UserID="0">1</nRENDU><tDESCRIPTION_PRODUCTION UserID="0">Questions pour le cours sur le théâtre et l'intervention de M. Ratiovit</tDESCRIPTION_PRODUCTION><nDUREEh UserID="0">0</nDUREEh><nDUREEmn UserID="0">20</nDUREEmn><nOUTIL_ECHANGE UserID="0">13</nOUTIL_ECHANGE><nOUTIL_SUBSTITUTION UserID="0">0</nOUTIL_SUBSTITUTION><tDESCRIPTION_UTILISATION UserID="0"/><tCOMMENTAIRE UserID="0"/></PRODUCTION_ACTIVITE><ACCOMPAGNEMENT_ACTIVITE><ACCOMPAGNEMENTS_GLOBAUX><ACCOMPAGNEMENT_GLOBAL><nID>0</nID><nNOM UserID="0">0</nNOM><nTYPE UserID="0">0</nTYPE><nATTITUDE UserID="0">0</nATTITUDE><nACTION UserID="0">0</nACTION><tDESCRIPTIF UserID="0"/><nDUREE UserID="0">0</nDUREE><nGROUPE UserID="0">0</nGROUPE><nAPPRENANT UserID="0">0</nAPPRENANT><nPRESENCEDISTANCE UserID="0">0</nPRESENCEDISTANCE></ACCOMPAGNEMENT_GLOBAL><ACCOMPAGNEMENT_GLOBAL><nID>135</nID><nNOM UserID="0">104</nNOM><nTYPE UserID="0">0</nTYPE><nATTITUDE UserID="0">0</nATTITUDE><nACTION UserID="0">0</nACTION><tDESCRIPTIF UserID="0"/><nDUREE UserID="0">30</nDUREE><nGROUPE UserID="0">32</nGROUPE><nAPPRENANT UserID="0">0</nAPPRENANT><nPRESENCEDISTANCE UserID="0">1</nPRESENCEDISTANCE></ACCOMPAGNEMENT_GLOBAL></ACCOMPAGNEMENTS_GLOBAUX><nTYPE_OUTIL UserID="0">13</nTYPE_OUTIL><nOUTIL_SUBSTITUTION UserID="0">0</nOUTIL_SUBSTITUTION><tDESCRIPTION_UTILISATION UserID="0"/><tCOMMENTAIRE UserID="0"/></ACCOMPAGNEMENT_ACTIVITE><RESSOURCES_DOCS_ACTIVITE><RESSOURCES_PEDAGOGIQUES><RESSOURCE_PEDAGOGIQUE><nID>0</nID><tTITRE UserID="0">Choisir...</tTITRE><tDESCRIPTIF UserID="0"/><nTYPE UserID="0">0</nTYPE><tLIEN UserID="0"/></RESSOURCE_PEDAGOGIQUE></RESSOURCES_PEDAGOGIQUES><RESSOURCES_LOGISTIQUES><tADRESSE UserID="0"/><tDESCRIPTIF UserID="0"/><tLIEN UserID="0"/><nTYPE_SALLE UserID="0">0</nTYPE_SALLE><nNUMERO_SALLE UserID="0"/></RESSOURCES_LOGISTIQUES><tCOMMENTAIRE UserID="0"/></RESSOURCES_DOCS_ACTIVITE></PROPRIETES_ACTIVITES></ACTIVITE><ACTIVITE><JOURSPLANIFIES/><JPLANNING><nJOUR>1</nJOUR><nLIGNE>3</nLIGNE><nDUREE>1</nDUREE><nTOTAL_LIGNE>1</nTOTAL_LIGNE></JPLANNING><PROPRIETES_ACTIVITES><DESCRIPTIF_ACTIVITE><tTITRE UserID="0">L'art vivant</tTITRE><tOBJECTIF UserID="0">Mieux connaître la scene en France</tOBJECTIF><tDESCRIPTION UserID="0"/><nTYPE UserID="0">27</nTYPE><nCARACTERISTIQUE UserID="0">0</nCARACTERISTIQUE><nDUREEh UserID="0">1</nDUREEh><nDUREEmn UserID="0">30</nDUREEmn><nINDIVIDUELCOLLECTIF UserID="0">31</nINDIVIDUELCOLLECTIF><nLIEU_TRAVAIL UserID="0">2</nLIEU_TRAVAIL><tCOMMENTAIRE UserID="0"/></DESCRIPTIF_ACTIVITE><PRODUCTION_ACTIVITE><nRENDU UserID="0">0</nRENDU><tDESCRIPTION_PRODUCTION UserID="0"/><nDUREEh UserID="0">0</nDUREEh><nDUREEmn UserID="0">0</nDUREEmn><nOUTIL_ECHANGE UserID="0">0</nOUTIL_ECHANGE><nOUTIL_SUBSTITUTION UserID="0">0</nOUTIL_SUBSTITUTION><tDESCRIPTION_UTILISATION UserID="0"/><tCOMMENTAIRE UserID="0"/></PRODUCTION_ACTIVITE><ACCOMPAGNEMENT_ACTIVITE><ACCOMPAGNEMENTS_GLOBAUX><ACCOMPAGNEMENT_GLOBAL><nID>0</nID><nNOM UserID="0">0</nNOM><nTYPE UserID="0">0</nTYPE><nATTITUDE UserID="0">0</nATTITUDE><nACTION UserID="0">0</nACTION><tDESCRIPTIF UserID="0"/><nDUREE UserID="0">0</nDUREE><nGROUPE UserID="0">0</nGROUPE><nAPPRENANT UserID="0">0</nAPPRENANT><nPRESENCEDISTANCE UserID="0">0</nPRESENCEDISTANCE></ACCOMPAGNEMENT_GLOBAL><ACCOMPAGNEMENT_GLOBAL><nID>137</nID><nNOM UserID="0">103</nNOM><nTYPE UserID="0">0</nTYPE><nATTITUDE UserID="0">0</nATTITUDE><nACTION UserID="0">0</nACTION><tDESCRIPTIF UserID="0"/><nDUREE UserID="0">90</nDUREE><nGROUPE UserID="0">32</nGROUPE><nAPPRENANT UserID="0">0</nAPPRENANT><nPRESENCEDISTANCE UserID="0">0</nPRESENCEDISTANCE></ACCOMPAGNEMENT_GLOBAL></ACCOMPAGNEMENTS_GLOBAUX><nTYPE_OUTIL UserID="0">0</nTYPE_OUTIL><nOUTIL_SUBSTITUTION UserID="0">0</nOUTIL_SUBSTITUTION><tDESCRIPTION_UTILISATION UserID="0"/><tCOMMENTAIRE UserID="0"/></ACCOMPAGNEMENT_ACTIVITE><RESSOURCES_DOCS_ACTIVITE><RESSOURCES_PEDAGOGIQUES><RESSOURCE_PEDAGOGIQUE><nID>0</nID><tTITRE UserID="0">Choisir...</tTITRE><tDESCRIPTIF UserID="0"/><nTYPE UserID="0">0</nTYPE><tLIEN UserID="0"/></RESSOURCE_PEDAGOGIQUE></RESSOURCES_PEDAGOGIQUES><RESSOURCES_LOGISTIQUES><tADRESSE UserID="0"/><tDESCRIPTIF UserID="0"/><tLIEN UserID="0"/><nTYPE_SALLE UserID="0">0</nTYPE_SALLE><nNUMERO_SALLE UserID="0"/></RESSOURCES_LOGISTIQUES><tCOMMENTAIRE UserID="0"/></RESSOURCES_DOCS_ACTIVITE></PROPRIETES_ACTIVITES></ACTIVITE><ACTIVITE><JOURSPLANIFIES/><JPLANNING><nJOUR>29</nJOUR><nLIGNE>5</nLIGNE><nDUREE>1</nDUREE><nTOTAL_LIGNE>1</nTOTAL_LIGNE></JPLANNING><PROPRIETES_ACTIVITES><DESCRIPTIF_ACTIVITE><tTITRE UserID="0">Gladys Glado</tTITRE><tOBJECTIF UserID="0">Situer sa pratique en danse contemporaine : le cas de Gladys Glado</tOBJECTIF><tDESCRIPTION UserID="0"/><nTYPE UserID="0">25</nTYPE><nCARACTERISTIQUE UserID="0">0</nCARACTERISTIQUE><nDUREEh UserID="0">2</nDUREEh><nDUREEmn UserID="0">0</nDUREEmn><nINDIVIDUELCOLLECTIF UserID="0">0</nINDIVIDUELCOLLECTIF><nLIEU_TRAVAIL UserID="0">2</nLIEU_TRAVAIL><tCOMMENTAIRE UserID="0"/></DESCRIPTIF_ACTIVITE><PRODUCTION_ACTIVITE><nRENDU UserID="0">0</nRENDU><tDESCRIPTION_PRODUCTION UserID="0"/><nDUREEh UserID="0">0</nDUREEh><nDUREEmn UserID="0">0</nDUREEmn><nOUTIL_ECHANGE UserID="0">0</nOUTIL_ECHANGE><nOUTIL_SUBSTITUTION UserID="0">0</nOUTIL_SUBSTITUTION><tDESCRIPTION_UTILISATION UserID="0"/><tCOMMENTAIRE UserID="0"/></PRODUCTION_ACTIVITE><ACCOMPAGNEMENT_ACTIVITE><ACCOMPAGNEMENTS_GLOBAUX><ACCOMPAGNEMENT_GLOBAL><nID>0</nID><nNOM UserID="0">0</nNOM><nTYPE UserID="0">0</nTYPE><nATTITUDE UserID="0">0</nATTITUDE><nACTION UserID="0">0</nACTION><tDESCRIPTIF UserID="0"/><nDUREE UserID="0">0</nDUREE><nGROUPE UserID="0">0</nGROUPE><nAPPRENANT UserID="0">0</nAPPRENANT><nPRESENCEDISTANCE UserID="0">0</nPRESENCEDISTANCE></ACCOMPAGNEMENT_GLOBAL><ACCOMPAGNEMENT_GLOBAL><nID>141</nID><nNOM UserID="0">140</nNOM><nTYPE UserID="0">0</nTYPE><nATTITUDE UserID="0">0</nATTITUDE><nACTION UserID="0">0</nACTION><tDESCRIPTIF UserID="0"/><nDUREE UserID="0">120</nDUREE><nGROUPE UserID="0">32</nGROUPE><nAPPRENANT UserID="0">0</nAPPRENANT><nPRESENCEDISTANCE UserID="0">0</nPRESENCEDISTANCE></ACCOMPAGNEMENT_GLOBAL></ACCOMPAGNEMENTS_GLOBAUX><nTYPE_OUTIL UserID="0">0</nTYPE_OUTIL><nOUTIL_SUBSTITUTION UserID="0">0</nOUTIL_SUBSTITUTION><tDESCRIPTION_UTILISATION UserID="0"/><tCOMMENTAIRE UserID="0"/></ACCOMPAGNEMENT_ACTIVITE><RESSOURCES_DOCS_ACTIVITE><RESSOURCES_PEDAGOGIQUES><RESSOURCE_PEDAGOGIQUE><nID>0</nID><tTITRE UserID="0">Choisir...</tTITRE><tDESCRIPTIF UserID="0"/><nTYPE UserID="0">0</nTYPE><tLIEN UserID="0"/></RESSOURCE_PEDAGOGIQUE></RESSOURCES_PEDAGOGIQUES><RESSOURCES_LOGISTIQUES><tADRESSE UserID="0"/><tDESCRIPTIF UserID="0"/><tLIEN UserID="0"/><nTYPE_SALLE UserID="0">0</nTYPE_SALLE><nNUMERO_SALLE UserID="0"/></RESSOURCES_LOGISTIQUES><tCOMMENTAIRE UserID="0"/></RESSOURCES_DOCS_ACTIVITE></PROPRIETES_ACTIVITES></ACTIVITE><ACTIVITE><JOURSPLANIFIES/><JPLANNING><nJOUR>29</nJOUR><nLIGNE>2</nLIGNE><nDUREE>1</nDUREE><nTOTAL_LIGNE>1</nTOTAL_LIGNE></JPLANNING><PROPRIETES_ACTIVITES><DESCRIPTIF_ACTIVITE><tTITRE UserID="0">Danse en France</tTITRE><tOBJECTIF UserID="0">Connaître la scene en France (danse conptemporaine)</tOBJECTIF><tDESCRIPTION UserID="0"/><nTYPE UserID="0">27</nTYPE><nCARACTERISTIQUE UserID="0">0</nCARACTERISTIQUE><nDUREEh UserID="0">1</nDUREEh><nDUREEmn UserID="0">30</nDUREEmn><nINDIVIDUELCOLLECTIF UserID="0">31</nINDIVIDUELCOLLECTIF><nLIEU_TRAVAIL UserID="0">2</nLIEU_TRAVAIL><tCOMMENTAIRE UserID="0"/></DESCRIPTIF_ACTIVITE><PRODUCTION_ACTIVITE><nRENDU UserID="0">0</nRENDU><tDESCRIPTION_PRODUCTION UserID="0"/><nDUREEh UserID="0">0</nDUREEh><nDUREEmn UserID="0">0</nDUREEmn><nOUTIL_ECHANGE UserID="0">0</nOUTIL_ECHANGE><nOUTIL_SUBSTITUTION UserID="0">0</nOUTIL_SUBSTITUTION><tDESCRIPTION_UTILISATION UserID="0"/><tCOMMENTAIRE UserID="0"/></PRODUCTION_ACTIVITE><ACCOMPAGNEMENT_ACTIVITE><ACCOMPAGNEMENTS_GLOBAUX><ACCOMPAGNEMENT_GLOBAL><nID>0</nID><nNOM UserID="0">0</nNOM><nTYPE UserID="0">0</nTYPE><nATTITUDE UserID="0">0</nATTITUDE><nACTION UserID="0">0</nACTION><tDESCRIPTIF UserID="0"/><nDUREE UserID="0">0</nDUREE><nGROUPE UserID="0">0</nGROUPE><nAPPRENANT UserID="0">0</nAPPRENANT><nPRESENCEDISTANCE UserID="0">0</nPRESENCEDISTANCE></ACCOMPAGNEMENT_GLOBAL><ACCOMPAGNEMENT_GLOBAL><nID>136</nID><nNOM UserID="0">104</nNOM><nTYPE UserID="0">0</nTYPE><nATTITUDE UserID="0">0</nATTITUDE><nACTION UserID="0">0</nACTION><tDESCRIPTIF UserID="0"/><nDUREE UserID="0">90</nDUREE><nGROUPE UserID="0">32</nGROUPE><nAPPRENANT UserID="0">0</nAPPRENANT><nPRESENCEDISTANCE UserID="0">0</nPRESENCEDISTANCE></ACCOMPAGNEMENT_GLOBAL></ACCOMPAGNEMENTS_GLOBAUX><nTYPE_OUTIL UserID="0">0</nTYPE_OUTIL><nOUTIL_SUBSTITUTION UserID="0">0</nOUTIL_SUBSTITUTION><tDESCRIPTION_UTILISATION UserID="0"/><tCOMMENTAIRE UserID="0"/></ACCOMPAGNEMENT_ACTIVITE><RESSOURCES_DOCS_ACTIVITE><RESSOURCES_PEDAGOGIQUES><RESSOURCE_PEDAGOGIQUE><nID>0</nID><tTITRE UserID="0">Choisir...</tTITRE><tDESCRIPTIF UserID="0"/><nTYPE UserID="0">0</nTYPE><tLIEN UserID="0"/></RESSOURCE_PEDAGOGIQUE></RESSOURCES_PEDAGOGIQUES><RESSOURCES_LOGISTIQUES><tADRESSE UserID="0"/><tDESCRIPTIF UserID="0"/><tLIEN UserID="0"/><nTYPE_SALLE UserID="0">0</nTYPE_SALLE><nNUMERO_SALLE UserID="0"/></RESSOURCES_LOGISTIQUES><tCOMMENTAIRE UserID="0"/></RESSOURCES_DOCS_ACTIVITE></PROPRIETES_ACTIVITES></ACTIVITE><ACTIVITE><JOURSPLANIFIES/><JPLANNING><nJOUR>15</nJOUR><nLIGNE>5</nLIGNE><nDUREE>1</nDUREE><nTOTAL_LIGNE>1</nTOTAL_LIGNE></JPLANNING><PROPRIETES_ACTIVITES><DESCRIPTIF_ACTIVITE><tTITRE UserID="0">Intervention de M Ratiovit ?</tTITRE><tOBJECTIF UserID="0">Introduction aux politiques culturelles en France</tOBJECTIF><tDESCRIPTION UserID="0"/><nTYPE UserID="0">25</nTYPE><nCARACTERISTIQUE UserID="0">0</nCARACTERISTIQUE><nDUREEh UserID="0">1</nDUREEh><nDUREEmn UserID="0">30</nDUREEmn><nINDIVIDUELCOLLECTIF UserID="0">31</nINDIVIDUELCOLLECTIF><nLIEU_TRAVAIL UserID="0">2</nLIEU_TRAVAIL><tCOMMENTAIRE UserID="0"/></DESCRIPTIF_ACTIVITE><PRODUCTION_ACTIVITE><nRENDU UserID="0">0</nRENDU><tDESCRIPTION_PRODUCTION UserID="0"/><nDUREEh UserID="0">0</nDUREEh><nDUREEmn UserID="0">0</nDUREEmn><nOUTIL_ECHANGE UserID="0">0</nOUTIL_ECHANGE><nOUTIL_SUBSTITUTION UserID="0">0</nOUTIL_SUBSTITUTION><tDESCRIPTION_UTILISATION UserID="0"/><tCOMMENTAIRE UserID="0"/></PRODUCTION_ACTIVITE><ACCOMPAGNEMENT_ACTIVITE><ACCOMPAGNEMENTS_GLOBAUX><ACCOMPAGNEMENT_GLOBAL><nID>0</nID><nNOM UserID="0">0</nNOM><nTYPE UserID="0">0</nTYPE><nATTITUDE UserID="0">0</nATTITUDE><nACTION UserID="0">0</nACTION><tDESCRIPTIF UserID="0"/><nDUREE UserID="0">0</nDUREE><nGROUPE UserID="0">0</nGROUPE><nAPPRENANT UserID="0">0</nAPPRENANT><nPRESENCEDISTANCE UserID="0">0</nPRESENCEDISTANCE></ACCOMPAGNEMENT_GLOBAL><ACCOMPAGNEMENT_GLOBAL><nID>142</nID><nNOM UserID="0">140</nNOM><nTYPE UserID="0">0</nTYPE><nATTITUDE UserID="0">0</nATTITUDE><nACTION UserID="0">0</nACTION><tDESCRIPTIF UserID="0"/><nDUREE UserID="0">90</nDUREE><nGROUPE UserID="0">32</nGROUPE><nAPPRENANT UserID="0">0</nAPPRENANT><nPRESENCEDISTANCE UserID="0">0</nPRESENCEDISTANCE></ACCOMPAGNEMENT_GLOBAL></ACCOMPAGNEMENTS_GLOBAUX><nTYPE_OUTIL UserID="0">0</nTYPE_OUTIL><nOUTIL_SUBSTITUTION UserID="0">0</nOUTIL_SUBSTITUTION><tDESCRIPTION_UTILISATION UserID="0"/><tCOMMENTAIRE UserID="0"/></ACCOMPAGNEMENT_ACTIVITE><RESSOURCES_DOCS_ACTIVITE><RESSOURCES_PEDAGOGIQUES><RESSOURCE_PEDAGOGIQUE><nID>0</nID><tTITRE UserID="0">Choisir...</tTITRE><tDESCRIPTIF UserID="0"/><nTYPE UserID="0">0</nTYPE><tLIEN UserID="0"/></RESSOURCE_PEDAGOGIQUE></RESSOURCES_PEDAGOGIQUES><RESSOURCES_LOGISTIQUES><tADRESSE UserID="0"/><tDESCRIPTIF UserID="0"/><tLIEN UserID="0"/><nTYPE_SALLE UserID="0">0</nTYPE_SALLE><nNUMERO_SALLE UserID="0"/></RESSOURCES_LOGISTIQUES><tCOMMENTAIRE UserID="0"/></RESSOURCES_DOCS_ACTIVITE></PROPRIETES_ACTIVITES></ACTIVITE><ACTIVITE><JOURSPLANIFIES/><JPLANNING><nJOUR>1</nJOUR><nLIGNE>2</nLIGNE><nDUREE>1</nDUREE><nTOTAL_LIGNE>1</nTOTAL_LIGNE></JPLANNING><PROPRIETES_ACTIVITES><DESCRIPTIF_ACTIVITE><tTITRE UserID="0">Histoire du spectacle</tTITRE><tOBJECTIF UserID="0">Replacer dans une perspective historique les arts du spectacle</tOBJECTIF><tDESCRIPTION UserID="0"/><nTYPE UserID="0">25</nTYPE><nCARACTERISTIQUE UserID="0">0</nCARACTERISTIQUE><nDUREEh UserID="0">1</nDUREEh><nDUREEmn UserID="0">30</nDUREEmn><nINDIVIDUELCOLLECTIF UserID="0">31</nINDIVIDUELCOLLECTIF><nLIEU_TRAVAIL UserID="0">2</nLIEU_TRAVAIL><tCOMMENTAIRE UserID="0"/></DESCRIPTIF_ACTIVITE><PRODUCTION_ACTIVITE><nRENDU UserID="0">0</nRENDU><tDESCRIPTION_PRODUCTION UserID="0"/><nDUREEh UserID="0">0</nDUREEh><nDUREEmn UserID="0">0</nDUREEmn><nOUTIL_ECHANGE UserID="0">0</nOUTIL_ECHANGE><nOUTIL_SUBSTITUTION UserID="0">0</nOUTIL_SUBSTITUTION><tDESCRIPTION_UTILISATION UserID="0"/><tCOMMENTAIRE UserID="0"/></PRODUCTION_ACTIVITE><ACCOMPAGNEMENT_ACTIVITE><ACCOMPAGNEMENTS_GLOBAUX><ACCOMPAGNEMENT_GLOBAL><nID>0</nID><nNOM UserID="0">0</nNOM><nTYPE UserID="0">0</nTYPE><nATTITUDE UserID="0">0</nATTITUDE><nACTION UserID="0">0</nACTION><tDESCRIPTIF UserID="0"/><nDUREE UserID="0">0</nDUREE><nGROUPE UserID="0">0</nGROUPE><nAPPRENANT UserID="0">0</nAPPRENANT><nPRESENCEDISTANCE UserID="0">0</nPRESENCEDISTANCE></ACCOMPAGNEMENT_GLOBAL></ACCOMPAGNEMENTS_GLOBAUX><nTYPE_OUTIL UserID="0">0</nTYPE_OUTIL><nOUTIL_SUBSTITUTION UserID="0">0</nOUTIL_SUBSTITUTION><tDESCRIPTION_UTILISATION UserID="0"/><tCOMMENTAIRE UserID="0"/></ACCOMPAGNEMENT_ACTIVITE><RESSOURCES_DOCS_ACTIVITE><RESSOURCES_PEDAGOGIQUES><RESSOURCE_PEDAGOGIQUE><nID>0</nID><tTITRE UserID="0">Choisir...</tTITRE><tDESCRIPTIF UserID="0"/><nTYPE UserID="0">0</nTYPE><tLIEN UserID="0"/></RESSOURCE_PEDAGOGIQUE></RESSOURCES_PEDAGOGIQUES><RESSOURCES_LOGISTIQUES><tADRESSE UserID="0"/><tDESCRIPTIF UserID="0"/><tLIEN UserID="0"/><nTYPE_SALLE UserID="0">0</nTYPE_SALLE><nNUMERO_SALLE UserID="0"/></RESSOURCES_LOGISTIQUES><tCOMMENTAIRE UserID="0"/></RESSOURCES_DOCS_ACTIVITE></PROPRIETES_ACTIVITES></ACTIVITE><ACTIVITE><JOURSPLANIFIES/><JPLANNING><nJOUR>2</nJOUR><nLIGNE>2</nLIGNE><nDUREE>10</nDUREE><nTOTAL_LIGNE>1</nTOTAL_LIGNE></JPLANNING><PROPRIETES_ACTIVITES><DESCRIPTIF_ACTIVITE><tTITRE UserID="0">mouvements esthètiques</tTITRE><tOBJECTIF UserID="0">Situer les différents mouvements esthètiques</tOBJECTIF><tDESCRIPTION UserID="0"/><nTYPE UserID="0">19</nTYPE><nCARACTERISTIQUE UserID="0">0</nCARACTERISTIQUE><nDUREEh UserID="0">2</nDUREEh><nDUREEmn UserID="0">0</nDUREEmn><nINDIVIDUELCOLLECTIF UserID="0">28</nINDIVIDUELCOLLECTIF><nLIEU_TRAVAIL UserID="0">0</nLIEU_TRAVAIL><tCOMMENTAIRE UserID="0"/></DESCRIPTIF_ACTIVITE><PRODUCTION_ACTIVITE><nRENDU UserID="0">0</nRENDU><tDESCRIPTION_PRODUCTION UserID="0"/><nDUREEh UserID="0">0</nDUREEh><nDUREEmn UserID="0">0</nDUREEmn><nOUTIL_ECHANGE UserID="0">0</nOUTIL_ECHANGE><nOUTIL_SUBSTITUTION UserID="0">0</nOUTIL_SUBSTITUTION><tDESCRIPTION_UTILISATION UserID="0"/><tCOMMENTAIRE UserID="0"/></PRODUCTION_ACTIVITE><ACCOMPAGNEMENT_ACTIVITE><ACCOMPAGNEMENTS_GLOBAUX><ACCOMPAGNEMENT_GLOBAL><nID>0</nID><nNOM UserID="0">0</nNOM><nTYPE UserID="0">0</nTYPE><nATTITUDE UserID="0">0</nATTITUDE><nACTION UserID="0">0</nACTION><tDESCRIPTIF UserID="0"/><nDUREE UserID="0">0</nDUREE><nGROUPE UserID="0">0</nGROUPE><nAPPRENANT UserID="0">0</nAPPRENANT><nPRESENCEDISTANCE UserID="0">0</nPRESENCEDISTANCE></ACCOMPAGNEMENT_GLOBAL></ACCOMPAGNEMENTS_GLOBAUX><nTYPE_OUTIL UserID="0">0</nTYPE_OUTIL><nOUTIL_SUBSTITUTION UserID="0">0</nOUTIL_SUBSTITUTION><tDESCRIPTION_UTILISATION UserID="0"/><tCOMMENTAIRE UserID="0"/></ACCOMPAGNEMENT_ACTIVITE><RESSOURCES_DOCS_ACTIVITE><RESSOURCES_PEDAGOGIQUES><RESSOURCE_PEDAGOGIQUE><nID>0</nID><tTITRE UserID="0">Choisir...</tTITRE><tDESCRIPTIF UserID="0"/><nTYPE UserID="0">0</nTYPE><tLIEN UserID="0"/></RESSOURCE_PEDAGOGIQUE><RESSOURCE_PEDAGOGIQUE><nID>130</nID><tTITRE UserID="0">mouvements</tTITRE><tDESCRIPTIF UserID="0"/><nTYPE UserID="0">0</nTYPE><tLIEN UserID="0"/></RESSOURCE_PEDAGOGIQUE></RESSOURCES_PEDAGOGIQUES><RESSOURCES_LOGISTIQUES><tADRESSE UserID="0"/><tDESCRIPTIF UserID="0"/><tLIEN UserID="0"/><nTYPE_SALLE UserID="0">0</nTYPE_SALLE><nNUMERO_SALLE UserID="0"/></RESSOURCES_LOGISTIQUES><tCOMMENTAIRE UserID="0"/></RESSOURCES_DOCS_ACTIVITE></PROPRIETES_ACTIVITES></ACTIVITE></ACTIVITES></SEQUENCE></SEQUENCES><ACTIVITES><ACTIVITE><JOURSPLANIFIES/><JPLANNING><nJOUR>3</nJOUR><nLIGNE>4</nLIGNE><nDUREE>1</nDUREE><nTOTAL_LIGNE>1</nTOTAL_LIGNE></JPLANNING><PROPRIETES_ACTIVITES><DESCRIPTIF_ACTIVITE><tTITRE UserID="0">Présentation du module</tTITRE><tOBJECTIF UserID="0">Prendre connaissance du module et de l'environnement à distance</tOBJECTIF><tDESCRIPTION UserID="0"/><nTYPE UserID="0">21</nTYPE><nCARACTERISTIQUE UserID="0">0</nCARACTERISTIQUE><nDUREEh UserID="0">2</nDUREEh><nDUREEmn UserID="0">0</nDUREEmn><nINDIVIDUELCOLLECTIF UserID="0">31</nINDIVIDUELCOLLECTIF><nLIEU_TRAVAIL UserID="0">2</nLIEU_TRAVAIL><tCOMMENTAIRE UserID="0"/></DESCRIPTIF_ACTIVITE><PRODUCTION_ACTIVITE><nRENDU UserID="0">0</nRENDU><tDESCRIPTION_PRODUCTION UserID="0"/><nDUREEh UserID="0">0</nDUREEh><nDUREEmn UserID="0">0</nDUREEmn><nOUTIL_ECHANGE UserID="0">0</nOUTIL_ECHANGE><nOUTIL_SUBSTITUTION UserID="0">0</nOUTIL_SUBSTITUTION><tDESCRIPTION_UTILISATION UserID="0"/><tCOMMENTAIRE UserID="0"/></PRODUCTION_ACTIVITE><ACCOMPAGNEMENT_ACTIVITE><ACCOMPAGNEMENTS_GLOBAUX><ACCOMPAGNEMENT_GLOBAL><nID>0</nID><nNOM UserID="0">0</nNOM><nTYPE UserID="0">0</nTYPE><nATTITUDE UserID="0">0</nATTITUDE><nACTION UserID="0">0</nACTION><tDESCRIPTIF UserID="0"/><nDUREE UserID="0">0</nDUREE><nGROUPE UserID="0">0</nGROUPE><nAPPRENANT UserID="0">0</nAPPRENANT><nPRESENCEDISTANCE UserID="0">0</nPRESENCEDISTANCE></ACCOMPAGNEMENT_GLOBAL><ACCOMPAGNEMENT_GLOBAL><nID>112</nID><nNOM UserID="0">101</nNOM><nTYPE UserID="0">6</nTYPE><nATTITUDE UserID="0">0</nATTITUDE><nACTION UserID="0">0</nACTION><tDESCRIPTIF UserID="0"/><nDUREE UserID="0">120</nDUREE><nGROUPE UserID="0">32</nGROUPE><nAPPRENANT UserID="0">0</nAPPRENANT><nPRESENCEDISTANCE UserID="0">0</nPRESENCEDISTANCE></ACCOMPAGNEMENT_GLOBAL><ACCOMPAGNEMENT_GLOBAL><nID>113</nID><nNOM UserID="0">102</nNOM><nTYPE UserID="0">3</nTYPE><nATTITUDE UserID="0">0</nATTITUDE><nACTION UserID="0">0</nACTION><tDESCRIPTIF UserID="0"/><nDUREE UserID="0">60</nDUREE><nGROUPE UserID="0">32</nGROUPE><nAPPRENANT UserID="0">0</nAPPRENANT><nPRESENCEDISTANCE UserID="0">0</nPRESENCEDISTANCE></ACCOMPAGNEMENT_GLOBAL></ACCOMPAGNEMENTS_GLOBAUX><nTYPE_OUTIL UserID="0">0</nTYPE_OUTIL><nOUTIL_SUBSTITUTION UserID="0">0</nOUTIL_SUBSTITUTION><tDESCRIPTION_UTILISATION UserID="0"/><tCOMMENTAIRE UserID="0"/></ACCOMPAGNEMENT_ACTIVITE><RESSOURCES_DOCS_ACTIVITE><RESSOURCES_PEDAGOGIQUES><RESSOURCE_PEDAGOGIQUE><nID>0</nID><tTITRE UserID="0">Choisir...</tTITRE><tDESCRIPTIF UserID="0"/><nTYPE UserID="0">0</nTYPE><tLIEN UserID="0"/></RESSOURCE_PEDAGOGIQUE><RESSOURCE_PEDAGOGIQUE><nID>114</nID><tTITRE UserID="0">Guide de l'étudiant</tTITRE><tDESCRIPTIF UserID="0"/><nTYPE UserID="0">0</nTYPE><tLIEN UserID="0"/></RESSOURCE_PEDAGOGIQUE></RESSOURCES_PEDAGOGIQUES><RESSOURCES_LOGISTIQUES><tADRESSE UserID="0"/><tDESCRIPTIF UserID="0"/><tLIEN UserID="0"/><nTYPE_SALLE UserID="0">0</nTYPE_SALLE><nNUMERO_SALLE UserID="0"/></RESSOURCES_LOGISTIQUES><tCOMMENTAIRE UserID="0"/></RESSOURCES_DOCS_ACTIVITE></PROPRIETES_ACTIVITES></ACTIVITE></ACTIVITES></MODULE>