<?xml version="1.0" encoding="UTF-8"?><MODULE xmlns:xsi="http://www.w3.org/2001/XMLSchema-instance" xsi:noNamespaceSchemaLocation="http://oasif.educagri.fr/bin/schemas/oasif.xsd"><JPLANNING><nJOUR>110</nJOUR><nLIGNE>65</nLIGNE><nDUREE>102</nDUREE><nTOTAL_LIGNE>18</nTOTAL_LIGNE></JPLANNING><PROPRIETES_MODULE><DESCRIPTIF_MODULE><tTITRE UserID="0">Langage filmique</tTITRE><tOBJECTIF UserID="0"/><tDESCRIPTION UserID="0"/><tPUBLIC UserID="0"/><tPREREQUIS UserID="0"/><nCARACTERISTIQUE UserID="0">0</nCARACTERISTIQUE><tCOMMANDITAIRE UserID="0"/><tPORTEUR UserID="0"/><tPARTENAIRES UserID="0"/><tCLIENT UserID="0"/><tCONTACT UserID="0"/><nCREDIT_ECTS UserID="0">0</nCREDIT_ECTS><nNBRE_MAX_APPRENANT UserID="0">60</nNBRE_MAX_APPRENANT><tLIEN UserID="0"/><tCOMMENTAIRE UserID="0"/></DESCRIPTIF_MODULE><ACCOMPAGNEMENT_MODULE><ACCOMPAGNEMENTS_GLOBAUX><ACCOMPAGNEMENT_GLOBAL><nID>0</nID><nNOM UserID="0">0</nNOM><nTYPE UserID="0">0</nTYPE><nATTITUDE UserID="0">0</nATTITUDE><tDESCRIPTIF UserID="0"/><nDUREE UserID="0">0</nDUREE><nGROUPE UserID="0">0</nGROUPE><nAPPRENANT UserID="0">0</nAPPRENANT><nPRESENCEDISTANCE UserID="0">0</nPRESENCEDISTANCE></ACCOMPAGNEMENT_GLOBAL><ACCOMPAGNEMENT_GLOBAL><nID>169</nID><nNOM UserID="0">103</nNOM><nTYPE UserID="0">6</nTYPE><nATTITUDE UserID="0">0</nATTITUDE><tDESCRIPTIF UserID="0"/><nDUREE UserID="0">120</nDUREE><nGROUPE UserID="0">32</nGROUPE><nAPPRENANT UserID="0">0</nAPPRENANT><nPRESENCEDISTANCE UserID="0">1</nPRESENCEDISTANCE></ACCOMPAGNEMENT_GLOBAL></ACCOMPAGNEMENTS_GLOBAUX><nTYPE_OUTIL UserID="0">0</nTYPE_OUTIL><nOUTIL_SUBSTITUTION UserID="0">0</nOUTIL_SUBSTITUTION><tDESCRIPTION_UTILISATION UserID="0"/><tCOMMENTAIRE UserID="0"/></ACCOMPAGNEMENT_MODULE></PROPRIETES_MODULE><nNUMERO_MODULE>2</nNUMERO_MODULE><SEQUENCES><SEQUENCE><JPLANNING><nJOUR>1</nJOUR><nLIGNE>4</nLIGNE><nDUREE>32</nDUREE><nTOTAL_LIGNE>6</nTOTAL_LIGNE></JPLANNING><PROPRIETES_SEQUENCE><DESCRIPTIF_SEQUENCE><tTITRE UserID="0">Introduction aux procédés filmiques et techniques d'analyse</tTITRE><tOBJECTIF UserID="0"/><tDESCRIPTION UserID="0"/><tCOMMENTAIRE UserID="0"/></DESCRIPTIF_SEQUENCE></PROPRIETES_SEQUENCE><ACTIVITES><ACTIVITE><JOURSPLANIFIES/><JPLANNING><nJOUR>13</nJOUR><nLIGNE>2</nLIGNE><nDUREE>1</nDUREE><nTOTAL_LIGNE>1</nTOTAL_LIGNE></JPLANNING><PROPRIETES_ACTIVITES><DESCRIPTIF_ACTIVITE><tTITRE UserID="0">Contrat de communication</tTITRE><tOBJECTIF UserID="0">Connaître les tenants et aboutissants d'un contrat de communication</tOBJECTIF><tDESCRIPTION UserID="0"/><nTYPE UserID="0">27</nTYPE><nCARACTERISTIQUE UserID="0">0</nCARACTERISTIQUE><nDUREEh UserID="0">1</nDUREEh><nDUREEmn UserID="0">30</nDUREEmn><nINDIVIDUELCOLLECTIF UserID="0">31</nINDIVIDUELCOLLECTIF><nLIEU_TRAVAIL UserID="0">2</nLIEU_TRAVAIL><tCOMMENTAIRE UserID="0"/></DESCRIPTIF_ACTIVITE><PRODUCTION_ACTIVITE><nRENDU UserID="0">0</nRENDU><tDESCRIPTION_PRODUCTION UserID="0"/><nDUREEh UserID="0">0</nDUREEh><nDUREEmn UserID="0">0</nDUREEmn><nOUTIL_ECHANGE UserID="0">0</nOUTIL_ECHANGE><nOUTIL_SUBSTITUTION UserID="0">0</nOUTIL_SUBSTITUTION><tDESCRIPTION_UTILISATION UserID="0"/><tCOMMENTAIRE UserID="0"/></PRODUCTION_ACTIVITE><ACCOMPAGNEMENT_ACTIVITE><ACCOMPAGNEMENTS_GLOBAUX><ACCOMPAGNEMENT_GLOBAL><nID>0</nID><nNOM UserID="0">0</nNOM><nTYPE UserID="0">0</nTYPE><nATTITUDE UserID="0">0</nATTITUDE><nACTION UserID="0">0</nACTION><tDESCRIPTIF UserID="0"/><nDUREE UserID="0">0</nDUREE><nGROUPE UserID="0">0</nGROUPE><nAPPRENANT UserID="0">0</nAPPRENANT><nPRESENCEDISTANCE UserID="0">0</nPRESENCEDISTANCE></ACCOMPAGNEMENT_GLOBAL><ACCOMPAGNEMENT_GLOBAL><nID>163</nID><nNOM UserID="0">103</nNOM><nTYPE UserID="0">0</nTYPE><nATTITUDE UserID="0">0</nATTITUDE><nACTION UserID="0">0</nACTION><tDESCRIPTIF UserID="0"/><nDUREE UserID="0">90</nDUREE><nGROUPE UserID="0">32</nGROUPE><nAPPRENANT UserID="0">0</nAPPRENANT><nPRESENCEDISTANCE UserID="0">0</nPRESENCEDISTANCE></ACCOMPAGNEMENT_GLOBAL></ACCOMPAGNEMENTS_GLOBAUX><nTYPE_OUTIL UserID="0">0</nTYPE_OUTIL><nOUTIL_SUBSTITUTION UserID="0">0</nOUTIL_SUBSTITUTION><tDESCRIPTION_UTILISATION UserID="0"/><tCOMMENTAIRE UserID="0"/></ACCOMPAGNEMENT_ACTIVITE><RESSOURCES_DOCS_ACTIVITE><RESSOURCES_PEDAGOGIQUES><RESSOURCE_PEDAGOGIQUE><nID>0</nID><tTITRE UserID="0">Choisir...</tTITRE><tDESCRIPTIF UserID="0"/><nTYPE UserID="0">0</nTYPE><tLIEN UserID="0"/></RESSOURCE_PEDAGOGIQUE></RESSOURCES_PEDAGOGIQUES><RESSOURCES_LOGISTIQUES><tADRESSE UserID="0"/><tDESCRIPTIF UserID="0"/><tLIEN UserID="0"/><nTYPE_SALLE UserID="0">0</nTYPE_SALLE><nNUMERO_SALLE UserID="0"/></RESSOURCES_LOGISTIQUES><tCOMMENTAIRE UserID="0"/></RESSOURCES_DOCS_ACTIVITE></PROPRIETES_ACTIVITES></ACTIVITE><ACTIVITE><JOURSPLANIFIES/><JPLANNING><nJOUR>15</nJOUR><nLIGNE>5</nLIGNE><nDUREE>5</nDUREE><nTOTAL_LIGNE>1</nTOTAL_LIGNE></JPLANNING><PROPRIETES_ACTIVITES><DESCRIPTIF_ACTIVITE><tTITRE UserID="0">analyse appliquée</tTITRE><tOBJECTIF UserID="0">Analyser un film en repérant les procédés utilisés</tOBJECTIF><tDESCRIPTION UserID="0"/><nTYPE UserID="0">21</nTYPE><nCARACTERISTIQUE UserID="0">0</nCARACTERISTIQUE><nDUREEh UserID="0">2</nDUREEh><nDUREEmn UserID="0">0</nDUREEmn><nINDIVIDUELCOLLECTIF UserID="0">30</nINDIVIDUELCOLLECTIF><nLIEU_TRAVAIL UserID="0">0</nLIEU_TRAVAIL><tCOMMENTAIRE UserID="0"/></DESCRIPTIF_ACTIVITE><PRODUCTION_ACTIVITE><nRENDU UserID="0">1</nRENDU><tDESCRIPTION_PRODUCTION UserID="0"/><nDUREEh UserID="0">1</nDUREEh><nDUREEmn UserID="0">0</nDUREEmn><nOUTIL_ECHANGE UserID="0">0</nOUTIL_ECHANGE><nOUTIL_SUBSTITUTION UserID="0">0</nOUTIL_SUBSTITUTION><tDESCRIPTION_UTILISATION UserID="0"/><tCOMMENTAIRE UserID="0"/></PRODUCTION_ACTIVITE><ACCOMPAGNEMENT_ACTIVITE><ACCOMPAGNEMENTS_GLOBAUX><ACCOMPAGNEMENT_GLOBAL><nID>0</nID><nNOM UserID="0">0</nNOM><nTYPE UserID="0">0</nTYPE><nATTITUDE UserID="0">0</nATTITUDE><nACTION UserID="0">0</nACTION><tDESCRIPTIF UserID="0"/><nDUREE UserID="0">0</nDUREE><nGROUPE UserID="0">0</nGROUPE><nAPPRENANT UserID="0">0</nAPPRENANT><nPRESENCEDISTANCE UserID="0">0</nPRESENCEDISTANCE></ACCOMPAGNEMENT_GLOBAL><ACCOMPAGNEMENT_GLOBAL><nID>174</nID><nNOM UserID="0">104</nNOM><nTYPE UserID="0">0</nTYPE><nATTITUDE UserID="0">39</nATTITUDE><nACTION UserID="0">0</nACTION><tDESCRIPTIF UserID="0"/><nDUREE UserID="0">120</nDUREE><nGROUPE UserID="0">110</nGROUPE><nAPPRENANT UserID="0">0</nAPPRENANT><nPRESENCEDISTANCE UserID="0">1</nPRESENCEDISTANCE></ACCOMPAGNEMENT_GLOBAL><ACCOMPAGNEMENT_GLOBAL><nID>176</nID><nNOM UserID="0">103</nNOM><nTYPE UserID="0">0</nTYPE><nATTITUDE UserID="0">39</nATTITUDE><nACTION UserID="0">0</nACTION><tDESCRIPTIF UserID="0"/><nDUREE UserID="0">120</nDUREE><nGROUPE UserID="0">109</nGROUPE><nAPPRENANT UserID="0">0</nAPPRENANT><nPRESENCEDISTANCE UserID="0">1</nPRESENCEDISTANCE></ACCOMPAGNEMENT_GLOBAL></ACCOMPAGNEMENTS_GLOBAUX><nTYPE_OUTIL UserID="0">0</nTYPE_OUTIL><nOUTIL_SUBSTITUTION UserID="0">0</nOUTIL_SUBSTITUTION><tDESCRIPTION_UTILISATION UserID="0"/><tCOMMENTAIRE UserID="0"/></ACCOMPAGNEMENT_ACTIVITE><RESSOURCES_DOCS_ACTIVITE><RESSOURCES_PEDAGOGIQUES><RESSOURCE_PEDAGOGIQUE><nID>0</nID><tTITRE UserID="0">Choisir...</tTITRE><tDESCRIPTIF UserID="0"/><nTYPE UserID="0">0</nTYPE><tLIEN UserID="0"/></RESSOURCE_PEDAGOGIQUE></RESSOURCES_PEDAGOGIQUES><RESSOURCES_LOGISTIQUES><tADRESSE UserID="0"/><tDESCRIPTIF UserID="0"/><tLIEN UserID="0"/><nTYPE_SALLE UserID="0">0</nTYPE_SALLE><nNUMERO_SALLE UserID="0"/></RESSOURCES_LOGISTIQUES><tCOMMENTAIRE UserID="0"/></RESSOURCES_DOCS_ACTIVITE></PROPRIETES_ACTIVITES></ACTIVITE><ACTIVITE><JOURSPLANIFIES/><JPLANNING><nJOUR>19</nJOUR><nLIGNE>3</nLIGNE><nDUREE>10</nDUREE><nTOTAL_LIGNE>1</nTOTAL_LIGNE></JPLANNING><PROPRIETES_ACTIVITES><DESCRIPTIF_ACTIVITE><tTITRE UserID="0">Lire une image</tTITRE><tOBJECTIF UserID="0">Vérifier ces acquis en terme de lecture d'image</tOBJECTIF><tDESCRIPTION UserID="0"/><nTYPE UserID="0">23</nTYPE><nCARACTERISTIQUE UserID="0">0</nCARACTERISTIQUE><nDUREEh UserID="0">2</nDUREEh><nDUREEmn UserID="0">0</nDUREEmn><nINDIVIDUELCOLLECTIF UserID="0">28</nINDIVIDUELCOLLECTIF><nLIEU_TRAVAIL UserID="0">0</nLIEU_TRAVAIL><tCOMMENTAIRE UserID="0"/></DESCRIPTIF_ACTIVITE><PRODUCTION_ACTIVITE><nRENDU UserID="0">0</nRENDU><tDESCRIPTION_PRODUCTION UserID="0"/><nDUREEh UserID="0">0</nDUREEh><nDUREEmn UserID="0">0</nDUREEmn><nOUTIL_ECHANGE UserID="0">0</nOUTIL_ECHANGE><nOUTIL_SUBSTITUTION UserID="0">0</nOUTIL_SUBSTITUTION><tDESCRIPTION_UTILISATION UserID="0"/><tCOMMENTAIRE UserID="0"/></PRODUCTION_ACTIVITE><ACCOMPAGNEMENT_ACTIVITE><ACCOMPAGNEMENTS_GLOBAUX><ACCOMPAGNEMENT_GLOBAL><nID>0</nID><nNOM UserID="0">0</nNOM><nTYPE UserID="0">0</nTYPE><nATTITUDE UserID="0">0</nATTITUDE><nACTION UserID="0">0</nACTION><tDESCRIPTIF UserID="0"/><nDUREE UserID="0">0</nDUREE><nGROUPE UserID="0">0</nGROUPE><nAPPRENANT UserID="0">0</nAPPRENANT><nPRESENCEDISTANCE UserID="0">0</nPRESENCEDISTANCE></ACCOMPAGNEMENT_GLOBAL></ACCOMPAGNEMENTS_GLOBAUX><nTYPE_OUTIL UserID="0">0</nTYPE_OUTIL><nOUTIL_SUBSTITUTION UserID="0">0</nOUTIL_SUBSTITUTION><tDESCRIPTION_UTILISATION UserID="0"/><tCOMMENTAIRE UserID="0"/></ACCOMPAGNEMENT_ACTIVITE><RESSOURCES_DOCS_ACTIVITE><RESSOURCES_PEDAGOGIQUES><RESSOURCE_PEDAGOGIQUE><nID>0</nID><tTITRE UserID="0">Choisir...</tTITRE><tDESCRIPTIF UserID="0"/><nTYPE UserID="0">0</nTYPE><tLIEN UserID="0"/></RESSOURCE_PEDAGOGIQUE></RESSOURCES_PEDAGOGIQUES><RESSOURCES_LOGISTIQUES><tADRESSE UserID="0"/><tDESCRIPTIF UserID="0"/><tLIEN UserID="0"/><nTYPE_SALLE UserID="0">0</nTYPE_SALLE><nNUMERO_SALLE UserID="0"/></RESSOURCES_LOGISTIQUES><tCOMMENTAIRE UserID="0"/></RESSOURCES_DOCS_ACTIVITE></PROPRIETES_ACTIVITES></ACTIVITE><ACTIVITE><JOURSPLANIFIES/><JPLANNING><nJOUR>3</nJOUR><nLIGNE>3</nLIGNE><nDUREE>15</nDUREE><nTOTAL_LIGNE>1</nTOTAL_LIGNE></JPLANNING><PROPRIETES_ACTIVITES><DESCRIPTIF_ACTIVITE><tTITRE UserID="0">L'image au service de la société de communication</tTITRE><tOBJECTIF UserID="0">Comprendre les enjeux de l'image au sein  des sociétés européennes</tOBJECTIF><tDESCRIPTION UserID="0"/><nTYPE UserID="0">19</nTYPE><nCARACTERISTIQUE UserID="0">0</nCARACTERISTIQUE><nDUREEh UserID="0">2</nDUREEh><nDUREEmn UserID="0">0</nDUREEmn><nINDIVIDUELCOLLECTIF UserID="0">28</nINDIVIDUELCOLLECTIF><nLIEU_TRAVAIL UserID="0">0</nLIEU_TRAVAIL><tCOMMENTAIRE UserID="0"/></DESCRIPTIF_ACTIVITE><PRODUCTION_ACTIVITE><nRENDU UserID="0">0</nRENDU><tDESCRIPTION_PRODUCTION UserID="0"/><nDUREEh UserID="0">0</nDUREEh><nDUREEmn UserID="0">0</nDUREEmn><nOUTIL_ECHANGE UserID="0">0</nOUTIL_ECHANGE><nOUTIL_SUBSTITUTION UserID="0">0</nOUTIL_SUBSTITUTION><tDESCRIPTION_UTILISATION UserID="0"/><tCOMMENTAIRE UserID="0"/></PRODUCTION_ACTIVITE><ACCOMPAGNEMENT_ACTIVITE><ACCOMPAGNEMENTS_GLOBAUX><ACCOMPAGNEMENT_GLOBAL><nID>0</nID><nNOM UserID="0">0</nNOM><nTYPE UserID="0">0</nTYPE><nATTITUDE UserID="0">0</nATTITUDE><nACTION UserID="0">0</nACTION><tDESCRIPTIF UserID="0"/><nDUREE UserID="0">0</nDUREE><nGROUPE UserID="0">0</nGROUPE><nAPPRENANT UserID="0">0</nAPPRENANT><nPRESENCEDISTANCE UserID="0">0</nPRESENCEDISTANCE></ACCOMPAGNEMENT_GLOBAL></ACCOMPAGNEMENTS_GLOBAUX><nTYPE_OUTIL UserID="0">0</nTYPE_OUTIL><nOUTIL_SUBSTITUTION UserID="0">0</nOUTIL_SUBSTITUTION><tDESCRIPTION_UTILISATION UserID="0"/><tCOMMENTAIRE UserID="0"/></ACCOMPAGNEMENT_ACTIVITE><RESSOURCES_DOCS_ACTIVITE><RESSOURCES_PEDAGOGIQUES><RESSOURCE_PEDAGOGIQUE><nID>0</nID><tTITRE UserID="0">Choisir...</tTITRE><tDESCRIPTIF UserID="0"/><nTYPE UserID="0">0</nTYPE><tLIEN UserID="0"/></RESSOURCE_PEDAGOGIQUE><RESSOURCE_PEDAGOGIQUE><nID>128</nID><tTITRE UserID="0">poly approche sémiologique</tTITRE><tDESCRIPTIF UserID="0"/><nTYPE UserID="0">0</nTYPE><tLIEN UserID="0"/></RESSOURCE_PEDAGOGIQUE></RESSOURCES_PEDAGOGIQUES><RESSOURCES_LOGISTIQUES><tADRESSE UserID="0"/><tDESCRIPTIF UserID="0"/><tLIEN UserID="0"/><nTYPE_SALLE UserID="0">0</nTYPE_SALLE><nNUMERO_SALLE UserID="0"/></RESSOURCES_LOGISTIQUES><tCOMMENTAIRE UserID="0"/></RESSOURCES_DOCS_ACTIVITE></PROPRIETES_ACTIVITES></ACTIVITE><ACTIVITE><JOURSPLANIFIES/><JPLANNING><nJOUR>1</nJOUR><nLIGNE>3</nLIGNE><nDUREE>1</nDUREE><nTOTAL_LIGNE>1</nTOTAL_LIGNE></JPLANNING><PROPRIETES_ACTIVITES><DESCRIPTIF_ACTIVITE><tTITRE UserID="0">Grammaire filmique</tTITRE><tOBJECTIF UserID="0">Prendre connaissance de la grammaire filmique et de son évolution historique</tOBJECTIF><tDESCRIPTION UserID="0"/><nTYPE UserID="0">27</nTYPE><nCARACTERISTIQUE UserID="0">0</nCARACTERISTIQUE><nDUREEh UserID="0">1</nDUREEh><nDUREEmn UserID="0">30</nDUREEmn><nINDIVIDUELCOLLECTIF UserID="0">31</nINDIVIDUELCOLLECTIF><nLIEU_TRAVAIL UserID="0">2</nLIEU_TRAVAIL><tCOMMENTAIRE UserID="0"/></DESCRIPTIF_ACTIVITE><PRODUCTION_ACTIVITE><nRENDU UserID="0">0</nRENDU><tDESCRIPTION_PRODUCTION UserID="0"/><nDUREEh UserID="0">0</nDUREEh><nDUREEmn UserID="0">0</nDUREEmn><nOUTIL_ECHANGE UserID="0">0</nOUTIL_ECHANGE><nOUTIL_SUBSTITUTION UserID="0">0</nOUTIL_SUBSTITUTION><tDESCRIPTION_UTILISATION UserID="0"/><tCOMMENTAIRE UserID="0"/></PRODUCTION_ACTIVITE><ACCOMPAGNEMENT_ACTIVITE><ACCOMPAGNEMENTS_GLOBAUX><ACCOMPAGNEMENT_GLOBAL><nID>0</nID><nNOM UserID="0">0</nNOM><nTYPE UserID="0">0</nTYPE><nATTITUDE UserID="0">0</nATTITUDE><nACTION UserID="0">0</nACTION><tDESCRIPTIF UserID="0"/><nDUREE UserID="0">0</nDUREE><nGROUPE UserID="0">0</nGROUPE><nAPPRENANT UserID="0">0</nAPPRENANT><nPRESENCEDISTANCE UserID="0">0</nPRESENCEDISTANCE></ACCOMPAGNEMENT_GLOBAL><ACCOMPAGNEMENT_GLOBAL><nID>162</nID><nNOM UserID="0">103</nNOM><nTYPE UserID="0">0</nTYPE><nATTITUDE UserID="0">0</nATTITUDE><nACTION UserID="0">0</nACTION><tDESCRIPTIF UserID="0"/><nDUREE UserID="0">90</nDUREE><nGROUPE UserID="0">32</nGROUPE><nAPPRENANT UserID="0">0</nAPPRENANT><nPRESENCEDISTANCE UserID="0">0</nPRESENCEDISTANCE></ACCOMPAGNEMENT_GLOBAL></ACCOMPAGNEMENTS_GLOBAUX><nTYPE_OUTIL UserID="0">0</nTYPE_OUTIL><nOUTIL_SUBSTITUTION UserID="0">0</nOUTIL_SUBSTITUTION><tDESCRIPTION_UTILISATION UserID="0"/><tCOMMENTAIRE UserID="0"/></ACCOMPAGNEMENT_ACTIVITE><RESSOURCES_DOCS_ACTIVITE><RESSOURCES_PEDAGOGIQUES><RESSOURCE_PEDAGOGIQUE><nID>0</nID><tTITRE UserID="0">Choisir...</tTITRE><tDESCRIPTIF UserID="0"/><nTYPE UserID="0">0</nTYPE><tLIEN UserID="0"/></RESSOURCE_PEDAGOGIQUE></RESSOURCES_PEDAGOGIQUES><RESSOURCES_LOGISTIQUES><tADRESSE UserID="0"/><tDESCRIPTIF UserID="0"/><tLIEN UserID="0"/><nTYPE_SALLE UserID="0">0</nTYPE_SALLE><nNUMERO_SALLE UserID="0"/></RESSOURCES_LOGISTIQUES><tCOMMENTAIRE UserID="0"/></RESSOURCES_DOCS_ACTIVITE></PROPRIETES_ACTIVITES></ACTIVITE><ACTIVITE><JOURSPLANIFIES/><JPLANNING><nJOUR>27</nJOUR><nLIGNE>5</nLIGNE><nDUREE>1</nDUREE><nTOTAL_LIGNE>1</nTOTAL_LIGNE></JPLANNING><PROPRIETES_ACTIVITES><DESCRIPTIF_ACTIVITE><tTITRE UserID="0">analyse appliquée</tTITRE><tOBJECTIF UserID="0">Analyser un film en appliquant technique analyse systémique</tOBJECTIF><tDESCRIPTION UserID="0"/><nTYPE UserID="0">21</nTYPE><nCARACTERISTIQUE UserID="0">0</nCARACTERISTIQUE><nDUREEh UserID="0">2</nDUREEh><nDUREEmn UserID="0">0</nDUREEmn><nINDIVIDUELCOLLECTIF UserID="0">31</nINDIVIDUELCOLLECTIF><nLIEU_TRAVAIL UserID="0">2</nLIEU_TRAVAIL><tCOMMENTAIRE UserID="0"/></DESCRIPTIF_ACTIVITE><PRODUCTION_ACTIVITE><nRENDU UserID="0">0</nRENDU><tDESCRIPTION_PRODUCTION UserID="0"/><nDUREEh UserID="0">0</nDUREEh><nDUREEmn UserID="0">0</nDUREEmn><nOUTIL_ECHANGE UserID="0">0</nOUTIL_ECHANGE><nOUTIL_SUBSTITUTION UserID="0">0</nOUTIL_SUBSTITUTION><tDESCRIPTION_UTILISATION UserID="0"/><tCOMMENTAIRE UserID="0"/></PRODUCTION_ACTIVITE><ACCOMPAGNEMENT_ACTIVITE><ACCOMPAGNEMENTS_GLOBAUX><ACCOMPAGNEMENT_GLOBAL><nID>0</nID><nNOM UserID="0">0</nNOM><nTYPE UserID="0">0</nTYPE><nATTITUDE UserID="0">0</nATTITUDE><nACTION UserID="0">0</nACTION><tDESCRIPTIF UserID="0"/><nDUREE UserID="0">0</nDUREE><nGROUPE UserID="0">0</nGROUPE><nAPPRENANT UserID="0">0</nAPPRENANT><nPRESENCEDISTANCE UserID="0">0</nPRESENCEDISTANCE></ACCOMPAGNEMENT_GLOBAL><ACCOMPAGNEMENT_GLOBAL><nID>175</nID><nNOM UserID="0">103</nNOM><nTYPE UserID="0">0</nTYPE><nATTITUDE UserID="0">0</nATTITUDE><nACTION UserID="0">0</nACTION><tDESCRIPTIF UserID="0"/><nDUREE UserID="0">120</nDUREE><nGROUPE UserID="0">32</nGROUPE><nAPPRENANT UserID="0">0</nAPPRENANT><nPRESENCEDISTANCE UserID="0">0</nPRESENCEDISTANCE></ACCOMPAGNEMENT_GLOBAL></ACCOMPAGNEMENTS_GLOBAUX><nTYPE_OUTIL UserID="0">0</nTYPE_OUTIL><nOUTIL_SUBSTITUTION UserID="0">0</nOUTIL_SUBSTITUTION><tDESCRIPTION_UTILISATION UserID="0"/><tCOMMENTAIRE UserID="0"/></ACCOMPAGNEMENT_ACTIVITE><RESSOURCES_DOCS_ACTIVITE><RESSOURCES_PEDAGOGIQUES><RESSOURCE_PEDAGOGIQUE><nID>0</nID><tTITRE UserID="0">Choisir...</tTITRE><tDESCRIPTIF UserID="0"/><nTYPE UserID="0">0</nTYPE><tLIEN UserID="0"/></RESSOURCE_PEDAGOGIQUE></RESSOURCES_PEDAGOGIQUES><RESSOURCES_LOGISTIQUES><tADRESSE UserID="0"/><tDESCRIPTIF UserID="0"/><tLIEN UserID="0"/><nTYPE_SALLE UserID="0">0</nTYPE_SALLE><nNUMERO_SALLE UserID="0"/></RESSOURCES_LOGISTIQUES><tCOMMENTAIRE UserID="0"/></RESSOURCES_DOCS_ACTIVITE></PROPRIETES_ACTIVITES></ACTIVITE><ACTIVITE><JOURSPLANIFIES/><JPLANNING><nJOUR>27</nJOUR><nLIGNE>2</nLIGNE><nDUREE>1</nDUREE><nTOTAL_LIGNE>1</nTOTAL_LIGNE></JPLANNING><PROPRIETES_ACTIVITES><DESCRIPTIF_ACTIVITE><tTITRE UserID="0">Systèmique</tTITRE><tOBJECTIF UserID="0">Conduire une analyse systèmique (origine et  apports)
</tOBJECTIF><tDESCRIPTION UserID="0"/><nTYPE UserID="0">27</nTYPE><nCARACTERISTIQUE UserID="0">0</nCARACTERISTIQUE><nDUREEh UserID="0">1</nDUREEh><nDUREEmn UserID="0">30</nDUREEmn><nINDIVIDUELCOLLECTIF UserID="0">31</nINDIVIDUELCOLLECTIF><nLIEU_TRAVAIL UserID="0">2</nLIEU_TRAVAIL><tCOMMENTAIRE UserID="0"/></DESCRIPTIF_ACTIVITE><PRODUCTION_ACTIVITE><nRENDU UserID="0">0</nRENDU><tDESCRIPTION_PRODUCTION UserID="0"/><nDUREEh UserID="0">0</nDUREEh><nDUREEmn UserID="0">0</nDUREEmn><nOUTIL_ECHANGE UserID="0">0</nOUTIL_ECHANGE><nOUTIL_SUBSTITUTION UserID="0">0</nOUTIL_SUBSTITUTION><tDESCRIPTION_UTILISATION UserID="0"/><tCOMMENTAIRE UserID="0"/></PRODUCTION_ACTIVITE><ACCOMPAGNEMENT_ACTIVITE><ACCOMPAGNEMENTS_GLOBAUX><ACCOMPAGNEMENT_GLOBAL><nID>0</nID><nNOM UserID="0">0</nNOM><nTYPE UserID="0">0</nTYPE><nATTITUDE UserID="0">0</nATTITUDE><nACTION UserID="0">0</nACTION><tDESCRIPTIF UserID="0"/><nDUREE UserID="0">0</nDUREE><nGROUPE UserID="0">0</nGROUPE><nAPPRENANT UserID="0">0</nAPPRENANT><nPRESENCEDISTANCE UserID="0">0</nPRESENCEDISTANCE></ACCOMPAGNEMENT_GLOBAL><ACCOMPAGNEMENT_GLOBAL><nID>164</nID><nNOM UserID="0">104</nNOM><nTYPE UserID="0">0</nTYPE><nATTITUDE UserID="0">0</nATTITUDE><nACTION UserID="0">0</nACTION><tDESCRIPTIF UserID="0"/><nDUREE UserID="0">90</nDUREE><nGROUPE UserID="0">32</nGROUPE><nAPPRENANT UserID="0">0</nAPPRENANT><nPRESENCEDISTANCE UserID="0">0</nPRESENCEDISTANCE></ACCOMPAGNEMENT_GLOBAL></ACCOMPAGNEMENTS_GLOBAUX><nTYPE_OUTIL UserID="0">0</nTYPE_OUTIL><nOUTIL_SUBSTITUTION UserID="0">0</nOUTIL_SUBSTITUTION><tDESCRIPTION_UTILISATION UserID="0"/><tCOMMENTAIRE UserID="0"/></ACCOMPAGNEMENT_ACTIVITE><RESSOURCES_DOCS_ACTIVITE><RESSOURCES_PEDAGOGIQUES><RESSOURCE_PEDAGOGIQUE><nID>0</nID><tTITRE UserID="0">Choisir...</tTITRE><tDESCRIPTIF UserID="0"/><nTYPE UserID="0">0</nTYPE><tLIEN UserID="0"/></RESSOURCE_PEDAGOGIQUE></RESSOURCES_PEDAGOGIQUES><RESSOURCES_LOGISTIQUES><tADRESSE UserID="0"/><tDESCRIPTIF UserID="0"/><tLIEN UserID="0"/><nTYPE_SALLE UserID="0">0</nTYPE_SALLE><nNUMERO_SALLE UserID="0"/></RESSOURCES_LOGISTIQUES><tCOMMENTAIRE UserID="0"/></RESSOURCES_DOCS_ACTIVITE></PROPRIETES_ACTIVITES></ACTIVITE></ACTIVITES></SEQUENCE><SEQUENCE><JPLANNING><nJOUR>43</nJOUR><nLIGNE>11</nLIGNE><nDUREE>55</nDUREE><nTOTAL_LIGNE>5</nTOTAL_LIGNE></JPLANNING><PROPRIETES_SEQUENCE><DESCRIPTIF_SEQUENCE><tTITRE UserID="0">Projet</tTITRE><tOBJECTIF UserID="0">Réalisation d'un projet de film</tOBJECTIF><tDESCRIPTION UserID="0"/><tCOMMENTAIRE UserID="0"/></DESCRIPTIF_SEQUENCE></PROPRIETES_SEQUENCE><ACTIVITES><ACTIVITE><JOURSPLANIFIES/><JPLANNING><nJOUR>14</nJOUR><nLIGNE>3</nLIGNE><nDUREE>13</nDUREE><nTOTAL_LIGNE>1</nTOTAL_LIGNE></JPLANNING><PROPRIETES_ACTIVITES><DESCRIPTIF_ACTIVITE><tTITRE UserID="0">Contexte du projet</tTITRE><tOBJECTIF UserID="0">Approfondir le contexte de votre projet (objectifs, moyens et dimensionnement) et analyse l'existant.</tOBJECTIF><tDESCRIPTION UserID="0"/><nTYPE UserID="0">24</nTYPE><nCARACTERISTIQUE UserID="0">0</nCARACTERISTIQUE><nDUREEh UserID="0">3</nDUREEh><nDUREEmn UserID="0">0</nDUREEmn><nINDIVIDUELCOLLECTIF UserID="0">29</nINDIVIDUELCOLLECTIF><nLIEU_TRAVAIL UserID="0">0</nLIEU_TRAVAIL><tCOMMENTAIRE UserID="0"/></DESCRIPTIF_ACTIVITE><PRODUCTION_ACTIVITE><nRENDU UserID="0">1</nRENDU><tDESCRIPTION_PRODUCTION UserID="0"/><nDUREEh UserID="0">1</nDUREEh><nDUREEmn UserID="0">0</nDUREEmn><nOUTIL_ECHANGE UserID="0">0</nOUTIL_ECHANGE><nOUTIL_SUBSTITUTION UserID="0">0</nOUTIL_SUBSTITUTION><tDESCRIPTION_UTILISATION UserID="0"/><tCOMMENTAIRE UserID="0"/></PRODUCTION_ACTIVITE><ACCOMPAGNEMENT_ACTIVITE><ACCOMPAGNEMENTS_GLOBAUX><ACCOMPAGNEMENT_GLOBAL><nID>0</nID><nNOM UserID="0">0</nNOM><nTYPE UserID="0">0</nTYPE><nATTITUDE UserID="0">0</nATTITUDE><nACTION UserID="0">0</nACTION><tDESCRIPTIF UserID="0"/><nDUREE UserID="0">0</nDUREE><nGROUPE UserID="0">0</nGROUPE><nAPPRENANT UserID="0">0</nAPPRENANT><nPRESENCEDISTANCE UserID="0">0</nPRESENCEDISTANCE></ACCOMPAGNEMENT_GLOBAL></ACCOMPAGNEMENTS_GLOBAUX><nTYPE_OUTIL UserID="0">0</nTYPE_OUTIL><nOUTIL_SUBSTITUTION UserID="0">0</nOUTIL_SUBSTITUTION><tDESCRIPTION_UTILISATION UserID="0"/><tCOMMENTAIRE UserID="0"/></ACCOMPAGNEMENT_ACTIVITE><RESSOURCES_DOCS_ACTIVITE><RESSOURCES_PEDAGOGIQUES><RESSOURCE_PEDAGOGIQUE><nID>0</nID><tTITRE UserID="0">Choisir...</tTITRE><tDESCRIPTIF UserID="0"/><nTYPE UserID="0">0</nTYPE><tLIEN UserID="0"/></RESSOURCE_PEDAGOGIQUE></RESSOURCES_PEDAGOGIQUES><RESSOURCES_LOGISTIQUES><tADRESSE UserID="0"/><tDESCRIPTIF UserID="0"/><tLIEN UserID="0"/><nTYPE_SALLE UserID="0">0</nTYPE_SALLE><nNUMERO_SALLE UserID="0"/></RESSOURCES_LOGISTIQUES><tCOMMENTAIRE UserID="0"/></RESSOURCES_DOCS_ACTIVITE></PROPRIETES_ACTIVITES></ACTIVITE><ACTIVITE><JOURSPLANIFIES/><JPLANNING><nJOUR>13</nJOUR><nLIGNE>2</nLIGNE><nDUREE>1</nDUREE><nTOTAL_LIGNE>1</nTOTAL_LIGNE></JPLANNING><PROPRIETES_ACTIVITES><DESCRIPTIF_ACTIVITE><tTITRE UserID="0">Définition du sujet de projet</tTITRE><tOBJECTIF UserID="0">Arrêter avec votre tuteur le sujet de votre projet</tOBJECTIF><tDESCRIPTION UserID="0"/><nTYPE UserID="0">22</nTYPE><nCARACTERISTIQUE UserID="0">0</nCARACTERISTIQUE><nDUREEh UserID="0">1</nDUREEh><nDUREEmn UserID="0">0</nDUREEmn><nINDIVIDUELCOLLECTIF UserID="0">29</nINDIVIDUELCOLLECTIF><nLIEU_TRAVAIL UserID="0">2</nLIEU_TRAVAIL><tCOMMENTAIRE UserID="0"/></DESCRIPTIF_ACTIVITE><PRODUCTION_ACTIVITE><nRENDU UserID="0">0</nRENDU><tDESCRIPTION_PRODUCTION UserID="0"/><nDUREEh UserID="0">0</nDUREEh><nDUREEmn UserID="0">0</nDUREEmn><nOUTIL_ECHANGE UserID="0">0</nOUTIL_ECHANGE><nOUTIL_SUBSTITUTION UserID="0">0</nOUTIL_SUBSTITUTION><tDESCRIPTION_UTILISATION UserID="0"/><tCOMMENTAIRE UserID="0"/></PRODUCTION_ACTIVITE><ACCOMPAGNEMENT_ACTIVITE><ACCOMPAGNEMENTS_GLOBAUX><ACCOMPAGNEMENT_GLOBAL><nID>0</nID><nNOM UserID="0">0</nNOM><nTYPE UserID="0">0</nTYPE><nATTITUDE UserID="0">0</nATTITUDE><nACTION UserID="0">0</nACTION><tDESCRIPTIF UserID="0"/><nDUREE UserID="0">0</nDUREE><nGROUPE UserID="0">0</nGROUPE><nAPPRENANT UserID="0">0</nAPPRENANT><nPRESENCEDISTANCE UserID="0">0</nPRESENCEDISTANCE></ACCOMPAGNEMENT_GLOBAL><ACCOMPAGNEMENT_GLOBAL><nID>117</nID><nNOM UserID="0">105</nNOM><nTYPE UserID="0">2</nTYPE><nATTITUDE UserID="0">0</nATTITUDE><nACTION UserID="0">0</nACTION><tDESCRIPTIF UserID="0"/><nDUREE UserID="0">60</nDUREE><nGROUPE UserID="0">32</nGROUPE><nAPPRENANT UserID="0">0</nAPPRENANT><nPRESENCEDISTANCE UserID="0">0</nPRESENCEDISTANCE></ACCOMPAGNEMENT_GLOBAL><ACCOMPAGNEMENT_GLOBAL><nID>118</nID><nNOM UserID="0">106</nNOM><nTYPE UserID="0">2</nTYPE><nATTITUDE UserID="0">0</nATTITUDE><nACTION UserID="0">0</nACTION><tDESCRIPTIF UserID="0"/><nDUREE UserID="0">60</nDUREE><nGROUPE UserID="0">32</nGROUPE><nAPPRENANT UserID="0">0</nAPPRENANT><nPRESENCEDISTANCE UserID="0">0</nPRESENCEDISTANCE></ACCOMPAGNEMENT_GLOBAL></ACCOMPAGNEMENTS_GLOBAUX><nTYPE_OUTIL UserID="0">0</nTYPE_OUTIL><nOUTIL_SUBSTITUTION UserID="0">0</nOUTIL_SUBSTITUTION><tDESCRIPTION_UTILISATION UserID="0"/><tCOMMENTAIRE UserID="0"/></ACCOMPAGNEMENT_ACTIVITE><RESSOURCES_DOCS_ACTIVITE><RESSOURCES_PEDAGOGIQUES><RESSOURCE_PEDAGOGIQUE><nID>0</nID><tTITRE UserID="0">Choisir...</tTITRE><tDESCRIPTIF UserID="0"/><nTYPE UserID="0">0</nTYPE><tLIEN UserID="0"/></RESSOURCE_PEDAGOGIQUE></RESSOURCES_PEDAGOGIQUES><RESSOURCES_LOGISTIQUES><tADRESSE UserID="0"/><tDESCRIPTIF UserID="0"/><tLIEN UserID="0"/><nTYPE_SALLE UserID="0">0</nTYPE_SALLE><nNUMERO_SALLE UserID="0"/></RESSOURCES_LOGISTIQUES><tCOMMENTAIRE UserID="0"/></RESSOURCES_DOCS_ACTIVITE></PROPRIETES_ACTIVITES></ACTIVITE><ACTIVITE><JOURSPLANIFIES/><JPLANNING><nJOUR>29</nJOUR><nLIGNE>3</nLIGNE><nDUREE>23</nDUREE><nTOTAL_LIGNE>1</nTOTAL_LIGNE></JPLANNING><PROPRIETES_ACTIVITES><DESCRIPTIF_ACTIVITE><tTITRE UserID="0">réalisation du projet</tTITRE><tOBJECTIF UserID="0">Réaliser votre film en prennant en compte les contraintes du contexte et en appliquant une stratégie de communication particuliére.</tOBJECTIF><tDESCRIPTION UserID="0"/><nTYPE UserID="0">26</nTYPE><nCARACTERISTIQUE UserID="0">0</nCARACTERISTIQUE><nDUREEh UserID="0">8</nDUREEh><nDUREEmn UserID="0">0</nDUREEmn><nINDIVIDUELCOLLECTIF UserID="0">29</nINDIVIDUELCOLLECTIF><nLIEU_TRAVAIL UserID="0">0</nLIEU_TRAVAIL><tCOMMENTAIRE UserID="0"/></DESCRIPTIF_ACTIVITE><PRODUCTION_ACTIVITE><nRENDU UserID="0">1</nRENDU><tDESCRIPTION_PRODUCTION UserID="0">Transparents de présentation</tDESCRIPTION_PRODUCTION><nDUREEh UserID="0">3</nDUREEh><nDUREEmn UserID="0">0</nDUREEmn><nOUTIL_ECHANGE UserID="0">0</nOUTIL_ECHANGE><nOUTIL_SUBSTITUTION UserID="0">0</nOUTIL_SUBSTITUTION><tDESCRIPTION_UTILISATION UserID="0"/><tCOMMENTAIRE UserID="0"/></PRODUCTION_ACTIVITE><ACCOMPAGNEMENT_ACTIVITE><ACCOMPAGNEMENTS_GLOBAUX><ACCOMPAGNEMENT_GLOBAL><nID>0</nID><nNOM UserID="0">0</nNOM><nTYPE UserID="0">0</nTYPE><nATTITUDE UserID="0">0</nATTITUDE><nACTION UserID="0">0</nACTION><tDESCRIPTIF UserID="0"/><nDUREE UserID="0">0</nDUREE><nGROUPE UserID="0">0</nGROUPE><nAPPRENANT UserID="0">0</nAPPRENANT><nPRESENCEDISTANCE UserID="0">0</nPRESENCEDISTANCE></ACCOMPAGNEMENT_GLOBAL><ACCOMPAGNEMENT_GLOBAL><nID>125</nID><nNOM UserID="0">105</nNOM><nTYPE UserID="0">0</nTYPE><nATTITUDE UserID="0">0</nATTITUDE><nACTION UserID="0">0</nACTION><tDESCRIPTIF UserID="0"/><nDUREE UserID="0">15</nDUREE><nGROUPE UserID="0">109</nGROUPE><nAPPRENANT UserID="0">0</nAPPRENANT><nPRESENCEDISTANCE UserID="0">1</nPRESENCEDISTANCE></ACCOMPAGNEMENT_GLOBAL><ACCOMPAGNEMENT_GLOBAL><nID>126</nID><nNOM UserID="0">106</nNOM><nTYPE UserID="0">0</nTYPE><nATTITUDE UserID="0">0</nATTITUDE><nACTION UserID="0">0</nACTION><tDESCRIPTIF UserID="0"/><nDUREE UserID="0">15</nDUREE><nGROUPE UserID="0">110</nGROUPE><nAPPRENANT UserID="0">0</nAPPRENANT><nPRESENCEDISTANCE UserID="0">1</nPRESENCEDISTANCE></ACCOMPAGNEMENT_GLOBAL><ACCOMPAGNEMENT_GLOBAL><nID>189</nID><nNOM UserID="0">105</nNOM><nTYPE UserID="0">0</nTYPE><nATTITUDE UserID="0">0</nATTITUDE><nACTION UserID="0">0</nACTION><tDESCRIPTIF UserID="0"/><nDUREE UserID="0">15</nDUREE><nGROUPE UserID="0">107</nGROUPE><nAPPRENANT UserID="0">0</nAPPRENANT><nPRESENCEDISTANCE UserID="0">1</nPRESENCEDISTANCE></ACCOMPAGNEMENT_GLOBAL><ACCOMPAGNEMENT_GLOBAL><nID>190</nID><nNOM UserID="0">106</nNOM><nTYPE UserID="0">0</nTYPE><nATTITUDE UserID="0">0</nATTITUDE><nACTION UserID="0">0</nACTION><tDESCRIPTIF UserID="0"/><nDUREE UserID="0">15</nDUREE><nGROUPE UserID="0">108</nGROUPE><nAPPRENANT UserID="0">0</nAPPRENANT><nPRESENCEDISTANCE UserID="0">1</nPRESENCEDISTANCE></ACCOMPAGNEMENT_GLOBAL></ACCOMPAGNEMENTS_GLOBAUX><nTYPE_OUTIL UserID="0">0</nTYPE_OUTIL><nOUTIL_SUBSTITUTION UserID="0">0</nOUTIL_SUBSTITUTION><tDESCRIPTION_UTILISATION UserID="0"/><tCOMMENTAIRE UserID="0"/></ACCOMPAGNEMENT_ACTIVITE><RESSOURCES_DOCS_ACTIVITE><RESSOURCES_PEDAGOGIQUES><RESSOURCE_PEDAGOGIQUE><nID>0</nID><tTITRE UserID="0">Choisir...</tTITRE><tDESCRIPTIF UserID="0"/><nTYPE UserID="0">0</nTYPE><tLIEN UserID="0"/></RESSOURCE_PEDAGOGIQUE></RESSOURCES_PEDAGOGIQUES><RESSOURCES_LOGISTIQUES><tADRESSE UserID="0"/><tDESCRIPTIF UserID="0"/><tLIEN UserID="0"/><nTYPE_SALLE UserID="0">0</nTYPE_SALLE><nNUMERO_SALLE UserID="0"/></RESSOURCES_LOGISTIQUES><tCOMMENTAIRE UserID="0"/></RESSOURCES_DOCS_ACTIVITE></PROPRIETES_ACTIVITES></ACTIVITE><ACTIVITE><JOURSPLANIFIES/><JPLANNING><nJOUR>55</nJOUR><nLIGNE>3</nLIGNE><nDUREE>1</nDUREE><nTOTAL_LIGNE>1</nTOTAL_LIGNE></JPLANNING><PROPRIETES_ACTIVITES><DESCRIPTIF_ACTIVITE><tTITRE UserID="0">Soutenance</tTITRE><tOBJECTIF UserID="0">Présenter aux autres groupes et à vos enseignants le résultat de votre projet</tOBJECTIF><tDESCRIPTION UserID="0"/><nTYPE UserID="0">21</nTYPE><nCARACTERISTIQUE UserID="0">0</nCARACTERISTIQUE><nDUREEh UserID="0">3</nDUREEh><nDUREEmn UserID="0">0</nDUREEmn><nINDIVIDUELCOLLECTIF UserID="0">31</nINDIVIDUELCOLLECTIF><nLIEU_TRAVAIL UserID="0">2</nLIEU_TRAVAIL><tCOMMENTAIRE UserID="0"/></DESCRIPTIF_ACTIVITE><PRODUCTION_ACTIVITE><nRENDU UserID="0">0</nRENDU><tDESCRIPTION_PRODUCTION UserID="0"/><nDUREEh UserID="0">0</nDUREEh><nDUREEmn UserID="0">0</nDUREEmn><nOUTIL_ECHANGE UserID="0">0</nOUTIL_ECHANGE><nOUTIL_SUBSTITUTION UserID="0">0</nOUTIL_SUBSTITUTION><tDESCRIPTION_UTILISATION UserID="0"/><tCOMMENTAIRE UserID="0"/></PRODUCTION_ACTIVITE><ACCOMPAGNEMENT_ACTIVITE><ACCOMPAGNEMENTS_GLOBAUX><ACCOMPAGNEMENT_GLOBAL><nID>0</nID><nNOM UserID="0">0</nNOM><nTYPE UserID="0">0</nTYPE><nATTITUDE UserID="0">0</nATTITUDE><nACTION UserID="0">0</nACTION><tDESCRIPTIF UserID="0"/><nDUREE UserID="0">0</nDUREE><nGROUPE UserID="0">0</nGROUPE><nAPPRENANT UserID="0">0</nAPPRENANT><nPRESENCEDISTANCE UserID="0">0</nPRESENCEDISTANCE></ACCOMPAGNEMENT_GLOBAL><ACCOMPAGNEMENT_GLOBAL><nID>121</nID><nNOM UserID="0">105</nNOM><nTYPE UserID="0">0</nTYPE><nATTITUDE UserID="0">0</nATTITUDE><nACTION UserID="0">0</nACTION><tDESCRIPTIF UserID="0"/><nDUREE UserID="0">180</nDUREE><nGROUPE UserID="0">32</nGROUPE><nAPPRENANT UserID="0">0</nAPPRENANT><nPRESENCEDISTANCE UserID="0">0</nPRESENCEDISTANCE></ACCOMPAGNEMENT_GLOBAL><ACCOMPAGNEMENT_GLOBAL><nID>122</nID><nNOM UserID="0">106</nNOM><nTYPE UserID="0">0</nTYPE><nATTITUDE UserID="0">0</nATTITUDE><nACTION UserID="0">0</nACTION><tDESCRIPTIF UserID="0"/><nDUREE UserID="0">180</nDUREE><nGROUPE UserID="0">32</nGROUPE><nAPPRENANT UserID="0">0</nAPPRENANT><nPRESENCEDISTANCE UserID="0">0</nPRESENCEDISTANCE></ACCOMPAGNEMENT_GLOBAL></ACCOMPAGNEMENTS_GLOBAUX><nTYPE_OUTIL UserID="0">0</nTYPE_OUTIL><nOUTIL_SUBSTITUTION UserID="0">0</nOUTIL_SUBSTITUTION><tDESCRIPTION_UTILISATION UserID="0"/><tCOMMENTAIRE UserID="0"/></ACCOMPAGNEMENT_ACTIVITE><RESSOURCES_DOCS_ACTIVITE><RESSOURCES_PEDAGOGIQUES><RESSOURCE_PEDAGOGIQUE><nID>0</nID><tTITRE UserID="0">Choisir...</tTITRE><tDESCRIPTIF UserID="0"/><nTYPE UserID="0">0</nTYPE><tLIEN UserID="0"/></RESSOURCE_PEDAGOGIQUE></RESSOURCES_PEDAGOGIQUES><RESSOURCES_LOGISTIQUES><tADRESSE UserID="0"/><tDESCRIPTIF UserID="0"/><tLIEN UserID="0"/><nTYPE_SALLE UserID="0">0</nTYPE_SALLE><nNUMERO_SALLE UserID="0"/></RESSOURCES_LOGISTIQUES><tCOMMENTAIRE UserID="0"/></RESSOURCES_DOCS_ACTIVITE></PROPRIETES_ACTIVITES></ACTIVITE><ACTIVITE><JOURSPLANIFIES/><JPLANNING><nJOUR>1</nJOUR><nLIGNE>4</nLIGNE><nDUREE>11</nDUREE><nTOTAL_LIGNE>1</nTOTAL_LIGNE></JPLANNING><PROPRIETES_ACTIVITES><DESCRIPTIF_ACTIVITE><tTITRE UserID="0">Dossier préparation financement</tTITRE><tOBJECTIF UserID="0">Etablir un dossier des différentes sources de financements</tOBJECTIF><tDESCRIPTION UserID="0"/><nTYPE UserID="0">21</nTYPE><nCARACTERISTIQUE UserID="0">0</nCARACTERISTIQUE><nDUREEh UserID="0">2</nDUREEh><nDUREEmn UserID="0">0</nDUREEmn><nINDIVIDUELCOLLECTIF UserID="0">29</nINDIVIDUELCOLLECTIF><nLIEU_TRAVAIL UserID="0">0</nLIEU_TRAVAIL><tCOMMENTAIRE UserID="0"/></DESCRIPTIF_ACTIVITE><PRODUCTION_ACTIVITE><nRENDU UserID="0">1</nRENDU><tDESCRIPTION_PRODUCTION UserID="0"/><nDUREEh UserID="0">1</nDUREEh><nDUREEmn UserID="0">0</nDUREEmn><nOUTIL_ECHANGE UserID="0">0</nOUTIL_ECHANGE><nOUTIL_SUBSTITUTION UserID="0">0</nOUTIL_SUBSTITUTION><tDESCRIPTION_UTILISATION UserID="0"/><tCOMMENTAIRE UserID="0"/></PRODUCTION_ACTIVITE><ACCOMPAGNEMENT_ACTIVITE><ACCOMPAGNEMENTS_GLOBAUX><ACCOMPAGNEMENT_GLOBAL><nID>0</nID><nNOM UserID="0">0</nNOM><nTYPE UserID="0">0</nTYPE><nATTITUDE UserID="0">0</nATTITUDE><nACTION UserID="0">0</nACTION><tDESCRIPTIF UserID="0"/><nDUREE UserID="0">0</nDUREE><nGROUPE UserID="0">0</nGROUPE><nAPPRENANT UserID="0">0</nAPPRENANT><nPRESENCEDISTANCE UserID="0">0</nPRESENCEDISTANCE></ACCOMPAGNEMENT_GLOBAL><ACCOMPAGNEMENT_GLOBAL><nID>177</nID><nNOM UserID="0">105</nNOM><nTYPE UserID="0">0</nTYPE><nATTITUDE UserID="0">0</nATTITUDE><nACTION UserID="0">0</nACTION><tDESCRIPTIF UserID="0"/><nDUREE UserID="0">120</nDUREE><nGROUPE UserID="0">109</nGROUPE><nAPPRENANT UserID="0">0</nAPPRENANT><nPRESENCEDISTANCE UserID="0">1</nPRESENCEDISTANCE></ACCOMPAGNEMENT_GLOBAL><ACCOMPAGNEMENT_GLOBAL><nID>178</nID><nNOM UserID="0">106</nNOM><nTYPE UserID="0">0</nTYPE><nATTITUDE UserID="0">0</nATTITUDE><nACTION UserID="0">0</nACTION><tDESCRIPTIF UserID="0"/><nDUREE UserID="0">120</nDUREE><nGROUPE UserID="0">110</nGROUPE><nAPPRENANT UserID="0">0</nAPPRENANT><nPRESENCEDISTANCE UserID="0">1</nPRESENCEDISTANCE></ACCOMPAGNEMENT_GLOBAL><ACCOMPAGNEMENT_GLOBAL><nID>187</nID><nNOM UserID="0">105</nNOM><nTYPE UserID="0">0</nTYPE><nATTITUDE UserID="0">0</nATTITUDE><nACTION UserID="0">0</nACTION><tDESCRIPTIF UserID="0"/><nDUREE UserID="0">120</nDUREE><nGROUPE UserID="0">107</nGROUPE><nAPPRENANT UserID="0">0</nAPPRENANT><nPRESENCEDISTANCE UserID="0">1</nPRESENCEDISTANCE></ACCOMPAGNEMENT_GLOBAL><ACCOMPAGNEMENT_GLOBAL><nID>188</nID><nNOM UserID="0">106</nNOM><nTYPE UserID="0">0</nTYPE><nATTITUDE UserID="0">0</nATTITUDE><nACTION UserID="0">0</nACTION><tDESCRIPTIF UserID="0"/><nDUREE UserID="0">120</nDUREE><nGROUPE UserID="0">108</nGROUPE><nAPPRENANT UserID="0">0</nAPPRENANT><nPRESENCEDISTANCE UserID="0">1</nPRESENCEDISTANCE></ACCOMPAGNEMENT_GLOBAL></ACCOMPAGNEMENTS_GLOBAUX><nTYPE_OUTIL UserID="0">0</nTYPE_OUTIL><nOUTIL_SUBSTITUTION UserID="0">0</nOUTIL_SUBSTITUTION><tDESCRIPTION_UTILISATION UserID="0"/><tCOMMENTAIRE UserID="0"/></ACCOMPAGNEMENT_ACTIVITE><RESSOURCES_DOCS_ACTIVITE><RESSOURCES_PEDAGOGIQUES><RESSOURCE_PEDAGOGIQUE><nID>0</nID><tTITRE UserID="0">Choisir...</tTITRE><tDESCRIPTIF UserID="0"/><nTYPE UserID="0">0</nTYPE><tLIEN UserID="0"/></RESSOURCE_PEDAGOGIQUE></RESSOURCES_PEDAGOGIQUES><RESSOURCES_LOGISTIQUES><tADRESSE UserID="0"/><tDESCRIPTIF UserID="0"/><tLIEN UserID="0"/><nTYPE_SALLE UserID="0">0</nTYPE_SALLE><nNUMERO_SALLE UserID="0"/></RESSOURCES_LOGISTIQUES><tCOMMENTAIRE UserID="0"/></RESSOURCES_DOCS_ACTIVITE></PROPRIETES_ACTIVITES></ACTIVITE><ACTIVITE><JOURSPLANIFIES/><JPLANNING><nJOUR>1</nJOUR><nLIGNE>1</nLIGNE><nDUREE>11</nDUREE><nTOTAL_LIGNE>1</nTOTAL_LIGNE></JPLANNING><PROPRIETES_ACTIVITES><DESCRIPTIF_ACTIVITE><tTITRE UserID="0">Organisation d'un projet</tTITRE><tOBJECTIF UserID="0">Connaître les différentes étapes et moyens à réunir pour un projet de film</tOBJECTIF><tDESCRIPTION UserID="0"/><nTYPE UserID="0">19</nTYPE><nCARACTERISTIQUE UserID="0">0</nCARACTERISTIQUE><nDUREEh UserID="0">1</nDUREEh><nDUREEmn UserID="0">30</nDUREEmn><nINDIVIDUELCOLLECTIF UserID="0">29</nINDIVIDUELCOLLECTIF><nLIEU_TRAVAIL UserID="0">2</nLIEU_TRAVAIL><tCOMMENTAIRE UserID="0"/></DESCRIPTIF_ACTIVITE><PRODUCTION_ACTIVITE><nRENDU UserID="0">0</nRENDU><tDESCRIPTION_PRODUCTION UserID="0"/><nDUREEh UserID="0">0</nDUREEh><nDUREEmn UserID="0">0</nDUREEmn><nOUTIL_ECHANGE UserID="0">0</nOUTIL_ECHANGE><nOUTIL_SUBSTITUTION UserID="0">0</nOUTIL_SUBSTITUTION><tDESCRIPTION_UTILISATION UserID="0"/><tCOMMENTAIRE UserID="0"/></PRODUCTION_ACTIVITE><ACCOMPAGNEMENT_ACTIVITE><ACCOMPAGNEMENTS_GLOBAUX><ACCOMPAGNEMENT_GLOBAL><nID>0</nID><nNOM UserID="0">0</nNOM><nTYPE UserID="0">0</nTYPE><nATTITUDE UserID="0">0</nATTITUDE><nACTION UserID="0">0</nACTION><tDESCRIPTIF UserID="0"/><nDUREE UserID="0">0</nDUREE><nGROUPE UserID="0">0</nGROUPE><nAPPRENANT UserID="0">0</nAPPRENANT><nPRESENCEDISTANCE UserID="0">0</nPRESENCEDISTANCE></ACCOMPAGNEMENT_GLOBAL></ACCOMPAGNEMENTS_GLOBAUX><nTYPE_OUTIL UserID="0">0</nTYPE_OUTIL><nOUTIL_SUBSTITUTION UserID="0">0</nOUTIL_SUBSTITUTION><tDESCRIPTION_UTILISATION UserID="0"/><tCOMMENTAIRE UserID="0"/></ACCOMPAGNEMENT_ACTIVITE><RESSOURCES_DOCS_ACTIVITE><RESSOURCES_PEDAGOGIQUES><RESSOURCE_PEDAGOGIQUE><nID>0</nID><tTITRE UserID="0">Choisir...</tTITRE><tDESCRIPTIF UserID="0"/><nTYPE UserID="0">0</nTYPE><tLIEN UserID="0"/></RESSOURCE_PEDAGOGIQUE><RESSOURCE_PEDAGOGIQUE><nID>161</nID><tTITRE UserID="0">cours de M Carolinos</tTITRE><tDESCRIPTIF UserID="0"/><nTYPE UserID="0">0</nTYPE><tLIEN UserID="0"/></RESSOURCE_PEDAGOGIQUE></RESSOURCES_PEDAGOGIQUES><RESSOURCES_LOGISTIQUES><tADRESSE UserID="0"/><tDESCRIPTIF UserID="0"/><tLIEN UserID="0"/><nTYPE_SALLE UserID="0">0</nTYPE_SALLE><nNUMERO_SALLE UserID="0"/></RESSOURCES_LOGISTIQUES><tCOMMENTAIRE UserID="0"/></RESSOURCES_DOCS_ACTIVITE></PROPRIETES_ACTIVITES></ACTIVITE><ACTIVITE><JOURSPLANIFIES/><JPLANNING><nJOUR>27</nJOUR><nLIGNE>2</nLIGNE><nDUREE>1</nDUREE><nTOTAL_LIGNE>1</nTOTAL_LIGNE></JPLANNING><PROPRIETES_ACTIVITES><DESCRIPTIF_ACTIVITE><tTITRE UserID="0">Validation des éléments du projet</tTITRE><tOBJECTIF UserID="0">Valider avec votre tuteur votre projet</tOBJECTIF><tDESCRIPTION UserID="0"/><nTYPE UserID="0">22</nTYPE><nCARACTERISTIQUE UserID="0">0</nCARACTERISTIQUE><nDUREEh UserID="0">1</nDUREEh><nDUREEmn UserID="0">0</nDUREEmn><nINDIVIDUELCOLLECTIF UserID="0">29</nINDIVIDUELCOLLECTIF><nLIEU_TRAVAIL UserID="0">2</nLIEU_TRAVAIL><tCOMMENTAIRE UserID="0"/></DESCRIPTIF_ACTIVITE><PRODUCTION_ACTIVITE><nRENDU UserID="0">0</nRENDU><tDESCRIPTION_PRODUCTION UserID="0"/><nDUREEh UserID="0">0</nDUREEh><nDUREEmn UserID="0">0</nDUREEmn><nOUTIL_ECHANGE UserID="0">0</nOUTIL_ECHANGE><nOUTIL_SUBSTITUTION UserID="0">0</nOUTIL_SUBSTITUTION><tDESCRIPTION_UTILISATION UserID="0"/><tCOMMENTAIRE UserID="0"/></PRODUCTION_ACTIVITE><ACCOMPAGNEMENT_ACTIVITE><ACCOMPAGNEMENTS_GLOBAUX><ACCOMPAGNEMENT_GLOBAL><nID>0</nID><nNOM UserID="0">0</nNOM><nTYPE UserID="0">0</nTYPE><nATTITUDE UserID="0">0</nATTITUDE><nACTION UserID="0">0</nACTION><tDESCRIPTIF UserID="0"/><nDUREE UserID="0">0</nDUREE><nGROUPE UserID="0">0</nGROUPE><nAPPRENANT UserID="0">0</nAPPRENANT><nPRESENCEDISTANCE UserID="0">0</nPRESENCEDISTANCE></ACCOMPAGNEMENT_GLOBAL><ACCOMPAGNEMENT_GLOBAL><nID>117</nID><nNOM UserID="0">105</nNOM><nTYPE UserID="0">2</nTYPE><nATTITUDE UserID="0">0</nATTITUDE><nACTION UserID="0">0</nACTION><tDESCRIPTIF UserID="0"/><nDUREE UserID="0">60</nDUREE><nGROUPE UserID="0">32</nGROUPE><nAPPRENANT UserID="0">0</nAPPRENANT><nPRESENCEDISTANCE UserID="0">0</nPRESENCEDISTANCE></ACCOMPAGNEMENT_GLOBAL><ACCOMPAGNEMENT_GLOBAL><nID>118</nID><nNOM UserID="0">106</nNOM><nTYPE UserID="0">2</nTYPE><nATTITUDE UserID="0">0</nATTITUDE><nACTION UserID="0">0</nACTION><tDESCRIPTIF UserID="0"/><nDUREE UserID="0">60</nDUREE><nGROUPE UserID="0">32</nGROUPE><nAPPRENANT UserID="0">0</nAPPRENANT><nPRESENCEDISTANCE UserID="0">0</nPRESENCEDISTANCE></ACCOMPAGNEMENT_GLOBAL></ACCOMPAGNEMENTS_GLOBAUX><nTYPE_OUTIL UserID="0">12</nTYPE_OUTIL><nOUTIL_SUBSTITUTION UserID="0">0</nOUTIL_SUBSTITUTION><tDESCRIPTION_UTILISATION UserID="0"/><tCOMMENTAIRE UserID="0"/></ACCOMPAGNEMENT_ACTIVITE><RESSOURCES_DOCS_ACTIVITE><RESSOURCES_PEDAGOGIQUES><RESSOURCE_PEDAGOGIQUE><nID>0</nID><tTITRE UserID="0">Choisir...</tTITRE><tDESCRIPTIF UserID="0"/><nTYPE UserID="0">0</nTYPE><tLIEN UserID="0"/></RESSOURCE_PEDAGOGIQUE></RESSOURCES_PEDAGOGIQUES><RESSOURCES_LOGISTIQUES><tADRESSE UserID="0"/><tDESCRIPTIF UserID="0"/><tLIEN UserID="0"/><nTYPE_SALLE UserID="0">0</nTYPE_SALLE><nNUMERO_SALLE UserID="0"/></RESSOURCES_LOGISTIQUES><tCOMMENTAIRE UserID="0"/></RESSOURCES_DOCS_ACTIVITE></PROPRIETES_ACTIVITES></ACTIVITE></ACTIVITES></SEQUENCE><SEQUENCE><JPLANNING><nJOUR>41</nJOUR><nLIGNE>4</nLIGNE><nDUREE>39</nDUREE><nTOTAL_LIGNE>6</nTOTAL_LIGNE></JPLANNING><PROPRIETES_SEQUENCE><DESCRIPTIF_SEQUENCE><tTITRE UserID="0">Communication institutionnelle</tTITRE><tOBJECTIF UserID="0"/><tDESCRIPTION UserID="0"/><tCOMMENTAIRE UserID="0"/></DESCRIPTIF_SEQUENCE></PROPRIETES_SEQUENCE><ACTIVITES><ACTIVITE><JOURSPLANIFIES/><JPLANNING><nJOUR>15</nJOUR><nLIGNE>2</nLIGNE><nDUREE>1</nDUREE><nTOTAL_LIGNE>1</nTOTAL_LIGNE></JPLANNING><PROPRIETES_ACTIVITES><DESCRIPTIF_ACTIVITE><tTITRE UserID="0">Cas : entreprise TRUC</tTITRE><tOBJECTIF UserID="0">Echanger autour d'un cas : l'image au sein de la campagne de l'entreprise TRUC</tOBJECTIF><tDESCRIPTION UserID="0"/><nTYPE UserID="0">27</nTYPE><nCARACTERISTIQUE UserID="0">0</nCARACTERISTIQUE><nDUREEh UserID="0">1</nDUREEh><nDUREEmn UserID="0">30</nDUREEmn><nINDIVIDUELCOLLECTIF UserID="0">0</nINDIVIDUELCOLLECTIF><nLIEU_TRAVAIL UserID="0">2</nLIEU_TRAVAIL><tCOMMENTAIRE UserID="0"/></DESCRIPTIF_ACTIVITE><PRODUCTION_ACTIVITE><nRENDU UserID="0">0</nRENDU><tDESCRIPTION_PRODUCTION UserID="0"/><nDUREEh UserID="0">0</nDUREEh><nDUREEmn UserID="0">0</nDUREEmn><nOUTIL_ECHANGE UserID="0">0</nOUTIL_ECHANGE><nOUTIL_SUBSTITUTION UserID="0">0</nOUTIL_SUBSTITUTION><tDESCRIPTION_UTILISATION UserID="0"/><tCOMMENTAIRE UserID="0"/></PRODUCTION_ACTIVITE><ACCOMPAGNEMENT_ACTIVITE><ACCOMPAGNEMENTS_GLOBAUX><ACCOMPAGNEMENT_GLOBAL><nID>0</nID><nNOM UserID="0">0</nNOM><nTYPE UserID="0">0</nTYPE><nATTITUDE UserID="0">0</nATTITUDE><nACTION UserID="0">0</nACTION><tDESCRIPTIF UserID="0"/><nDUREE UserID="0">0</nDUREE><nGROUPE UserID="0">0</nGROUPE><nAPPRENANT UserID="0">0</nAPPRENANT><nPRESENCEDISTANCE UserID="0">0</nPRESENCEDISTANCE></ACCOMPAGNEMENT_GLOBAL><ACCOMPAGNEMENT_GLOBAL><nID>166</nID><nNOM UserID="0">140</nNOM><nTYPE UserID="0">0</nTYPE><nATTITUDE UserID="0">0</nATTITUDE><nACTION UserID="0">0</nACTION><tDESCRIPTIF UserID="0"/><nDUREE UserID="0">90</nDUREE><nGROUPE UserID="0">32</nGROUPE><nAPPRENANT UserID="0">0</nAPPRENANT><nPRESENCEDISTANCE UserID="0">0</nPRESENCEDISTANCE></ACCOMPAGNEMENT_GLOBAL></ACCOMPAGNEMENTS_GLOBAUX><nTYPE_OUTIL UserID="0">0</nTYPE_OUTIL><nOUTIL_SUBSTITUTION UserID="0">0</nOUTIL_SUBSTITUTION><tDESCRIPTION_UTILISATION UserID="0"/><tCOMMENTAIRE UserID="0"/></ACCOMPAGNEMENT_ACTIVITE><RESSOURCES_DOCS_ACTIVITE><RESSOURCES_PEDAGOGIQUES><RESSOURCE_PEDAGOGIQUE><nID>0</nID><tTITRE UserID="0">Choisir...</tTITRE><tDESCRIPTIF UserID="0"/><nTYPE UserID="0">0</nTYPE><tLIEN UserID="0"/></RESSOURCE_PEDAGOGIQUE></RESSOURCES_PEDAGOGIQUES><RESSOURCES_LOGISTIQUES><tADRESSE UserID="0"/><tDESCRIPTIF UserID="0"/><tLIEN UserID="0"/><nTYPE_SALLE UserID="0">0</nTYPE_SALLE><nNUMERO_SALLE UserID="0"/></RESSOURCES_LOGISTIQUES><tCOMMENTAIRE UserID="0"/></RESSOURCES_DOCS_ACTIVITE></PROPRIETES_ACTIVITES></ACTIVITE><ACTIVITE><JOURSPLANIFIES/><JPLANNING><nJOUR>2</nJOUR><nLIGNE>5</nLIGNE><nDUREE>11</nDUREE><nTOTAL_LIGNE>1</nTOTAL_LIGNE></JPLANNING><PROPRIETES_ACTIVITES><DESCRIPTIF_ACTIVITE><tTITRE UserID="0">Analyse</tTITRE><tOBJECTIF UserID="0">Analyser un film institutionnel</tOBJECTIF><tDESCRIPTION UserID="0"/><nTYPE UserID="0">21</nTYPE><nCARACTERISTIQUE UserID="0">0</nCARACTERISTIQUE><nDUREEh UserID="0">2</nDUREEh><nDUREEmn UserID="0">0</nDUREEmn><nINDIVIDUELCOLLECTIF UserID="0">30</nINDIVIDUELCOLLECTIF><nLIEU_TRAVAIL UserID="0">0</nLIEU_TRAVAIL><tCOMMENTAIRE UserID="0"/></DESCRIPTIF_ACTIVITE><PRODUCTION_ACTIVITE><nRENDU UserID="0">1</nRENDU><tDESCRIPTION_PRODUCTION UserID="0"/><nDUREEh UserID="0">1</nDUREEh><nDUREEmn UserID="0">0</nDUREEmn><nOUTIL_ECHANGE UserID="0">9</nOUTIL_ECHANGE><nOUTIL_SUBSTITUTION UserID="0">0</nOUTIL_SUBSTITUTION><tDESCRIPTION_UTILISATION UserID="0"/><tCOMMENTAIRE UserID="0"/></PRODUCTION_ACTIVITE><ACCOMPAGNEMENT_ACTIVITE><ACCOMPAGNEMENTS_GLOBAUX><ACCOMPAGNEMENT_GLOBAL><nID>0</nID><nNOM UserID="0">0</nNOM><nTYPE UserID="0">0</nTYPE><nATTITUDE UserID="0">0</nATTITUDE><nACTION UserID="0">0</nACTION><tDESCRIPTIF UserID="0"/><nDUREE UserID="0">0</nDUREE><nGROUPE UserID="0">0</nGROUPE><nAPPRENANT UserID="0">0</nAPPRENANT><nPRESENCEDISTANCE UserID="0">0</nPRESENCEDISTANCE></ACCOMPAGNEMENT_GLOBAL></ACCOMPAGNEMENTS_GLOBAUX><nTYPE_OUTIL UserID="0">0</nTYPE_OUTIL><nOUTIL_SUBSTITUTION UserID="0">0</nOUTIL_SUBSTITUTION><tDESCRIPTION_UTILISATION UserID="0"/><tCOMMENTAIRE UserID="0"/></ACCOMPAGNEMENT_ACTIVITE><RESSOURCES_DOCS_ACTIVITE><RESSOURCES_PEDAGOGIQUES><RESSOURCE_PEDAGOGIQUE><nID>0</nID><tTITRE UserID="0">Choisir...</tTITRE><tDESCRIPTIF UserID="0"/><nTYPE UserID="0">0</nTYPE><tLIEN UserID="0"/></RESSOURCE_PEDAGOGIQUE></RESSOURCES_PEDAGOGIQUES><RESSOURCES_LOGISTIQUES><tADRESSE UserID="0"/><tDESCRIPTIF UserID="0"/><tLIEN UserID="0"/><nTYPE_SALLE UserID="0">0</nTYPE_SALLE><nNUMERO_SALLE UserID="0"/></RESSOURCES_LOGISTIQUES><tCOMMENTAIRE UserID="0"/></RESSOURCES_DOCS_ACTIVITE></PROPRIETES_ACTIVITES></ACTIVITE><ACTIVITE><JOURSPLANIFIES/><JPLANNING><nJOUR>14</nJOUR><nLIGNE>3</nLIGNE><nDUREE>15</nDUREE><nTOTAL_LIGNE>1</nTOTAL_LIGNE></JPLANNING><PROPRIETES_ACTIVITES><DESCRIPTIF_ACTIVITE><tTITRE UserID="0">outils et techniques de communication en entreprise</tTITRE><tOBJECTIF UserID="0">Connaître les outils et techniques de communication en entreprise</tOBJECTIF><tDESCRIPTION UserID="0"/><nTYPE UserID="0">19</nTYPE><nCARACTERISTIQUE UserID="0">0</nCARACTERISTIQUE><nDUREEh UserID="0">3</nDUREEh><nDUREEmn UserID="0">0</nDUREEmn><nINDIVIDUELCOLLECTIF UserID="0">0</nINDIVIDUELCOLLECTIF><nLIEU_TRAVAIL UserID="0">0</nLIEU_TRAVAIL><tCOMMENTAIRE UserID="0"/></DESCRIPTIF_ACTIVITE><PRODUCTION_ACTIVITE><nRENDU UserID="0">0</nRENDU><tDESCRIPTION_PRODUCTION UserID="0"/><nDUREEh UserID="0">0</nDUREEh><nDUREEmn UserID="0">0</nDUREEmn><nOUTIL_ECHANGE UserID="0">0</nOUTIL_ECHANGE><nOUTIL_SUBSTITUTION UserID="0">0</nOUTIL_SUBSTITUTION><tDESCRIPTION_UTILISATION UserID="0"/><tCOMMENTAIRE UserID="0"/></PRODUCTION_ACTIVITE><ACCOMPAGNEMENT_ACTIVITE><ACCOMPAGNEMENTS_GLOBAUX><ACCOMPAGNEMENT_GLOBAL><nID>0</nID><nNOM UserID="0">0</nNOM><nTYPE UserID="0">0</nTYPE><nATTITUDE UserID="0">0</nATTITUDE><nACTION UserID="0">0</nACTION><tDESCRIPTIF UserID="0"/><nDUREE UserID="0">0</nDUREE><nGROUPE UserID="0">0</nGROUPE><nAPPRENANT UserID="0">0</nAPPRENANT><nPRESENCEDISTANCE UserID="0">0</nPRESENCEDISTANCE></ACCOMPAGNEMENT_GLOBAL></ACCOMPAGNEMENTS_GLOBAUX><nTYPE_OUTIL UserID="0">0</nTYPE_OUTIL><nOUTIL_SUBSTITUTION UserID="0">0</nOUTIL_SUBSTITUTION><tDESCRIPTION_UTILISATION UserID="0"/><tCOMMENTAIRE UserID="0"/></ACCOMPAGNEMENT_ACTIVITE><RESSOURCES_DOCS_ACTIVITE><RESSOURCES_PEDAGOGIQUES><RESSOURCE_PEDAGOGIQUE><nID>0</nID><tTITRE UserID="0">Choisir...</tTITRE><tDESCRIPTIF UserID="0"/><nTYPE UserID="0">0</nTYPE><tLIEN UserID="0"/></RESSOURCE_PEDAGOGIQUE></RESSOURCES_PEDAGOGIQUES><RESSOURCES_LOGISTIQUES><tADRESSE UserID="0"/><tDESCRIPTIF UserID="0"/><tLIEN UserID="0"/><nTYPE_SALLE UserID="0">0</nTYPE_SALLE><nNUMERO_SALLE UserID="0"/></RESSOURCES_LOGISTIQUES><tCOMMENTAIRE UserID="0"/></RESSOURCES_DOCS_ACTIVITE></PROPRIETES_ACTIVITES></ACTIVITE><ACTIVITE><JOURSPLANIFIES/><JPLANNING><nJOUR>1</nJOUR><nLIGNE>3</nLIGNE><nDUREE>1</nDUREE><nTOTAL_LIGNE>1</nTOTAL_LIGNE></JPLANNING><PROPRIETES_ACTIVITES><DESCRIPTIF_ACTIVITE><tTITRE UserID="0">Communication institutionnelle</tTITRE><tOBJECTIF UserID="0">Connaître les enjeux et les orientations de la communication institutionnelle actuelle</tOBJECTIF><tDESCRIPTION UserID="0"/><nTYPE UserID="0">27</nTYPE><nCARACTERISTIQUE UserID="0">0</nCARACTERISTIQUE><nDUREEh UserID="0">1</nDUREEh><nDUREEmn UserID="0">30</nDUREEmn><nINDIVIDUELCOLLECTIF UserID="0">31</nINDIVIDUELCOLLECTIF><nLIEU_TRAVAIL UserID="0">0</nLIEU_TRAVAIL><tCOMMENTAIRE UserID="0"/></DESCRIPTIF_ACTIVITE><PRODUCTION_ACTIVITE><nRENDU UserID="0">0</nRENDU><tDESCRIPTION_PRODUCTION UserID="0"/><nDUREEh UserID="0">0</nDUREEh><nDUREEmn UserID="0">0</nDUREEmn><nOUTIL_ECHANGE UserID="0">0</nOUTIL_ECHANGE><nOUTIL_SUBSTITUTION UserID="0">0</nOUTIL_SUBSTITUTION><tDESCRIPTION_UTILISATION UserID="0"/><tCOMMENTAIRE UserID="0"/></PRODUCTION_ACTIVITE><ACCOMPAGNEMENT_ACTIVITE><ACCOMPAGNEMENTS_GLOBAUX><ACCOMPAGNEMENT_GLOBAL><nID>0</nID><nNOM UserID="0">0</nNOM><nTYPE UserID="0">0</nTYPE><nATTITUDE UserID="0">0</nATTITUDE><nACTION UserID="0">0</nACTION><tDESCRIPTIF UserID="0"/><nDUREE UserID="0">0</nDUREE><nGROUPE UserID="0">0</nGROUPE><nAPPRENANT UserID="0">0</nAPPRENANT><nPRESENCEDISTANCE UserID="0">0</nPRESENCEDISTANCE></ACCOMPAGNEMENT_GLOBAL><ACCOMPAGNEMENT_GLOBAL><nID>165</nID><nNOM UserID="0">101</nNOM><nTYPE UserID="0">0</nTYPE><nATTITUDE UserID="0">0</nATTITUDE><nACTION UserID="0">0</nACTION><tDESCRIPTIF UserID="0"/><nDUREE UserID="0">90</nDUREE><nGROUPE UserID="0">32</nGROUPE><nAPPRENANT UserID="0">0</nAPPRENANT><nPRESENCEDISTANCE UserID="0">1</nPRESENCEDISTANCE></ACCOMPAGNEMENT_GLOBAL></ACCOMPAGNEMENTS_GLOBAUX><nTYPE_OUTIL UserID="0">15</nTYPE_OUTIL><nOUTIL_SUBSTITUTION UserID="0">0</nOUTIL_SUBSTITUTION><tDESCRIPTION_UTILISATION UserID="0"/><tCOMMENTAIRE UserID="0"/></ACCOMPAGNEMENT_ACTIVITE><RESSOURCES_DOCS_ACTIVITE><RESSOURCES_PEDAGOGIQUES><RESSOURCE_PEDAGOGIQUE><nID>0</nID><tTITRE UserID="0">Choisir...</tTITRE><tDESCRIPTIF UserID="0"/><nTYPE UserID="0">0</nTYPE><tLIEN UserID="0"/></RESSOURCE_PEDAGOGIQUE></RESSOURCES_PEDAGOGIQUES><RESSOURCES_LOGISTIQUES><tADRESSE UserID="0"/><tDESCRIPTIF UserID="0"/><tLIEN UserID="0"/><nTYPE_SALLE UserID="0">0</nTYPE_SALLE><nNUMERO_SALLE UserID="0"/></RESSOURCES_LOGISTIQUES><tCOMMENTAIRE UserID="0"/></RESSOURCES_DOCS_ACTIVITE></PROPRIETES_ACTIVITES></ACTIVITE><ACTIVITE><JOURSPLANIFIES/><JPLANNING><nJOUR>29</nJOUR><nLIGNE>2</nLIGNE><nDUREE>1</nDUREE><nTOTAL_LIGNE>1</nTOTAL_LIGNE></JPLANNING><PROPRIETES_ACTIVITES><DESCRIPTIF_ACTIVITE><tTITRE UserID="0">Politique culturelle</tTITRE><tOBJECTIF UserID="0">Situer la place du film au sein de la politique culturelle en France</tOBJECTIF><tDESCRIPTION UserID="0"/><nTYPE UserID="0">27</nTYPE><nCARACTERISTIQUE UserID="0">0</nCARACTERISTIQUE><nDUREEh UserID="0">2</nDUREEh><nDUREEmn UserID="0">30</nDUREEmn><nINDIVIDUELCOLLECTIF UserID="0">0</nINDIVIDUELCOLLECTIF><nLIEU_TRAVAIL UserID="0">2</nLIEU_TRAVAIL><tCOMMENTAIRE UserID="0"/></DESCRIPTIF_ACTIVITE><PRODUCTION_ACTIVITE><nRENDU UserID="0">0</nRENDU><tDESCRIPTION_PRODUCTION UserID="0"/><nDUREEh UserID="0">0</nDUREEh><nDUREEmn UserID="0">0</nDUREEmn><nOUTIL_ECHANGE UserID="0">0</nOUTIL_ECHANGE><nOUTIL_SUBSTITUTION UserID="0">0</nOUTIL_SUBSTITUTION><tDESCRIPTION_UTILISATION UserID="0"/><tCOMMENTAIRE UserID="0"/></PRODUCTION_ACTIVITE><ACCOMPAGNEMENT_ACTIVITE><ACCOMPAGNEMENTS_GLOBAUX><ACCOMPAGNEMENT_GLOBAL><nID>0</nID><nNOM UserID="0">0</nNOM><nTYPE UserID="0">0</nTYPE><nATTITUDE UserID="0">0</nATTITUDE><nACTION UserID="0">0</nACTION><tDESCRIPTIF UserID="0"/><nDUREE UserID="0">0</nDUREE><nGROUPE UserID="0">0</nGROUPE><nAPPRENANT UserID="0">0</nAPPRENANT><nPRESENCEDISTANCE UserID="0">0</nPRESENCEDISTANCE></ACCOMPAGNEMENT_GLOBAL><ACCOMPAGNEMENT_GLOBAL><nID>167</nID><nNOM UserID="0">101</nNOM><nTYPE UserID="0">0</nTYPE><nATTITUDE UserID="0">0</nATTITUDE><nACTION UserID="0">0</nACTION><tDESCRIPTIF UserID="0"/><nDUREE UserID="0">150</nDUREE><nGROUPE UserID="0">32</nGROUPE><nAPPRENANT UserID="0">0</nAPPRENANT><nPRESENCEDISTANCE UserID="0">0</nPRESENCEDISTANCE></ACCOMPAGNEMENT_GLOBAL></ACCOMPAGNEMENTS_GLOBAUX><nTYPE_OUTIL UserID="0">0</nTYPE_OUTIL><nOUTIL_SUBSTITUTION UserID="0">0</nOUTIL_SUBSTITUTION><tDESCRIPTION_UTILISATION UserID="0"/><tCOMMENTAIRE UserID="0"/></ACCOMPAGNEMENT_ACTIVITE><RESSOURCES_DOCS_ACTIVITE><RESSOURCES_PEDAGOGIQUES><RESSOURCE_PEDAGOGIQUE><nID>0</nID><tTITRE UserID="0">Choisir...</tTITRE><tDESCRIPTIF UserID="0"/><nTYPE UserID="0">0</nTYPE><tLIEN UserID="0"/></RESSOURCE_PEDAGOGIQUE></RESSOURCES_PEDAGOGIQUES><RESSOURCES_LOGISTIQUES><tADRESSE UserID="0"/><tDESCRIPTIF UserID="0"/><tLIEN UserID="0"/><nTYPE_SALLE UserID="0">0</nTYPE_SALLE><nNUMERO_SALLE UserID="0"/></RESSOURCES_LOGISTIQUES><tCOMMENTAIRE UserID="0"/></RESSOURCES_DOCS_ACTIVITE></PROPRIETES_ACTIVITES></ACTIVITE><ACTIVITE><JOURSPLANIFIES/><JPLANNING><nJOUR>40</nJOUR><nLIGNE>5</nLIGNE><nDUREE>1</nDUREE><nTOTAL_LIGNE>1</nTOTAL_LIGNE></JPLANNING><PROPRIETES_ACTIVITES><DESCRIPTIF_ACTIVITE><tTITRE UserID="0"/><tOBJECTIF UserID="0"/><tDESCRIPTION UserID="0"/><nTYPE UserID="0">27</nTYPE><nCARACTERISTIQUE UserID="0">0</nCARACTERISTIQUE><nDUREEh UserID="0">1</nDUREEh><nDUREEmn UserID="0">30</nDUREEmn><nINDIVIDUELCOLLECTIF UserID="0">0</nINDIVIDUELCOLLECTIF><nLIEU_TRAVAIL UserID="0">0</nLIEU_TRAVAIL><tCOMMENTAIRE UserID="0"/></DESCRIPTIF_ACTIVITE><PRODUCTION_ACTIVITE><nRENDU UserID="0">0</nRENDU><tDESCRIPTION_PRODUCTION UserID="0"/><nDUREEh UserID="0">0</nDUREEh><nDUREEmn UserID="0">0</nDUREEmn><nOUTIL_ECHANGE UserID="0">0</nOUTIL_ECHANGE><nOUTIL_SUBSTITUTION UserID="0">0</nOUTIL_SUBSTITUTION><tDESCRIPTION_UTILISATION UserID="0"/><tCOMMENTAIRE UserID="0"/></PRODUCTION_ACTIVITE><ACCOMPAGNEMENT_ACTIVITE><ACCOMPAGNEMENTS_GLOBAUX><ACCOMPAGNEMENT_GLOBAL><nID>0</nID><nNOM UserID="0">0</nNOM><nTYPE UserID="0">0</nTYPE><nATTITUDE UserID="0">0</nATTITUDE><nACTION UserID="0">0</nACTION><tDESCRIPTIF UserID="0"/><nDUREE UserID="0">0</nDUREE><nGROUPE UserID="0">0</nGROUPE><nAPPRENANT UserID="0">0</nAPPRENANT><nPRESENCEDISTANCE UserID="0">0</nPRESENCEDISTANCE></ACCOMPAGNEMENT_GLOBAL></ACCOMPAGNEMENTS_GLOBAUX><nTYPE_OUTIL UserID="0">0</nTYPE_OUTIL><nOUTIL_SUBSTITUTION UserID="0">0</nOUTIL_SUBSTITUTION><tDESCRIPTION_UTILISATION UserID="0"/><tCOMMENTAIRE UserID="0"/></ACCOMPAGNEMENT_ACTIVITE><RESSOURCES_DOCS_ACTIVITE><RESSOURCES_PEDAGOGIQUES><RESSOURCE_PEDAGOGIQUE><nID>0</nID><tTITRE UserID="0">Choisir...</tTITRE><tDESCRIPTIF UserID="0"/><nTYPE UserID="0">0</nTYPE><tLIEN UserID="0"/></RESSOURCE_PEDAGOGIQUE></RESSOURCES_PEDAGOGIQUES><RESSOURCES_LOGISTIQUES><tADRESSE UserID="0"/><tDESCRIPTIF UserID="0"/><tLIEN UserID="0"/><nTYPE_SALLE UserID="0">0</nTYPE_SALLE><nNUMERO_SALLE UserID="0"/></RESSOURCES_LOGISTIQUES><tCOMMENTAIRE UserID="0"/></RESSOURCES_DOCS_ACTIVITE></PROPRIETES_ACTIVITES></ACTIVITE></ACTIVITES></SEQUENCE></SEQUENCES><ACTIVITES><ACTIVITE><JOURSPLANIFIES/><JPLANNING><nJOUR>1</nJOUR><nLIGNE>11</nLIGNE><nDUREE>1</nDUREE><nTOTAL_LIGNE>1</nTOTAL_LIGNE></JPLANNING><PROPRIETES_ACTIVITES><DESCRIPTIF_ACTIVITE><tTITRE UserID="0">Présentation du module</tTITRE><tOBJECTIF UserID="0"/><tDESCRIPTION UserID="0"/><nTYPE UserID="0">27</nTYPE><nCARACTERISTIQUE UserID="0">0</nCARACTERISTIQUE><nDUREEh UserID="0">2</nDUREEh><nDUREEmn UserID="0">0</nDUREEmn><nINDIVIDUELCOLLECTIF UserID="0">31</nINDIVIDUELCOLLECTIF><nLIEU_TRAVAIL UserID="0">2</nLIEU_TRAVAIL><tCOMMENTAIRE UserID="0"/></DESCRIPTIF_ACTIVITE><PRODUCTION_ACTIVITE><nRENDU UserID="0">0</nRENDU><tDESCRIPTION_PRODUCTION UserID="0"/><nDUREEh UserID="0">0</nDUREEh><nDUREEmn UserID="0">0</nDUREEmn><nOUTIL_ECHANGE UserID="0">0</nOUTIL_ECHANGE><nOUTIL_SUBSTITUTION UserID="0">0</nOUTIL_SUBSTITUTION><tDESCRIPTION_UTILISATION UserID="0"/><tCOMMENTAIRE UserID="0"/></PRODUCTION_ACTIVITE><ACCOMPAGNEMENT_ACTIVITE><ACCOMPAGNEMENTS_GLOBAUX><ACCOMPAGNEMENT_GLOBAL><nID>0</nID><nNOM UserID="0">0</nNOM><nTYPE UserID="0">0</nTYPE><nATTITUDE UserID="0">0</nATTITUDE><nACTION UserID="0">0</nACTION><tDESCRIPTIF UserID="0"/><nDUREE UserID="0">0</nDUREE><nGROUPE UserID="0">0</nGROUPE><nAPPRENANT UserID="0">0</nAPPRENANT><nPRESENCEDISTANCE UserID="0">0</nPRESENCEDISTANCE></ACCOMPAGNEMENT_GLOBAL><ACCOMPAGNEMENT_GLOBAL><nID>112</nID><nNOM UserID="0">103</nNOM><nTYPE UserID="0">6</nTYPE><nATTITUDE UserID="0">0</nATTITUDE><nACTION UserID="0">0</nACTION><tDESCRIPTIF UserID="0"/><nDUREE UserID="0">120</nDUREE><nGROUPE UserID="0">32</nGROUPE><nAPPRENANT UserID="0">0</nAPPRENANT><nPRESENCEDISTANCE UserID="0">0</nPRESENCEDISTANCE></ACCOMPAGNEMENT_GLOBAL><ACCOMPAGNEMENT_GLOBAL><nID>113</nID><nNOM UserID="0">102</nNOM><nTYPE UserID="0">3</nTYPE><nATTITUDE UserID="0">0</nATTITUDE><nACTION UserID="0">0</nACTION><tDESCRIPTIF UserID="0"/><nDUREE UserID="0">60</nDUREE><nGROUPE UserID="0">32</nGROUPE><nAPPRENANT UserID="0">0</nAPPRENANT><nPRESENCEDISTANCE UserID="0">0</nPRESENCEDISTANCE></ACCOMPAGNEMENT_GLOBAL></ACCOMPAGNEMENTS_GLOBAUX><nTYPE_OUTIL UserID="0">0</nTYPE_OUTIL><nOUTIL_SUBSTITUTION UserID="0">0</nOUTIL_SUBSTITUTION><tDESCRIPTION_UTILISATION UserID="0"/><tCOMMENTAIRE UserID="0"/></ACCOMPAGNEMENT_ACTIVITE><RESSOURCES_DOCS_ACTIVITE><RESSOURCES_PEDAGOGIQUES><RESSOURCE_PEDAGOGIQUE><nID>0</nID><tTITRE UserID="0">Choisir...</tTITRE><tDESCRIPTIF UserID="0"/><nTYPE UserID="0">0</nTYPE><tLIEN UserID="0"/></RESSOURCE_PEDAGOGIQUE><RESSOURCE_PEDAGOGIQUE><nID>114</nID><tTITRE UserID="0">Guide de l'étudiant</tTITRE><tDESCRIPTIF UserID="0"/><nTYPE UserID="0">0</nTYPE><tLIEN UserID="0"/></RESSOURCE_PEDAGOGIQUE></RESSOURCES_PEDAGOGIQUES><RESSOURCES_LOGISTIQUES><tADRESSE UserID="0"/><tDESCRIPTIF UserID="0"/><tLIEN UserID="0"/><nTYPE_SALLE UserID="0">0</nTYPE_SALLE><nNUMERO_SALLE UserID="0"/></RESSOURCES_LOGISTIQUES><tCOMMENTAIRE UserID="0"/></RESSOURCES_DOCS_ACTIVITE></PROPRIETES_ACTIVITES></ACTIVITE></ACTIVITES></MODULE>