<?xml version="1.0" encoding="UTF-8"?><MODULE xmlns:xsi="http://www.w3.org/2001/XMLSchema-instance" xsi:noNamespaceSchemaLocation="http://oasif.educagri.fr/bin/schemas/oasif.xsd"><JPLANNING><nJOUR>1</nJOUR><nLIGNE>3</nLIGNE><nDUREE>97</nDUREE><nTOTAL_LIGNE>18</nTOTAL_LIGNE></JPLANNING><PROPRIETES_MODULE><DESCRIPTIF_MODULE><tTITRE UserID="0">Animer et classer un fonds</tTITRE><tOBJECTIF UserID="0">- Construire une animation cohérente dans l'espace de bibliothèque
-Appréhender pour les mettre en oeuvre les critères de classement
- Appréhender les critères permettant la sélection d'ouvrages indispensables
- connaître les différents fonds pour mieux gérer la demande</tOBJECTIF><tDESCRIPTION UserID="0"/><tPUBLIC UserID="0"/><tPREREQUIS UserID="0"/><nCARACTERISTIQUE UserID="0">3</nCARACTERISTIQUE><tCOMMANDITAIRE UserID="0"/><tPORTEUR UserID="0"/><tPARTENAIRES UserID="0"/><tCLIENT UserID="0"/><tCONTACT UserID="0"/><nCREDIT_ECTS UserID="0">0</nCREDIT_ECTS><nNBRE_MAX_APPRENANT UserID="0">18</nNBRE_MAX_APPRENANT><tLIEN UserID="0"/><tCOMMENTAIRE UserID="0"/></DESCRIPTIF_MODULE><ACCOMPAGNEMENT_MODULE><ACCOMPAGNEMENTS_GLOBAUX><ACCOMPAGNEMENT_GLOBAL><nID>0</nID><nNOM UserID="0">0</nNOM><nTYPE UserID="0">0</nTYPE><nATTITUDE UserID="0">0</nATTITUDE><tDESCRIPTIF UserID="0"/><nDUREE UserID="0">0</nDUREE><nGROUPE UserID="0">0</nGROUPE><nAPPRENANT UserID="0">0</nAPPRENANT><nPRESENCEDISTANCE UserID="0">0</nPRESENCEDISTANCE></ACCOMPAGNEMENT_GLOBAL><ACCOMPAGNEMENT_GLOBAL><nID>144</nID><nNOM UserID="0">104</nNOM><nTYPE UserID="0">6</nTYPE><nATTITUDE UserID="0">0</nATTITUDE><tDESCRIPTIF UserID="0"/><nDUREE UserID="0">180</nDUREE><nGROUPE UserID="0">32</nGROUPE><nAPPRENANT UserID="0">0</nAPPRENANT><nPRESENCEDISTANCE UserID="0">1</nPRESENCEDISTANCE></ACCOMPAGNEMENT_GLOBAL><ACCOMPAGNEMENT_GLOBAL><nID>145</nID><nNOM UserID="0">131</nNOM><nTYPE UserID="0">3</nTYPE><nATTITUDE UserID="0">0</nATTITUDE><tDESCRIPTIF UserID="0"/><nDUREE UserID="0">240</nDUREE><nGROUPE UserID="0">32</nGROUPE><nAPPRENANT UserID="0">0</nAPPRENANT><nPRESENCEDISTANCE UserID="0">1</nPRESENCEDISTANCE></ACCOMPAGNEMENT_GLOBAL></ACCOMPAGNEMENTS_GLOBAUX><nTYPE_OUTIL UserID="0">13</nTYPE_OUTIL><nOUTIL_SUBSTITUTION UserID="0">0</nOUTIL_SUBSTITUTION><tDESCRIPTION_UTILISATION UserID="0"/><tCOMMENTAIRE UserID="0"/></ACCOMPAGNEMENT_MODULE></PROPRIETES_MODULE><nNUMERO_MODULE>1</nNUMERO_MODULE><SEQUENCES><SEQUENCE><JPLANNING><nJOUR>37</nJOUR><nLIGNE>9</nLIGNE><nDUREE>49</nDUREE><nTOTAL_LIGNE>1</nTOTAL_LIGNE></JPLANNING><PROPRIETES_SEQUENCE><DESCRIPTIF_SEQUENCE><tTITRE UserID="0">Projet</tTITRE><tOBJECTIF UserID="0">Construire son projet d'animation</tOBJECTIF><tDESCRIPTION UserID="0"/><tCOMMENTAIRE UserID="0"/></DESCRIPTIF_SEQUENCE></PROPRIETES_SEQUENCE><ACTIVITES><ACTIVITE><JOURSPLANIFIES><JOURPLANIFIE><nJOUR>1198862116045</nJOUR><nMINUTE>855</nMINUTE><nDUREE_MINUTE>90</nDUREE_MINUTE></JOURPLANIFIE><JOURPLANIFIE><nJOUR>1191946516045</nJOUR><nMINUTE>840</nMINUTE><nDUREE_MINUTE>90</nDUREE_MINUTE></JOURPLANIFIE></JOURSPLANIFIES><JPLANNING><nJOUR>1</nJOUR><nLIGNE>1</nLIGNE><nDUREE>1</nDUREE><nTOTAL_LIGNE>1</nTOTAL_LIGNE></JPLANNING><PROPRIETES_ACTIVITES><DESCRIPTIF_ACTIVITE><tTITRE UserID="0">Sujet de projet</tTITRE><tOBJECTIF UserID="0">Définir votre projet d'animation en accord avec votre encadrant</tOBJECTIF><tDESCRIPTION UserID="0"/><nTYPE UserID="0">22</nTYPE><nCARACTERISTIQUE UserID="0">5</nCARACTERISTIQUE><nDUREEh UserID="0">1</nDUREEh><nDUREEmn UserID="0">30</nDUREEmn><nINDIVIDUELCOLLECTIF UserID="0">30</nINDIVIDUELCOLLECTIF><nLIEU_TRAVAIL UserID="0">2</nLIEU_TRAVAIL><tCOMMENTAIRE UserID="0"/></DESCRIPTIF_ACTIVITE><PRODUCTION_ACTIVITE><nRENDU UserID="0">1</nRENDU><tDESCRIPTION_PRODUCTION UserID="0">document décrivant votre sujet</tDESCRIPTION_PRODUCTION><nDUREEh UserID="0">0</nDUREEh><nDUREEmn UserID="0">45</nDUREEmn><nOUTIL_ECHANGE UserID="0">0</nOUTIL_ECHANGE><nOUTIL_SUBSTITUTION UserID="0">0</nOUTIL_SUBSTITUTION><tDESCRIPTION_UTILISATION UserID="0"/><tCOMMENTAIRE UserID="0"/></PRODUCTION_ACTIVITE><ACCOMPAGNEMENT_ACTIVITE><ACCOMPAGNEMENTS_GLOBAUX><ACCOMPAGNEMENT_GLOBAL><nID>0</nID><nNOM UserID="0">0</nNOM><nTYPE UserID="0">0</nTYPE><nATTITUDE UserID="0">0</nATTITUDE><nACTION UserID="0">0</nACTION><tDESCRIPTIF UserID="0"/><nDUREE UserID="0">0</nDUREE><nGROUPE UserID="0">0</nGROUPE><nAPPRENANT UserID="0">0</nAPPRENANT><nPRESENCEDISTANCE UserID="0">0</nPRESENCEDISTANCE></ACCOMPAGNEMENT_GLOBAL><ACCOMPAGNEMENT_GLOBAL><nID>149</nID><nNOM UserID="0">103</nNOM><nTYPE UserID="0">0</nTYPE><nATTITUDE UserID="0">0</nATTITUDE><nACTION UserID="0">0</nACTION><tDESCRIPTIF UserID="0"/><nDUREE UserID="0">90</nDUREE><nGROUPE UserID="0">32</nGROUPE><nAPPRENANT UserID="0">0</nAPPRENANT><nPRESENCEDISTANCE UserID="0">0</nPRESENCEDISTANCE></ACCOMPAGNEMENT_GLOBAL></ACCOMPAGNEMENTS_GLOBAUX><nTYPE_OUTIL UserID="0">0</nTYPE_OUTIL><nOUTIL_SUBSTITUTION UserID="0">0</nOUTIL_SUBSTITUTION><tDESCRIPTION_UTILISATION UserID="0"/><tCOMMENTAIRE UserID="0"/></ACCOMPAGNEMENT_ACTIVITE><RESSOURCES_DOCS_ACTIVITE><RESSOURCES_PEDAGOGIQUES><RESSOURCE_PEDAGOGIQUE><nID>0</nID><tTITRE UserID="0">Choisir...</tTITRE><tDESCRIPTIF UserID="0"/><nTYPE UserID="0">0</nTYPE><tLIEN UserID="0"/></RESSOURCE_PEDAGOGIQUE></RESSOURCES_PEDAGOGIQUES><RESSOURCES_LOGISTIQUES><tADRESSE UserID="0"/><tDESCRIPTIF UserID="0"/><tLIEN UserID="0"/><nTYPE_SALLE UserID="0">0</nTYPE_SALLE><nNUMERO_SALLE UserID="0"/></RESSOURCES_LOGISTIQUES><tCOMMENTAIRE UserID="0"/></RESSOURCES_DOCS_ACTIVITE></PROPRIETES_ACTIVITES></ACTIVITE><ACTIVITE><JOURSPLANIFIES/><JPLANNING><nJOUR>28</nJOUR><nLIGNE>1</nLIGNE><nDUREE>16</nDUREE><nTOTAL_LIGNE>1</nTOTAL_LIGNE></JPLANNING><PROPRIETES_ACTIVITES><DESCRIPTIF_ACTIVITE><tTITRE UserID="0">Proposition</tTITRE><tOBJECTIF UserID="0">Elaborer une proposition d'animation en fonction du contexte</tOBJECTIF><tDESCRIPTION UserID="0"/><nTYPE UserID="0">21</nTYPE><nCARACTERISTIQUE UserID="0">0</nCARACTERISTIQUE><nDUREEh UserID="0">4</nDUREEh><nDUREEmn UserID="0">0</nDUREEmn><nINDIVIDUELCOLLECTIF UserID="0">30</nINDIVIDUELCOLLECTIF><nLIEU_TRAVAIL UserID="0">0</nLIEU_TRAVAIL><tCOMMENTAIRE UserID="0"/></DESCRIPTIF_ACTIVITE><PRODUCTION_ACTIVITE><nRENDU UserID="0">1</nRENDU><tDESCRIPTION_PRODUCTION UserID="0"/><nDUREEh UserID="0">0</nDUREEh><nDUREEmn UserID="0">0</nDUREEmn><nOUTIL_ECHANGE UserID="0">0</nOUTIL_ECHANGE><nOUTIL_SUBSTITUTION UserID="0">0</nOUTIL_SUBSTITUTION><tDESCRIPTION_UTILISATION UserID="0"/><tCOMMENTAIRE UserID="0"/></PRODUCTION_ACTIVITE><ACCOMPAGNEMENT_ACTIVITE><ACCOMPAGNEMENTS_GLOBAUX><ACCOMPAGNEMENT_GLOBAL><nID>0</nID><nNOM UserID="0">0</nNOM><nTYPE UserID="0">0</nTYPE><nATTITUDE UserID="0">0</nATTITUDE><nACTION UserID="0">0</nACTION><tDESCRIPTIF UserID="0"/><nDUREE UserID="0">0</nDUREE><nGROUPE UserID="0">0</nGROUPE><nAPPRENANT UserID="0">0</nAPPRENANT><nPRESENCEDISTANCE UserID="0">0</nPRESENCEDISTANCE></ACCOMPAGNEMENT_GLOBAL></ACCOMPAGNEMENTS_GLOBAUX><nTYPE_OUTIL UserID="0">0</nTYPE_OUTIL><nOUTIL_SUBSTITUTION UserID="0">0</nOUTIL_SUBSTITUTION><tDESCRIPTION_UTILISATION UserID="0"/><tCOMMENTAIRE UserID="0"/></ACCOMPAGNEMENT_ACTIVITE><RESSOURCES_DOCS_ACTIVITE><RESSOURCES_PEDAGOGIQUES><RESSOURCE_PEDAGOGIQUE><nID>0</nID><tTITRE UserID="0">Choisir...</tTITRE><tDESCRIPTIF UserID="0"/><nTYPE UserID="0">0</nTYPE><tLIEN UserID="0"/></RESSOURCE_PEDAGOGIQUE></RESSOURCES_PEDAGOGIQUES><RESSOURCES_LOGISTIQUES><tADRESSE UserID="0"/><tDESCRIPTIF UserID="0"/><tLIEN UserID="0"/><nTYPE_SALLE UserID="0">0</nTYPE_SALLE><nNUMERO_SALLE UserID="0"/></RESSOURCES_LOGISTIQUES><tCOMMENTAIRE UserID="0"/></RESSOURCES_DOCS_ACTIVITE></PROPRIETES_ACTIVITES></ACTIVITE><ACTIVITE><JOURSPLANIFIES/><JPLANNING><nJOUR>10</nJOUR><nLIGNE>1</nLIGNE><nDUREE>16</nDUREE><nTOTAL_LIGNE>1</nTOTAL_LIGNE></JPLANNING><PROPRIETES_ACTIVITES><DESCRIPTIF_ACTIVITE><tTITRE UserID="0">Analyse du contexte</tTITRE><tOBJECTIF UserID="0">Analyse des besoins en terme d'animation du lieu de votre stage et étude des moyens à votre disposition</tOBJECTIF><tDESCRIPTION UserID="0"/><nTYPE UserID="0">0</nTYPE><nCARACTERISTIQUE UserID="0">5</nCARACTERISTIQUE><nDUREEh UserID="0">4</nDUREEh><nDUREEmn UserID="0">0</nDUREEmn><nINDIVIDUELCOLLECTIF UserID="0">30</nINDIVIDUELCOLLECTIF><nLIEU_TRAVAIL UserID="0">0</nLIEU_TRAVAIL><tCOMMENTAIRE UserID="0"/></DESCRIPTIF_ACTIVITE><PRODUCTION_ACTIVITE><nRENDU UserID="0">1</nRENDU><tDESCRIPTION_PRODUCTION UserID="0"/><nDUREEh UserID="0">1</nDUREEh><nDUREEmn UserID="0">0</nDUREEmn><nOUTIL_ECHANGE UserID="0">0</nOUTIL_ECHANGE><nOUTIL_SUBSTITUTION UserID="0">0</nOUTIL_SUBSTITUTION><tDESCRIPTION_UTILISATION UserID="0"/><tCOMMENTAIRE UserID="0"/></PRODUCTION_ACTIVITE><ACCOMPAGNEMENT_ACTIVITE><ACCOMPAGNEMENTS_GLOBAUX><ACCOMPAGNEMENT_GLOBAL><nID>0</nID><nNOM UserID="0">0</nNOM><nTYPE UserID="0">0</nTYPE><nATTITUDE UserID="0">0</nATTITUDE><nACTION UserID="0">0</nACTION><tDESCRIPTIF UserID="0"/><nDUREE UserID="0">0</nDUREE><nGROUPE UserID="0">0</nGROUPE><nAPPRENANT UserID="0">0</nAPPRENANT><nPRESENCEDISTANCE UserID="0">0</nPRESENCEDISTANCE></ACCOMPAGNEMENT_GLOBAL><ACCOMPAGNEMENT_GLOBAL><nID>142</nID><nNOM UserID="0">103</nNOM><nTYPE UserID="0">2</nTYPE><nATTITUDE UserID="0">0</nATTITUDE><nACTION UserID="0">0</nACTION><tDESCRIPTIF UserID="0"/><nDUREE UserID="0">15</nDUREE><nGROUPE UserID="0">0</nGROUPE><nAPPRENANT UserID="0">3</nAPPRENANT><nPRESENCEDISTANCE UserID="0">1</nPRESENCEDISTANCE></ACCOMPAGNEMENT_GLOBAL></ACCOMPAGNEMENTS_GLOBAUX><nTYPE_OUTIL UserID="0">9</nTYPE_OUTIL><nOUTIL_SUBSTITUTION UserID="0">0</nOUTIL_SUBSTITUTION><tDESCRIPTION_UTILISATION UserID="0"/><tCOMMENTAIRE UserID="0"/></ACCOMPAGNEMENT_ACTIVITE><RESSOURCES_DOCS_ACTIVITE><RESSOURCES_PEDAGOGIQUES><RESSOURCE_PEDAGOGIQUE><nID>0</nID><tTITRE UserID="0">Choisir...</tTITRE><tDESCRIPTIF UserID="0"/><nTYPE UserID="0">0</nTYPE><tLIEN UserID="0"/></RESSOURCE_PEDAGOGIQUE></RESSOURCES_PEDAGOGIQUES><RESSOURCES_LOGISTIQUES><tADRESSE UserID="0"/><tDESCRIPTIF UserID="0"/><tLIEN UserID="0"/><nTYPE_SALLE UserID="0">0</nTYPE_SALLE><nNUMERO_SALLE UserID="0"/></RESSOURCES_LOGISTIQUES><tCOMMENTAIRE UserID="0"/></RESSOURCES_DOCS_ACTIVITE></PROPRIETES_ACTIVITES></ACTIVITE><ACTIVITE><JOURSPLANIFIES/><JPLANNING><nJOUR>7</nJOUR><nLIGNE>1</nLIGNE><nDUREE>2</nDUREE><nTOTAL_LIGNE>1</nTOTAL_LIGNE></JPLANNING><PROPRIETES_ACTIVITES><DESCRIPTIF_ACTIVITE><tTITRE UserID="0">Conservation et communication</tTITRE><tOBJECTIF UserID="0">Situer la communication dans une perspective de conservation</tOBJECTIF><tDESCRIPTION UserID="0"/><nTYPE UserID="0">27</nTYPE><nCARACTERISTIQUE UserID="0">5</nCARACTERISTIQUE><nDUREEh UserID="0">1</nDUREEh><nDUREEmn UserID="0">30</nDUREEmn><nINDIVIDUELCOLLECTIF UserID="0">141</nINDIVIDUELCOLLECTIF><nLIEU_TRAVAIL UserID="0">0</nLIEU_TRAVAIL><tCOMMENTAIRE UserID="0"/></DESCRIPTIF_ACTIVITE><PRODUCTION_ACTIVITE><nRENDU UserID="0">0</nRENDU><tDESCRIPTION_PRODUCTION UserID="0"/><nDUREEh UserID="0">0</nDUREEh><nDUREEmn UserID="0">0</nDUREEmn><nOUTIL_ECHANGE UserID="0">0</nOUTIL_ECHANGE><nOUTIL_SUBSTITUTION UserID="0">0</nOUTIL_SUBSTITUTION><tDESCRIPTION_UTILISATION UserID="0"/><tCOMMENTAIRE UserID="0"/></PRODUCTION_ACTIVITE><ACCOMPAGNEMENT_ACTIVITE><ACCOMPAGNEMENTS_GLOBAUX><ACCOMPAGNEMENT_GLOBAL><nID>0</nID><nNOM UserID="0">0</nNOM><nTYPE UserID="0">0</nTYPE><nATTITUDE UserID="0">0</nATTITUDE><nACTION UserID="0">0</nACTION><tDESCRIPTIF UserID="0"/><nDUREE UserID="0">0</nDUREE><nGROUPE UserID="0">0</nGROUPE><nAPPRENANT UserID="0">0</nAPPRENANT><nPRESENCEDISTANCE UserID="0">0</nPRESENCEDISTANCE></ACCOMPAGNEMENT_GLOBAL><ACCOMPAGNEMENT_GLOBAL><nID>140</nID><nNOM UserID="0">104</nNOM><nTYPE UserID="0">5</nTYPE><nATTITUDE UserID="0">0</nATTITUDE><nACTION UserID="0">0</nACTION><tDESCRIPTIF UserID="0"/><nDUREE UserID="0">60</nDUREE><nGROUPE UserID="0">139</nGROUPE><nAPPRENANT UserID="0">0</nAPPRENANT><nPRESENCEDISTANCE UserID="0">1</nPRESENCEDISTANCE></ACCOMPAGNEMENT_GLOBAL></ACCOMPAGNEMENTS_GLOBAUX><nTYPE_OUTIL UserID="0">15</nTYPE_OUTIL><nOUTIL_SUBSTITUTION UserID="0">0</nOUTIL_SUBSTITUTION><tDESCRIPTION_UTILISATION UserID="0"/><tCOMMENTAIRE UserID="0"/></ACCOMPAGNEMENT_ACTIVITE><RESSOURCES_DOCS_ACTIVITE><RESSOURCES_PEDAGOGIQUES><RESSOURCE_PEDAGOGIQUE><nID>0</nID><tTITRE UserID="0">Choisir...</tTITRE><tDESCRIPTIF UserID="0"/><nTYPE UserID="0">0</nTYPE><tLIEN UserID="0"/></RESSOURCE_PEDAGOGIQUE></RESSOURCES_PEDAGOGIQUES><RESSOURCES_LOGISTIQUES><tADRESSE UserID="0"/><tDESCRIPTIF UserID="0"/><tLIEN UserID="0"/><nTYPE_SALLE UserID="0">0</nTYPE_SALLE><nNUMERO_SALLE UserID="0"/></RESSOURCES_LOGISTIQUES><tCOMMENTAIRE UserID="0"/></RESSOURCES_DOCS_ACTIVITE></PROPRIETES_ACTIVITES></ACTIVITE><ACTIVITE><JOURSPLANIFIES><JOURPLANIFIE><nJOUR>1195838116045</nJOUR><nMINUTE>540</nMINUTE><nDUREE_MINUTE>180</nDUREE_MINUTE></JOURPLANIFIE></JOURSPLANIFIES><JPLANNING><nJOUR>46</nJOUR><nLIGNE>1</nLIGNE><nDUREE>1</nDUREE><nTOTAL_LIGNE>1</nTOTAL_LIGNE></JPLANNING><PROPRIETES_ACTIVITES><DESCRIPTIF_ACTIVITE><tTITRE UserID="0">Présentation des projets</tTITRE><tOBJECTIF UserID="0">Présenter et défendre votre projet.</tOBJECTIF><tDESCRIPTION UserID="0"/><nTYPE UserID="0">21</nTYPE><nCARACTERISTIQUE UserID="0">0</nCARACTERISTIQUE><nDUREEh UserID="0">3</nDUREEh><nDUREEmn UserID="0">0</nDUREEmn><nINDIVIDUELCOLLECTIF UserID="0">31</nINDIVIDUELCOLLECTIF><nLIEU_TRAVAIL UserID="0">2</nLIEU_TRAVAIL><tCOMMENTAIRE UserID="0"/></DESCRIPTIF_ACTIVITE><PRODUCTION_ACTIVITE><nRENDU UserID="0">0</nRENDU><tDESCRIPTION_PRODUCTION UserID="0"/><nDUREEh UserID="0">0</nDUREEh><nDUREEmn UserID="0">0</nDUREEmn><nOUTIL_ECHANGE UserID="0">0</nOUTIL_ECHANGE><nOUTIL_SUBSTITUTION UserID="0">0</nOUTIL_SUBSTITUTION><tDESCRIPTION_UTILISATION UserID="0"/><tCOMMENTAIRE UserID="0"/></PRODUCTION_ACTIVITE><ACCOMPAGNEMENT_ACTIVITE><ACCOMPAGNEMENTS_GLOBAUX><ACCOMPAGNEMENT_GLOBAL><nID>0</nID><nNOM UserID="0">0</nNOM><nTYPE UserID="0">0</nTYPE><nATTITUDE UserID="0">0</nATTITUDE><nACTION UserID="0">0</nACTION><tDESCRIPTIF UserID="0"/><nDUREE UserID="0">0</nDUREE><nGROUPE UserID="0">0</nGROUPE><nAPPRENANT UserID="0">0</nAPPRENANT><nPRESENCEDISTANCE UserID="0">0</nPRESENCEDISTANCE></ACCOMPAGNEMENT_GLOBAL><ACCOMPAGNEMENT_GLOBAL><nID>143</nID><nNOM UserID="0">103</nNOM><nTYPE UserID="0">0</nTYPE><nATTITUDE UserID="0">0</nATTITUDE><nACTION UserID="0">0</nACTION><tDESCRIPTIF UserID="0"/><nDUREE UserID="0">180</nDUREE><nGROUPE UserID="0">32</nGROUPE><nAPPRENANT UserID="0">0</nAPPRENANT><nPRESENCEDISTANCE UserID="0">0</nPRESENCEDISTANCE></ACCOMPAGNEMENT_GLOBAL></ACCOMPAGNEMENTS_GLOBAUX><nTYPE_OUTIL UserID="0">0</nTYPE_OUTIL><nOUTIL_SUBSTITUTION UserID="0">0</nOUTIL_SUBSTITUTION><tDESCRIPTION_UTILISATION UserID="0"/><tCOMMENTAIRE UserID="0"/></ACCOMPAGNEMENT_ACTIVITE><RESSOURCES_DOCS_ACTIVITE><RESSOURCES_PEDAGOGIQUES><RESSOURCE_PEDAGOGIQUE><nID>0</nID><tTITRE UserID="0">Choisir...</tTITRE><tDESCRIPTIF UserID="0"/><nTYPE UserID="0">0</nTYPE><tLIEN UserID="0"/></RESSOURCE_PEDAGOGIQUE></RESSOURCES_PEDAGOGIQUES><RESSOURCES_LOGISTIQUES><tADRESSE UserID="0"/><tDESCRIPTIF UserID="0"/><tLIEN UserID="0"/><nTYPE_SALLE UserID="0">0</nTYPE_SALLE><nNUMERO_SALLE UserID="0"/></RESSOURCES_LOGISTIQUES><tCOMMENTAIRE UserID="0"/></RESSOURCES_DOCS_ACTIVITE></PROPRIETES_ACTIVITES></ACTIVITE></ACTIVITES></SEQUENCE><SEQUENCE><JPLANNING><nJOUR>2</nJOUR><nLIGNE>2</nLIGNE><nDUREE>60</nDUREE><nTOTAL_LIGNE>3</nTOTAL_LIGNE></JPLANNING><PROPRIETES_SEQUENCE><DESCRIPTIF_SEQUENCE><tTITRE UserID="0">Introduction au catalogue</tTITRE><tOBJECTIF UserID="0">Connaitre les pratiques autours du document,  de son classement et de sa mise au catalogue</tOBJECTIF><tDESCRIPTION UserID="0"/><tCOMMENTAIRE UserID="0"/></DESCRIPTIF_SEQUENCE></PROPRIETES_SEQUENCE><ACTIVITES><ACTIVITE><JOURSPLANIFIES><JOURPLANIFIE><nJOUR>1195838116045</nJOUR><nMINUTE>645</nMINUTE><nDUREE_MINUTE>90</nDUREE_MINUTE></JOURPLANIFIE><JOURPLANIFIE><nJOUR>1188922516045</nJOUR><nMINUTE>945</nMINUTE><nDUREE_MINUTE>90</nDUREE_MINUTE></JOURPLANIFIE></JOURSPLANIFIES><JPLANNING><nJOUR>1</nJOUR><nLIGNE>1</nLIGNE><nDUREE>1</nDUREE><nTOTAL_LIGNE>1</nTOTAL_LIGNE></JPLANNING><PROPRIETES_ACTIVITES><DESCRIPTIF_ACTIVITE><tTITRE UserID="0">Politique de classement en France</tTITRE><tOBJECTIF UserID="0">Connaître les grandes évolutions du classement.</tOBJECTIF><tDESCRIPTION UserID="0"/><nTYPE UserID="0">25</nTYPE><nCARACTERISTIQUE UserID="0">0</nCARACTERISTIQUE><nDUREEh UserID="0">1</nDUREEh><nDUREEmn UserID="0">30</nDUREEmn><nINDIVIDUELCOLLECTIF UserID="0">31</nINDIVIDUELCOLLECTIF><nLIEU_TRAVAIL UserID="0">2</nLIEU_TRAVAIL><tCOMMENTAIRE UserID="0"/></DESCRIPTIF_ACTIVITE><PRODUCTION_ACTIVITE><nRENDU UserID="0">0</nRENDU><tDESCRIPTION_PRODUCTION UserID="0"/><nDUREEh UserID="0">0</nDUREEh><nDUREEmn UserID="0">0</nDUREEmn><nOUTIL_ECHANGE UserID="0">0</nOUTIL_ECHANGE><nOUTIL_SUBSTITUTION UserID="0">0</nOUTIL_SUBSTITUTION><tDESCRIPTION_UTILISATION UserID="0"/><tCOMMENTAIRE UserID="0"/></PRODUCTION_ACTIVITE><ACCOMPAGNEMENT_ACTIVITE><ACCOMPAGNEMENTS_GLOBAUX><ACCOMPAGNEMENT_GLOBAL><nID>0</nID><nNOM UserID="0">0</nNOM><nTYPE UserID="0">0</nTYPE><nATTITUDE UserID="0">0</nATTITUDE><nACTION UserID="0">0</nACTION><tDESCRIPTIF UserID="0"/><nDUREE UserID="0">0</nDUREE><nGROUPE UserID="0">0</nGROUPE><nAPPRENANT UserID="0">0</nAPPRENANT><nPRESENCEDISTANCE UserID="0">0</nPRESENCEDISTANCE></ACCOMPAGNEMENT_GLOBAL><ACCOMPAGNEMENT_GLOBAL><nID>128</nID><nNOM UserID="0">104</nNOM><nTYPE UserID="0">4</nTYPE><nATTITUDE UserID="0">0</nATTITUDE><nACTION UserID="0">0</nACTION><tDESCRIPTIF UserID="0"/><nDUREE UserID="0">90</nDUREE><nGROUPE UserID="0">32</nGROUPE><nAPPRENANT UserID="0">0</nAPPRENANT><nPRESENCEDISTANCE UserID="0">0</nPRESENCEDISTANCE></ACCOMPAGNEMENT_GLOBAL></ACCOMPAGNEMENTS_GLOBAUX><nTYPE_OUTIL UserID="0">0</nTYPE_OUTIL><nOUTIL_SUBSTITUTION UserID="0">0</nOUTIL_SUBSTITUTION><tDESCRIPTION_UTILISATION UserID="0"/><tCOMMENTAIRE UserID="0"/></ACCOMPAGNEMENT_ACTIVITE><RESSOURCES_DOCS_ACTIVITE><RESSOURCES_PEDAGOGIQUES><RESSOURCE_PEDAGOGIQUE><nID>0</nID><tTITRE UserID="0">Choisir...</tTITRE><tDESCRIPTIF UserID="0"/><nTYPE UserID="0">0</nTYPE><tLIEN UserID="0"/></RESSOURCE_PEDAGOGIQUE></RESSOURCES_PEDAGOGIQUES><RESSOURCES_LOGISTIQUES><tADRESSE UserID="0">Ecole des Lilas
34 bis rue des Camelias
88000 Iles aux Plantes</tADRESSE><tDESCRIPTIF UserID="0"/><tLIEN UserID="0"/><nTYPE_SALLE UserID="0">53</nTYPE_SALLE><nNUMERO_SALLE UserID="0">DF92-a</nNUMERO_SALLE></RESSOURCES_LOGISTIQUES><tCOMMENTAIRE UserID="0"/></RESSOURCES_DOCS_ACTIVITE></PROPRIETES_ACTIVITES></ACTIVITE><ACTIVITE><JOURSPLANIFIES/><JPLANNING><nJOUR>2</nJOUR><nLIGNE>1</nLIGNE><nDUREE>17</nDUREE><nTOTAL_LIGNE>1</nTOTAL_LIGNE></JPLANNING><PROPRIETES_ACTIVITES><DESCRIPTIF_ACTIVITE><tTITRE UserID="0">Les différents classements</tTITRE><tOBJECTIF UserID="0">Appréhender les différents classements en bibliothèque</tOBJECTIF><tDESCRIPTION UserID="0"/><nTYPE UserID="0">19</nTYPE><nCARACTERISTIQUE UserID="0">0</nCARACTERISTIQUE><nDUREEh UserID="0">2</nDUREEh><nDUREEmn UserID="0">0</nDUREEmn><nINDIVIDUELCOLLECTIF UserID="0">28</nINDIVIDUELCOLLECTIF><nLIEU_TRAVAIL UserID="0">1</nLIEU_TRAVAIL><tCOMMENTAIRE UserID="0"/></DESCRIPTIF_ACTIVITE><PRODUCTION_ACTIVITE><nRENDU UserID="0">1</nRENDU><tDESCRIPTION_PRODUCTION UserID="0">Synthèse des documents</tDESCRIPTION_PRODUCTION><nDUREEh UserID="0">1</nDUREEh><nDUREEmn UserID="0">00</nDUREEmn><nOUTIL_ECHANGE UserID="0">9</nOUTIL_ECHANGE><nOUTIL_SUBSTITUTION UserID="0">0</nOUTIL_SUBSTITUTION><tDESCRIPTION_UTILISATION UserID="0"/><tCOMMENTAIRE UserID="0"/></PRODUCTION_ACTIVITE><ACCOMPAGNEMENT_ACTIVITE><ACCOMPAGNEMENTS_GLOBAUX><ACCOMPAGNEMENT_GLOBAL><nID>0</nID><nNOM UserID="0">0</nNOM><nTYPE UserID="0">0</nTYPE><nATTITUDE UserID="0">0</nATTITUDE><nACTION UserID="0">0</nACTION><tDESCRIPTIF UserID="0"/><nDUREE UserID="0">0</nDUREE><nGROUPE UserID="0">0</nGROUPE><nAPPRENANT UserID="0">0</nAPPRENANT><nPRESENCEDISTANCE UserID="0">0</nPRESENCEDISTANCE></ACCOMPAGNEMENT_GLOBAL><ACCOMPAGNEMENT_GLOBAL><nID>153</nID><nNOM UserID="0">129</nNOM><nTYPE UserID="0">2</nTYPE><nATTITUDE UserID="0">37</nATTITUDE><nACTION UserID="0">0</nACTION><tDESCRIPTIF UserID="0"/><nDUREE UserID="0">30</nDUREE><nGROUPE UserID="0">32</nGROUPE><nAPPRENANT UserID="0">0</nAPPRENANT><nPRESENCEDISTANCE UserID="0">1</nPRESENCEDISTANCE></ACCOMPAGNEMENT_GLOBAL></ACCOMPAGNEMENTS_GLOBAUX><nTYPE_OUTIL UserID="0">13</nTYPE_OUTIL><nOUTIL_SUBSTITUTION UserID="0">0</nOUTIL_SUBSTITUTION><tDESCRIPTION_UTILISATION UserID="0"/><tCOMMENTAIRE UserID="0"/></ACCOMPAGNEMENT_ACTIVITE><RESSOURCES_DOCS_ACTIVITE><RESSOURCES_PEDAGOGIQUES><RESSOURCE_PEDAGOGIQUE><nID>0</nID><tTITRE UserID="0">Choisir...</tTITRE><tDESCRIPTIF UserID="0"/><nTYPE UserID="0">0</nTYPE><tLIEN UserID="0"/></RESSOURCE_PEDAGOGIQUE><RESSOURCE_PEDAGOGIQUE><nID>109</nID><tTITRE UserID="0">Le fond bibliothécaire au travers des ages</tTITRE><tDESCRIPTIF UserID="0">ouvrage papier</tDESCRIPTIF><nTYPE UserID="0">50</nTYPE><tLIEN UserID="0"/></RESSOURCE_PEDAGOGIQUE><RESSOURCE_PEDAGOGIQUE><nID>110</nID><tTITRE UserID="0">Le fond bibliothécaire Val d'Oise</tTITRE><tDESCRIPTIF UserID="0">Regarder la rubrique collection</tDESCRIPTIF><nTYPE UserID="0">41</nTYPE><tLIEN UserID="0">http://www.cg95.fr/biblio/bdvo/coinbib/mcoinbib.htm</tLIEN></RESSOURCE_PEDAGOGIQUE></RESSOURCES_PEDAGOGIQUES><RESSOURCES_LOGISTIQUES><tADRESSE UserID="0">Centre de ressources des bibliothèques
3 rue Henri Pascal
95 135 Blainville</tADRESSE><tDESCRIPTIF UserID="0">horaires d'ouverture de la salle libre service : de 7h00 à 12h00 puis de 16h à 20h30</tDESCRIPTIF><tLIEN UserID="0"/><nTYPE_SALLE UserID="0">0</nTYPE_SALLE><nNUMERO_SALLE UserID="0"/></RESSOURCES_LOGISTIQUES><tCOMMENTAIRE UserID="0"/></RESSOURCES_DOCS_ACTIVITE></PROPRIETES_ACTIVITES></ACTIVITE><ACTIVITE><JOURSPLANIFIES><JOURPLANIFIE><nJOUR>1198862116045</nJOUR><nMINUTE>540</nMINUTE><nDUREE_MINUTE>90</nDUREE_MINUTE></JOURPLANIFIE><JOURPLANIFIE><nJOUR>1191946516045</nJOUR><nMINUTE>945</nMINUTE><nDUREE_MINUTE>90</nDUREE_MINUTE></JOURPLANIFIE></JOURSPLANIFIES><JPLANNING><nJOUR>36</nJOUR><nLIGNE>3</nLIGNE><nDUREE>1</nDUREE><nTOTAL_LIGNE>1</nTOTAL_LIGNE></JPLANNING><PROPRIETES_ACTIVITES><DESCRIPTIF_ACTIVITE><tTITRE UserID="0">Régulation sur le classement</tTITRE><tOBJECTIF UserID="0">Expliciter les notions abordées dans les études à distance et retour sur l'étude de cas de la BNF</tOBJECTIF><tDESCRIPTION UserID="0"/><nTYPE UserID="0">22</nTYPE><nCARACTERISTIQUE UserID="0">0</nCARACTERISTIQUE><nDUREEh UserID="0">1</nDUREEh><nDUREEmn UserID="0">30</nDUREEmn><nINDIVIDUELCOLLECTIF UserID="0">31</nINDIVIDUELCOLLECTIF><nLIEU_TRAVAIL UserID="0">2</nLIEU_TRAVAIL><tCOMMENTAIRE UserID="0"/></DESCRIPTIF_ACTIVITE><PRODUCTION_ACTIVITE><nRENDU UserID="0">0</nRENDU><tDESCRIPTION_PRODUCTION UserID="0"/><nDUREEh UserID="0">0</nDUREEh><nDUREEmn UserID="0">0</nDUREEmn><nOUTIL_ECHANGE UserID="0">0</nOUTIL_ECHANGE><nOUTIL_SUBSTITUTION UserID="0">0</nOUTIL_SUBSTITUTION><tDESCRIPTION_UTILISATION UserID="0"/><tCOMMENTAIRE UserID="0"/></PRODUCTION_ACTIVITE><ACCOMPAGNEMENT_ACTIVITE><ACCOMPAGNEMENTS_GLOBAUX><ACCOMPAGNEMENT_GLOBAL><nID>0</nID><nNOM UserID="0">0</nNOM><nTYPE UserID="0">0</nTYPE><nATTITUDE UserID="0">0</nATTITUDE><nACTION UserID="0">0</nACTION><tDESCRIPTIF UserID="0"/><nDUREE UserID="0">0</nDUREE><nGROUPE UserID="0">0</nGROUPE><nAPPRENANT UserID="0">0</nAPPRENANT><nPRESENCEDISTANCE UserID="0">0</nPRESENCEDISTANCE></ACCOMPAGNEMENT_GLOBAL></ACCOMPAGNEMENTS_GLOBAUX><nTYPE_OUTIL UserID="0">0</nTYPE_OUTIL><nOUTIL_SUBSTITUTION UserID="0">0</nOUTIL_SUBSTITUTION><tDESCRIPTION_UTILISATION UserID="0"/><tCOMMENTAIRE UserID="0"/></ACCOMPAGNEMENT_ACTIVITE><RESSOURCES_DOCS_ACTIVITE><RESSOURCES_PEDAGOGIQUES><RESSOURCE_PEDAGOGIQUE><nID>0</nID><tTITRE UserID="0">Choisir...</tTITRE><tDESCRIPTIF UserID="0"/><nTYPE UserID="0">0</nTYPE><tLIEN UserID="0"/></RESSOURCE_PEDAGOGIQUE></RESSOURCES_PEDAGOGIQUES><RESSOURCES_LOGISTIQUES><tADRESSE UserID="0"/><tDESCRIPTIF UserID="0"/><tLIEN UserID="0"/><nTYPE_SALLE UserID="0">0</nTYPE_SALLE><nNUMERO_SALLE UserID="0"/></RESSOURCES_LOGISTIQUES><tCOMMENTAIRE UserID="0"/></RESSOURCES_DOCS_ACTIVITE></PROPRIETES_ACTIVITES></ACTIVITE><ACTIVITE><JOURSPLANIFIES/><JPLANNING><nJOUR>20</nJOUR><nLIGNE>1</nLIGNE><nDUREE>12</nDUREE><nTOTAL_LIGNE>1</nTOTAL_LIGNE></JPLANNING><PROPRIETES_ACTIVITES><DESCRIPTIF_ACTIVITE><tTITRE UserID="0">Corpus d'auteurs et monographie</tTITRE><tOBJECTIF UserID="0">Comprendre les avantages et les limites d'une approche par corpus d'auteurs dans les collections de monographie. </tOBJECTIF><tDESCRIPTION UserID="0"/><nTYPE UserID="0">19</nTYPE><nCARACTERISTIQUE UserID="0">0</nCARACTERISTIQUE><nDUREEh UserID="0">2</nDUREEh><nDUREEmn UserID="0">0</nDUREEmn><nINDIVIDUELCOLLECTIF UserID="0">28</nINDIVIDUELCOLLECTIF><nLIEU_TRAVAIL UserID="0">0</nLIEU_TRAVAIL><tCOMMENTAIRE UserID="0">Il faudra voir si cette activité est accompagnée et par qui ?</tCOMMENTAIRE></DESCRIPTIF_ACTIVITE><PRODUCTION_ACTIVITE><nRENDU UserID="0">0</nRENDU><tDESCRIPTION_PRODUCTION UserID="0"/><nDUREEh UserID="0"/><nDUREEmn UserID="0"/><nOUTIL_ECHANGE UserID="0">17</nOUTIL_ECHANGE><nOUTIL_SUBSTITUTION UserID="0">0</nOUTIL_SUBSTITUTION><tDESCRIPTION_UTILISATION UserID="0"/><tCOMMENTAIRE UserID="0"/></PRODUCTION_ACTIVITE><ACCOMPAGNEMENT_ACTIVITE><ACCOMPAGNEMENTS_GLOBAUX><ACCOMPAGNEMENT_GLOBAL><nID>0</nID><nNOM UserID="0">0</nNOM><nTYPE UserID="0">0</nTYPE><nATTITUDE UserID="0">0</nATTITUDE><nACTION UserID="0">0</nACTION><tDESCRIPTIF UserID="0"/><nDUREE UserID="0">0</nDUREE><nGROUPE UserID="0">0</nGROUPE><nAPPRENANT UserID="0">0</nAPPRENANT><nPRESENCEDISTANCE UserID="0">0</nPRESENCEDISTANCE></ACCOMPAGNEMENT_GLOBAL><ACCOMPAGNEMENT_GLOBAL><nID>130</nID><nNOM UserID="0">129</nNOM><nTYPE UserID="0">2</nTYPE><nATTITUDE UserID="0">37</nATTITUDE><nACTION UserID="0">0</nACTION><tDESCRIPTIF UserID="0"/><nDUREE UserID="0">45</nDUREE><nGROUPE UserID="0">32</nGROUPE><nAPPRENANT UserID="0">0</nAPPRENANT><nPRESENCEDISTANCE UserID="0">1</nPRESENCEDISTANCE></ACCOMPAGNEMENT_GLOBAL></ACCOMPAGNEMENTS_GLOBAUX><nTYPE_OUTIL UserID="0">17</nTYPE_OUTIL><nOUTIL_SUBSTITUTION UserID="0">0</nOUTIL_SUBSTITUTION><tDESCRIPTION_UTILISATION UserID="0"/><tCOMMENTAIRE UserID="0"/></ACCOMPAGNEMENT_ACTIVITE><RESSOURCES_DOCS_ACTIVITE><RESSOURCES_PEDAGOGIQUES><RESSOURCE_PEDAGOGIQUE><nID>0</nID><tTITRE UserID="0">Choisir...</tTITRE><tDESCRIPTIF UserID="0"/><nTYPE UserID="0">0</nTYPE><tLIEN UserID="0"/></RESSOURCE_PEDAGOGIQUE></RESSOURCES_PEDAGOGIQUES><RESSOURCES_LOGISTIQUES><tADRESSE UserID="0"/><tDESCRIPTIF UserID="0"/><tLIEN UserID="0"/><nTYPE_SALLE UserID="0">0</nTYPE_SALLE><nNUMERO_SALLE UserID="0"/></RESSOURCES_LOGISTIQUES><tCOMMENTAIRE UserID="0"/></RESSOURCES_DOCS_ACTIVITE></PROPRIETES_ACTIVITES></ACTIVITE><ACTIVITE><JOURSPLANIFIES/><JPLANNING><nJOUR>37</nJOUR><nLIGNE>1</nLIGNE><nDUREE>21</nDUREE><nTOTAL_LIGNE>1</nTOTAL_LIGNE></JPLANNING><PROPRIETES_ACTIVITES><DESCRIPTIF_ACTIVITE><tTITRE UserID="0">publications en série</tTITRE><tOBJECTIF UserID="0">Gérer une publication en série</tOBJECTIF><tDESCRIPTION UserID="0"/><nTYPE UserID="0">19</nTYPE><nCARACTERISTIQUE UserID="0">0</nCARACTERISTIQUE><nDUREEh UserID="0">3</nDUREEh><nDUREEmn UserID="0">0</nDUREEmn><nINDIVIDUELCOLLECTIF UserID="0">28</nINDIVIDUELCOLLECTIF><nLIEU_TRAVAIL UserID="0">1</nLIEU_TRAVAIL><tCOMMENTAIRE UserID="0"/></DESCRIPTIF_ACTIVITE><PRODUCTION_ACTIVITE><nRENDU UserID="0">0</nRENDU><tDESCRIPTION_PRODUCTION UserID="0"/><nDUREEh UserID="0">0</nDUREEh><nDUREEmn UserID="0">0</nDUREEmn><nOUTIL_ECHANGE UserID="0">0</nOUTIL_ECHANGE><nOUTIL_SUBSTITUTION UserID="0">0</nOUTIL_SUBSTITUTION><tDESCRIPTION_UTILISATION UserID="0"/><tCOMMENTAIRE UserID="0"/></PRODUCTION_ACTIVITE><ACCOMPAGNEMENT_ACTIVITE><ACCOMPAGNEMENTS_GLOBAUX><ACCOMPAGNEMENT_GLOBAL><nID>0</nID><nNOM UserID="0">0</nNOM><nTYPE UserID="0">0</nTYPE><nATTITUDE UserID="0">0</nATTITUDE><nACTION UserID="0">0</nACTION><tDESCRIPTIF UserID="0"/><nDUREE UserID="0">0</nDUREE><nGROUPE UserID="0">0</nGROUPE><nAPPRENANT UserID="0">0</nAPPRENANT><nPRESENCEDISTANCE UserID="0">0</nPRESENCEDISTANCE></ACCOMPAGNEMENT_GLOBAL></ACCOMPAGNEMENTS_GLOBAUX><nTYPE_OUTIL UserID="0">0</nTYPE_OUTIL><nOUTIL_SUBSTITUTION UserID="0">0</nOUTIL_SUBSTITUTION><tDESCRIPTION_UTILISATION UserID="0"/><tCOMMENTAIRE UserID="0"/></ACCOMPAGNEMENT_ACTIVITE><RESSOURCES_DOCS_ACTIVITE><RESSOURCES_PEDAGOGIQUES><RESSOURCE_PEDAGOGIQUE><nID>0</nID><tTITRE UserID="0">Choisir...</tTITRE><tDESCRIPTIF UserID="0"/><nTYPE UserID="0">0</nTYPE><tLIEN UserID="0"/></RESSOURCE_PEDAGOGIQUE><RESSOURCE_PEDAGOGIQUE><nID>137</nID><tTITRE UserID="0">publications en série</tTITRE><tDESCRIPTIF UserID="0"/><nTYPE UserID="0">0</nTYPE><tLIEN UserID="0"/></RESSOURCE_PEDAGOGIQUE></RESSOURCES_PEDAGOGIQUES><RESSOURCES_LOGISTIQUES><tADRESSE UserID="0"/><tDESCRIPTIF UserID="0"/><tLIEN UserID="0"/><nTYPE_SALLE UserID="0">0</nTYPE_SALLE><nNUMERO_SALLE UserID="0"/></RESSOURCES_LOGISTIQUES><tCOMMENTAIRE UserID="0"/></RESSOURCES_DOCS_ACTIVITE></PROPRIETES_ACTIVITES></ACTIVITE><ACTIVITE><JOURSPLANIFIES/><JPLANNING><nJOUR>41</nJOUR><nLIGNE>2</nLIGNE><nDUREE>17</nDUREE><nTOTAL_LIGNE>1</nTOTAL_LIGNE></JPLANNING><PROPRIETES_ACTIVITES><DESCRIPTIF_ACTIVITE><tTITRE UserID="0">publications en série</tTITRE><tOBJECTIF UserID="0">Evaluer vos connaissance sur la gestion de publications en série</tOBJECTIF><tDESCRIPTION UserID="0"/><nTYPE UserID="0">23</nTYPE><nCARACTERISTIQUE UserID="0">4</nCARACTERISTIQUE><nDUREEh UserID="0">0</nDUREEh><nDUREEmn UserID="0">45</nDUREEmn><nINDIVIDUELCOLLECTIF UserID="0">28</nINDIVIDUELCOLLECTIF><nLIEU_TRAVAIL UserID="0">0</nLIEU_TRAVAIL><tCOMMENTAIRE UserID="0"/></DESCRIPTIF_ACTIVITE><PRODUCTION_ACTIVITE><nRENDU UserID="0">0</nRENDU><tDESCRIPTION_PRODUCTION UserID="0"/><nDUREEh UserID="0">0</nDUREEh><nDUREEmn UserID="0">0</nDUREEmn><nOUTIL_ECHANGE UserID="0">0</nOUTIL_ECHANGE><nOUTIL_SUBSTITUTION UserID="0">0</nOUTIL_SUBSTITUTION><tDESCRIPTION_UTILISATION UserID="0"/><tCOMMENTAIRE UserID="0"/></PRODUCTION_ACTIVITE><ACCOMPAGNEMENT_ACTIVITE><ACCOMPAGNEMENTS_GLOBAUX><ACCOMPAGNEMENT_GLOBAL><nID>0</nID><nNOM UserID="0">0</nNOM><nTYPE UserID="0">0</nTYPE><nATTITUDE UserID="0">0</nATTITUDE><nACTION UserID="0">0</nACTION><tDESCRIPTIF UserID="0"/><nDUREE UserID="0">0</nDUREE><nGROUPE UserID="0">0</nGROUPE><nAPPRENANT UserID="0">0</nAPPRENANT><nPRESENCEDISTANCE UserID="0">0</nPRESENCEDISTANCE></ACCOMPAGNEMENT_GLOBAL></ACCOMPAGNEMENTS_GLOBAUX><nTYPE_OUTIL UserID="0">0</nTYPE_OUTIL><nOUTIL_SUBSTITUTION UserID="0">0</nOUTIL_SUBSTITUTION><tDESCRIPTION_UTILISATION UserID="0"/><tCOMMENTAIRE UserID="0"/></ACCOMPAGNEMENT_ACTIVITE><RESSOURCES_DOCS_ACTIVITE><RESSOURCES_PEDAGOGIQUES><RESSOURCE_PEDAGOGIQUE><nID>0</nID><tTITRE UserID="0">Choisir...</tTITRE><tDESCRIPTIF UserID="0"/><nTYPE UserID="0">0</nTYPE><tLIEN UserID="0"/></RESSOURCE_PEDAGOGIQUE><RESSOURCE_PEDAGOGIQUE><nID>138</nID><tTITRE UserID="0">QCM publications en série</tTITRE><tDESCRIPTIF UserID="0"/><nTYPE UserID="0">41</nTYPE><tLIEN UserID="0"/></RESSOURCE_PEDAGOGIQUE></RESSOURCES_PEDAGOGIQUES><RESSOURCES_LOGISTIQUES><tADRESSE UserID="0"/><tDESCRIPTIF UserID="0"/><tLIEN UserID="0"/><nTYPE_SALLE UserID="0">0</nTYPE_SALLE><nNUMERO_SALLE UserID="0"/></RESSOURCES_LOGISTIQUES><tCOMMENTAIRE UserID="0"/></RESSOURCES_DOCS_ACTIVITE></PROPRIETES_ACTIVITES></ACTIVITE><ACTIVITE><JOURSPLANIFIES/><JPLANNING><nJOUR>21</nJOUR><nLIGNE>2</nLIGNE><nDUREE>11</nDUREE><nTOTAL_LIGNE>1</nTOTAL_LIGNE></JPLANNING><PROPRIETES_ACTIVITES><DESCRIPTIF_ACTIVITE><tTITRE UserID="0">Cas de la BNF</tTITRE><tOBJECTIF UserID="0">Analyser de la politique de la BNF</tOBJECTIF><tDESCRIPTION UserID="0"/><nTYPE UserID="0">21</nTYPE><nCARACTERISTIQUE UserID="0">0</nCARACTERISTIQUE><nDUREEh UserID="0">2</nDUREEh><nDUREEmn UserID="0">0</nDUREEmn><nINDIVIDUELCOLLECTIF UserID="0">30</nINDIVIDUELCOLLECTIF><nLIEU_TRAVAIL UserID="0">2</nLIEU_TRAVAIL><tCOMMENTAIRE UserID="0"/></DESCRIPTIF_ACTIVITE><PRODUCTION_ACTIVITE><nRENDU UserID="0">1</nRENDU><tDESCRIPTION_PRODUCTION UserID="0"/><nDUREEh UserID="0">1</nDUREEh><nDUREEmn UserID="0">0</nDUREEmn><nOUTIL_ECHANGE UserID="0">0</nOUTIL_ECHANGE><nOUTIL_SUBSTITUTION UserID="0">0</nOUTIL_SUBSTITUTION><tDESCRIPTION_UTILISATION UserID="0"/><tCOMMENTAIRE UserID="0"/></PRODUCTION_ACTIVITE><ACCOMPAGNEMENT_ACTIVITE><ACCOMPAGNEMENTS_GLOBAUX><ACCOMPAGNEMENT_GLOBAL><nID>0</nID><nNOM UserID="0">0</nNOM><nTYPE UserID="0">0</nTYPE><nATTITUDE UserID="0">0</nATTITUDE><nACTION UserID="0">0</nACTION><tDESCRIPTIF UserID="0"/><nDUREE UserID="0">0</nDUREE><nGROUPE UserID="0">0</nGROUPE><nAPPRENANT UserID="0">0</nAPPRENANT><nPRESENCEDISTANCE UserID="0">0</nPRESENCEDISTANCE></ACCOMPAGNEMENT_GLOBAL><ACCOMPAGNEMENT_GLOBAL><nID>119</nID><nNOM UserID="0">104</nNOM><nTYPE UserID="0">0</nTYPE><nATTITUDE UserID="0">33</nATTITUDE><nACTION UserID="0">0</nACTION><tDESCRIPTIF UserID="0"/><nDUREE UserID="0">120</nDUREE><nGROUPE UserID="0">32</nGROUPE><nAPPRENANT UserID="0">0</nAPPRENANT><nPRESENCEDISTANCE UserID="0">1</nPRESENCEDISTANCE></ACCOMPAGNEMENT_GLOBAL></ACCOMPAGNEMENTS_GLOBAUX><nTYPE_OUTIL UserID="0">17</nTYPE_OUTIL><nOUTIL_SUBSTITUTION UserID="0">0</nOUTIL_SUBSTITUTION><tDESCRIPTION_UTILISATION UserID="0"/><tCOMMENTAIRE UserID="0"/></ACCOMPAGNEMENT_ACTIVITE><RESSOURCES_DOCS_ACTIVITE><RESSOURCES_PEDAGOGIQUES><RESSOURCE_PEDAGOGIQUE><nID>0</nID><tTITRE UserID="0">Choisir...</tTITRE><tDESCRIPTIF UserID="0"/><nTYPE UserID="0">0</nTYPE><tLIEN UserID="0"/></RESSOURCE_PEDAGOGIQUE><RESSOURCE_PEDAGOGIQUE><nID>147</nID><tTITRE UserID="0">sujet de l'étude de cas</tTITRE><tDESCRIPTIF UserID="0"/><nTYPE UserID="0">0</nTYPE><tLIEN UserID="0"/></RESSOURCE_PEDAGOGIQUE></RESSOURCES_PEDAGOGIQUES><RESSOURCES_LOGISTIQUES><tADRESSE UserID="0"/><tDESCRIPTIF UserID="0"/><tLIEN UserID="0"/><nTYPE_SALLE UserID="0">0</nTYPE_SALLE><nNUMERO_SALLE UserID="0"/></RESSOURCES_LOGISTIQUES><tCOMMENTAIRE UserID="0"/></RESSOURCES_DOCS_ACTIVITE></PROPRIETES_ACTIVITES></ACTIVITE></ACTIVITES></SEQUENCE><SEQUENCE><JPLANNING><nJOUR>2</nJOUR><nLIGNE>6</nLIGNE><nDUREE>36</nDUREE><nTOTAL_LIGNE>2</nTOTAL_LIGNE></JPLANNING><PROPRIETES_SEQUENCE><DESCRIPTIF_SEQUENCE><tTITRE UserID="0">Fond de spécialisation</tTITRE><tOBJECTIF UserID="0">Se construire des repéres dans le fond littérature de jeunesse de 3 ans à l'adolescence</tOBJECTIF><tDESCRIPTION UserID="0"/><tCOMMENTAIRE UserID="0"/></DESCRIPTIF_SEQUENCE></PROPRIETES_SEQUENCE><ACTIVITES><ACTIVITE><JOURSPLANIFIES/><JPLANNING><nJOUR>2</nJOUR><nLIGNE>1</nLIGNE><nDUREE>17</nDUREE><nTOTAL_LIGNE>1</nTOTAL_LIGNE></JPLANNING><PROPRIETES_ACTIVITES><DESCRIPTIF_ACTIVITE><tTITRE UserID="0">Incontournable du fond</tTITRE><tOBJECTIF UserID="0">Connaître les incontournables de la littérature de jeunesse</tOBJECTIF><tDESCRIPTION UserID="0">Prendre connaissance des ouvrages puis trier</tDESCRIPTION><nTYPE UserID="0">21</nTYPE><nCARACTERISTIQUE UserID="0">0</nCARACTERISTIQUE><nDUREEh UserID="0">5</nDUREEh><nDUREEmn UserID="0">0</nDUREEmn><nINDIVIDUELCOLLECTIF UserID="0">114</nINDIVIDUELCOLLECTIF><nLIEU_TRAVAIL UserID="0">0</nLIEU_TRAVAIL><tCOMMENTAIRE UserID="0">Attention à rassembler les différents ouvrages et faciliter leur accès. Voir avec Eva.</tCOMMENTAIRE></DESCRIPTIF_ACTIVITE><PRODUCTION_ACTIVITE><nRENDU UserID="0">1</nRENDU><tDESCRIPTION_PRODUCTION UserID="0">Document de 2 à 3 pages dans lequel vous devrez proposer une liste des principaux albums (entre 5 et 8) pour 3 thèmes choisis dans le sujet de l'atelier et argumenter votre choix.</tDESCRIPTION_PRODUCTION><nDUREEh UserID="0">1</nDUREEh><nDUREEmn UserID="0">00</nDUREEmn><nOUTIL_ECHANGE UserID="0">9</nOUTIL_ECHANGE><nOUTIL_SUBSTITUTION UserID="0">0</nOUTIL_SUBSTITUTION><tDESCRIPTION_UTILISATION UserID="0"/><tCOMMENTAIRE UserID="0"/></PRODUCTION_ACTIVITE><ACCOMPAGNEMENT_ACTIVITE><ACCOMPAGNEMENTS_GLOBAUX><ACCOMPAGNEMENT_GLOBAL><nID>0</nID><nNOM UserID="0">0</nNOM><nTYPE UserID="0">0</nTYPE><nATTITUDE UserID="0">0</nATTITUDE><nACTION UserID="0">0</nACTION><tDESCRIPTIF UserID="0"/><nDUREE UserID="0">0</nDUREE><nGROUPE UserID="0">0</nGROUPE><nAPPRENANT UserID="0">0</nAPPRENANT><nPRESENCEDISTANCE UserID="0">0</nPRESENCEDISTANCE></ACCOMPAGNEMENT_GLOBAL><ACCOMPAGNEMENT_GLOBAL><nID>121</nID><nNOM UserID="0">103</nNOM><nTYPE UserID="0">2</nTYPE><nATTITUDE UserID="0">37</nATTITUDE><nACTION UserID="0">155</nACTION><tDESCRIPTIF UserID="0">Aide pour le choix du thème</tDESCRIPTIF><nDUREE UserID="0">60</nDUREE><nGROUPE UserID="0">125</nGROUPE><nAPPRENANT UserID="0">0</nAPPRENANT><nPRESENCEDISTANCE UserID="0">1</nPRESENCEDISTANCE></ACCOMPAGNEMENT_GLOBAL></ACCOMPAGNEMENTS_GLOBAUX><nTYPE_OUTIL UserID="0">13</nTYPE_OUTIL><nOUTIL_SUBSTITUTION UserID="0">0</nOUTIL_SUBSTITUTION><tDESCRIPTION_UTILISATION UserID="0"/><tCOMMENTAIRE UserID="0"/></ACCOMPAGNEMENT_ACTIVITE><RESSOURCES_DOCS_ACTIVITE><RESSOURCES_PEDAGOGIQUES><RESSOURCE_PEDAGOGIQUE><nID>0</nID><tTITRE UserID="0">Choisir...</tTITRE><tDESCRIPTIF UserID="0"/><nTYPE UserID="0">0</nTYPE><tLIEN UserID="0"/></RESSOURCE_PEDAGOGIQUE><RESSOURCE_PEDAGOGIQUE><nID>112</nID><tTITRE UserID="0">Sujet de l'atelier</tTITRE><tDESCRIPTIF UserID="0">Liste de thèmes de la litérature de jeunesse avec pour chacun une bibliographie</tDESCRIPTIF><nTYPE UserID="0">0</nTYPE><tLIEN UserID="0">Sujet.pdf</tLIEN></RESSOURCE_PEDAGOGIQUE><RESSOURCE_PEDAGOGIQUE><nID>146</nID><tTITRE UserID="0">grille d'analyse</tTITRE><tDESCRIPTIF UserID="0"/><nTYPE UserID="0">0</nTYPE><tLIEN UserID="0"/></RESSOURCE_PEDAGOGIQUE></RESSOURCES_PEDAGOGIQUES><RESSOURCES_LOGISTIQUES><tADRESSE UserID="0"/><tDESCRIPTIF UserID="0"/><tLIEN UserID="0"/><nTYPE_SALLE UserID="0">0</nTYPE_SALLE><nNUMERO_SALLE UserID="0"/></RESSOURCES_LOGISTIQUES><tCOMMENTAIRE UserID="0"/></RESSOURCES_DOCS_ACTIVITE></PROPRIETES_ACTIVITES></ACTIVITE><ACTIVITE><JOURSPLANIFIES/><JPLANNING><nJOUR>21</nJOUR><nLIGNE>1</nLIGNE><nDUREE>7</nDUREE><nTOTAL_LIGNE>1</nTOTAL_LIGNE></JPLANNING><PROPRIETES_ACTIVITES><DESCRIPTIF_ACTIVITE><tTITRE UserID="0">Etude des travaux</tTITRE><tOBJECTIF UserID="0">Prendre connaissance du travail des autres sur les ouvrages incontournables dans les 3 thèmes choisis</tOBJECTIF><tDESCRIPTION UserID="0"/><nTYPE UserID="0">19</nTYPE><nCARACTERISTIQUE UserID="0">0</nCARACTERISTIQUE><nDUREEh UserID="0">2</nDUREEh><nDUREEmn UserID="0">0</nDUREEmn><nINDIVIDUELCOLLECTIF UserID="0">28</nINDIVIDUELCOLLECTIF><nLIEU_TRAVAIL UserID="0">0</nLIEU_TRAVAIL><tCOMMENTAIRE UserID="0"/></DESCRIPTIF_ACTIVITE><PRODUCTION_ACTIVITE><nRENDU UserID="0">0</nRENDU><tDESCRIPTION_PRODUCTION UserID="0">Synthèse collective des échanges</tDESCRIPTION_PRODUCTION><nDUREEh UserID="0">0</nDUREEh><nDUREEmn UserID="0"/><nOUTIL_ECHANGE UserID="0">0</nOUTIL_ECHANGE><nOUTIL_SUBSTITUTION UserID="0">0</nOUTIL_SUBSTITUTION><tDESCRIPTION_UTILISATION UserID="0"/><tCOMMENTAIRE UserID="0"/></PRODUCTION_ACTIVITE><ACCOMPAGNEMENT_ACTIVITE><ACCOMPAGNEMENTS_GLOBAUX><ACCOMPAGNEMENT_GLOBAL><nID>0</nID><nNOM UserID="0">0</nNOM><nTYPE UserID="0">0</nTYPE><nATTITUDE UserID="0">0</nATTITUDE><nACTION UserID="0">0</nACTION><tDESCRIPTIF UserID="0"/><nDUREE UserID="0">0</nDUREE><nGROUPE UserID="0">0</nGROUPE><nAPPRENANT UserID="0">0</nAPPRENANT><nPRESENCEDISTANCE UserID="0">0</nPRESENCEDISTANCE></ACCOMPAGNEMENT_GLOBAL></ACCOMPAGNEMENTS_GLOBAUX><nTYPE_OUTIL UserID="0">0</nTYPE_OUTIL><nOUTIL_SUBSTITUTION UserID="0">0</nOUTIL_SUBSTITUTION><tDESCRIPTION_UTILISATION UserID="0"/><tCOMMENTAIRE UserID="0"/></ACCOMPAGNEMENT_ACTIVITE><RESSOURCES_DOCS_ACTIVITE><RESSOURCES_PEDAGOGIQUES><RESSOURCE_PEDAGOGIQUE><nID>0</nID><tTITRE UserID="0">Choisir...</tTITRE><tDESCRIPTIF UserID="0"/><nTYPE UserID="0">0</nTYPE><tLIEN UserID="0"/></RESSOURCE_PEDAGOGIQUE></RESSOURCES_PEDAGOGIQUES><RESSOURCES_LOGISTIQUES><tADRESSE UserID="0"/><tDESCRIPTIF UserID="0"/><tLIEN UserID="0"/><nTYPE_SALLE UserID="0">0</nTYPE_SALLE><nNUMERO_SALLE UserID="0"/></RESSOURCES_LOGISTIQUES><tCOMMENTAIRE UserID="0"/></RESSOURCES_DOCS_ACTIVITE></PROPRIETES_ACTIVITES></ACTIVITE><ACTIVITE><JOURSPLANIFIES/><JPLANNING><nJOUR>28</nJOUR><nLIGNE>1</nLIGNE><nDUREE>5</nDUREE><nTOTAL_LIGNE>1</nTOTAL_LIGNE></JPLANNING><PROPRIETES_ACTIVITES><DESCRIPTIF_ACTIVITE><tTITRE UserID="0">Des ouvrages de référence</tTITRE><tOBJECTIF UserID="0">Confronter vos travaux et échanger de manière à aboutir à un consensus sur chacun des thèmes.</tOBJECTIF><tDESCRIPTION UserID="0"/><nTYPE UserID="0">22</nTYPE><nCARACTERISTIQUE UserID="0">0</nCARACTERISTIQUE><nDUREEh UserID="0">1</nDUREEh><nDUREEmn UserID="0">30</nDUREEmn><nINDIVIDUELCOLLECTIF UserID="0">114</nINDIVIDUELCOLLECTIF><nLIEU_TRAVAIL UserID="0">0</nLIEU_TRAVAIL><tCOMMENTAIRE UserID="0"/></DESCRIPTIF_ACTIVITE><PRODUCTION_ACTIVITE><nRENDU UserID="0">1</nRENDU><tDESCRIPTION_PRODUCTION UserID="0">Sur chaque thème choisi produire une liste de 5 à 8 ouvrages de référence faisant consenssus dans votre groupe</tDESCRIPTION_PRODUCTION><nDUREEh UserID="0">0</nDUREEh><nDUREEmn UserID="0">30</nDUREEmn><nOUTIL_ECHANGE UserID="0">9</nOUTIL_ECHANGE><nOUTIL_SUBSTITUTION UserID="0">0</nOUTIL_SUBSTITUTION><tDESCRIPTION_UTILISATION UserID="0"/><tCOMMENTAIRE UserID="0"/></PRODUCTION_ACTIVITE><ACCOMPAGNEMENT_ACTIVITE><ACCOMPAGNEMENTS_GLOBAUX><ACCOMPAGNEMENT_GLOBAL><nID>0</nID><nNOM UserID="0">0</nNOM><nTYPE UserID="0">0</nTYPE><nATTITUDE UserID="0">0</nATTITUDE><nACTION UserID="0">0</nACTION><tDESCRIPTIF UserID="0"/><nDUREE UserID="0">0</nDUREE><nGROUPE UserID="0">0</nGROUPE><nAPPRENANT UserID="0">0</nAPPRENANT><nPRESENCEDISTANCE UserID="0">0</nPRESENCEDISTANCE></ACCOMPAGNEMENT_GLOBAL><ACCOMPAGNEMENT_GLOBAL><nID>116</nID><nNOM UserID="0">103</nNOM><nTYPE UserID="0">0</nTYPE><nATTITUDE UserID="0">38</nATTITUDE><nACTION UserID="0">0</nACTION><tDESCRIPTIF UserID="0"/><nDUREE UserID="0">15</nDUREE><nGROUPE UserID="0">0</nGROUPE><nAPPRENANT UserID="0">6</nAPPRENANT><nPRESENCEDISTANCE UserID="0">1</nPRESENCEDISTANCE></ACCOMPAGNEMENT_GLOBAL></ACCOMPAGNEMENTS_GLOBAUX><nTYPE_OUTIL UserID="0">17</nTYPE_OUTIL><nOUTIL_SUBSTITUTION UserID="0">0</nOUTIL_SUBSTITUTION><tDESCRIPTION_UTILISATION UserID="0"/><tCOMMENTAIRE UserID="0"/></ACCOMPAGNEMENT_ACTIVITE><RESSOURCES_DOCS_ACTIVITE><RESSOURCES_PEDAGOGIQUES><RESSOURCE_PEDAGOGIQUE><nID>0</nID><tTITRE UserID="0">Choisir...</tTITRE><tDESCRIPTIF UserID="0"/><nTYPE UserID="0">0</nTYPE><tLIEN UserID="0"/></RESSOURCE_PEDAGOGIQUE></RESSOURCES_PEDAGOGIQUES><RESSOURCES_LOGISTIQUES><tADRESSE UserID="0"/><tDESCRIPTIF UserID="0"/><tLIEN UserID="0"/><nTYPE_SALLE UserID="0">0</nTYPE_SALLE><nNUMERO_SALLE UserID="0"/></RESSOURCES_LOGISTIQUES><tCOMMENTAIRE UserID="0"/></RESSOURCES_DOCS_ACTIVITE></PROPRIETES_ACTIVITES></ACTIVITE><ACTIVITE><JOURSPLANIFIES><JOURPLANIFIE><nJOUR>1195838116045</nJOUR><nMINUTE>915</nMINUTE><nDUREE_MINUTE>90</nDUREE_MINUTE></JOURPLANIFIE><JOURPLANIFIE><nJOUR>1188922516045</nJOUR><nMINUTE>645</nMINUTE><nDUREE_MINUTE>90</nDUREE_MINUTE></JOURPLANIFIE></JOURSPLANIFIES><JPLANNING><nJOUR>1</nJOUR><nLIGNE>1</nLIGNE><nDUREE>1</nDUREE><nTOTAL_LIGNE>1</nTOTAL_LIGNE></JPLANNING><PROPRIETES_ACTIVITES><DESCRIPTIF_ACTIVITE><tTITRE UserID="0">Le fonds et bibliothéque</tTITRE><tOBJECTIF UserID="0">Prendre connaissance de ce que recouvre la notion de fonds bibliothécaire</tOBJECTIF><tDESCRIPTION UserID="0"/><nTYPE UserID="0">25</nTYPE><nCARACTERISTIQUE UserID="0">0</nCARACTERISTIQUE><nDUREEh UserID="0">1</nDUREEh><nDUREEmn UserID="0">30</nDUREEmn><nINDIVIDUELCOLLECTIF UserID="0">31</nINDIVIDUELCOLLECTIF><nLIEU_TRAVAIL UserID="0">2</nLIEU_TRAVAIL><tCOMMENTAIRE UserID="0"/></DESCRIPTIF_ACTIVITE><PRODUCTION_ACTIVITE><nRENDU UserID="0">0</nRENDU><tDESCRIPTION_PRODUCTION UserID="0"/><nDUREEh UserID="0">0</nDUREEh><nDUREEmn UserID="0">0</nDUREEmn><nOUTIL_ECHANGE UserID="0">0</nOUTIL_ECHANGE><nOUTIL_SUBSTITUTION UserID="0">0</nOUTIL_SUBSTITUTION><tDESCRIPTION_UTILISATION UserID="0"/><tCOMMENTAIRE UserID="0"/></PRODUCTION_ACTIVITE><ACCOMPAGNEMENT_ACTIVITE><ACCOMPAGNEMENTS_GLOBAUX><ACCOMPAGNEMENT_GLOBAL><nID>0</nID><nNOM UserID="0">0</nNOM><nTYPE UserID="0">0</nTYPE><nATTITUDE UserID="0">0</nATTITUDE><nACTION UserID="0">0</nACTION><tDESCRIPTIF UserID="0"/><nDUREE UserID="0">0</nDUREE><nGROUPE UserID="0">0</nGROUPE><nAPPRENANT UserID="0">0</nAPPRENANT><nPRESENCEDISTANCE UserID="0">0</nPRESENCEDISTANCE></ACCOMPAGNEMENT_GLOBAL><ACCOMPAGNEMENT_GLOBAL><nID>115</nID><nNOM UserID="0">103</nNOM><nTYPE UserID="0">4</nTYPE><nATTITUDE UserID="0">0</nATTITUDE><nACTION UserID="0">0</nACTION><tDESCRIPTIF UserID="0"/><nDUREE UserID="0">90</nDUREE><nGROUPE UserID="0">32</nGROUPE><nAPPRENANT UserID="0">0</nAPPRENANT><nPRESENCEDISTANCE UserID="0">0</nPRESENCEDISTANCE></ACCOMPAGNEMENT_GLOBAL></ACCOMPAGNEMENTS_GLOBAUX><nTYPE_OUTIL UserID="0">0</nTYPE_OUTIL><nOUTIL_SUBSTITUTION UserID="0">0</nOUTIL_SUBSTITUTION><tDESCRIPTION_UTILISATION UserID="0"/><tCOMMENTAIRE UserID="0"/></ACCOMPAGNEMENT_ACTIVITE><RESSOURCES_DOCS_ACTIVITE><RESSOURCES_PEDAGOGIQUES><RESSOURCE_PEDAGOGIQUE><nID>0</nID><tTITRE UserID="0">Choisir...</tTITRE><tDESCRIPTIF UserID="0"/><nTYPE UserID="0">0</nTYPE><tLIEN UserID="0"/></RESSOURCE_PEDAGOGIQUE></RESSOURCES_PEDAGOGIQUES><RESSOURCES_LOGISTIQUES><tADRESSE UserID="0">Ecole des Lilas
34 bis rue des Camelias
88000 Iles aux Plantes</tADRESSE><tDESCRIPTIF UserID="0"/><tLIEN UserID="0"/><nTYPE_SALLE UserID="0">53</nTYPE_SALLE><nNUMERO_SALLE UserID="0">DF92-a</nNUMERO_SALLE></RESSOURCES_LOGISTIQUES><tCOMMENTAIRE UserID="0"/></RESSOURCES_DOCS_ACTIVITE></PROPRIETES_ACTIVITES></ACTIVITE><ACTIVITE><JOURSPLANIFIES><JOURPLANIFIE><nJOUR>1198862116045</nJOUR><nMINUTE>645</nMINUTE><nDUREE_MINUTE>120</nDUREE_MINUTE></JOURPLANIFIE><JOURPLANIFIE><nJOUR>1191946516045</nJOUR><nMINUTE>615</nMINUTE><nDUREE_MINUTE>120</nDUREE_MINUTE></JOURPLANIFIE></JOURSPLANIFIES><JPLANNING><nJOUR>36</nJOUR><nLIGNE>1</nLIGNE><nDUREE>1</nDUREE><nTOTAL_LIGNE>1</nTOTAL_LIGNE></JPLANNING><PROPRIETES_ACTIVITES><DESCRIPTIF_ACTIVITE><tTITRE UserID="0">synthèse sur les ouvrages de référence</tTITRE><tOBJECTIF UserID="0">Faire la synthèse des résultats des travaux des différents groupes et partager les critères</tOBJECTIF><tDESCRIPTION UserID="0"/><nTYPE UserID="0">21</nTYPE><nCARACTERISTIQUE UserID="0">0</nCARACTERISTIQUE><nDUREEh UserID="0">2</nDUREEh><nDUREEmn UserID="0">0</nDUREEmn><nINDIVIDUELCOLLECTIF UserID="0">31</nINDIVIDUELCOLLECTIF><nLIEU_TRAVAIL UserID="0">0</nLIEU_TRAVAIL><tCOMMENTAIRE UserID="0"/></DESCRIPTIF_ACTIVITE><PRODUCTION_ACTIVITE><nRENDU UserID="0">0</nRENDU><tDESCRIPTION_PRODUCTION UserID="0"/><nDUREEh UserID="0">0</nDUREEh><nDUREEmn UserID="0">0</nDUREEmn><nOUTIL_ECHANGE UserID="0">0</nOUTIL_ECHANGE><nOUTIL_SUBSTITUTION UserID="0">0</nOUTIL_SUBSTITUTION><tDESCRIPTION_UTILISATION UserID="0"/><tCOMMENTAIRE UserID="0"/></PRODUCTION_ACTIVITE><ACCOMPAGNEMENT_ACTIVITE><ACCOMPAGNEMENTS_GLOBAUX><ACCOMPAGNEMENT_GLOBAL><nID>0</nID><nNOM UserID="0">0</nNOM><nTYPE UserID="0">0</nTYPE><nATTITUDE UserID="0">0</nATTITUDE><nACTION UserID="0">0</nACTION><tDESCRIPTIF UserID="0"/><nDUREE UserID="0">0</nDUREE><nGROUPE UserID="0">0</nGROUPE><nAPPRENANT UserID="0">0</nAPPRENANT><nPRESENCEDISTANCE UserID="0">0</nPRESENCEDISTANCE></ACCOMPAGNEMENT_GLOBAL><ACCOMPAGNEMENT_GLOBAL><nID>148</nID><nNOM UserID="0">103</nNOM><nTYPE UserID="0">7</nTYPE><nATTITUDE UserID="0">0</nATTITUDE><nACTION UserID="0">0</nACTION><tDESCRIPTIF UserID="0"/><nDUREE UserID="0">120</nDUREE><nGROUPE UserID="0">32</nGROUPE><nAPPRENANT UserID="0">0</nAPPRENANT><nPRESENCEDISTANCE UserID="0">0</nPRESENCEDISTANCE></ACCOMPAGNEMENT_GLOBAL></ACCOMPAGNEMENTS_GLOBAUX><nTYPE_OUTIL UserID="0">0</nTYPE_OUTIL><nOUTIL_SUBSTITUTION UserID="0">0</nOUTIL_SUBSTITUTION><tDESCRIPTION_UTILISATION UserID="0"/><tCOMMENTAIRE UserID="0"/></ACCOMPAGNEMENT_ACTIVITE><RESSOURCES_DOCS_ACTIVITE><RESSOURCES_PEDAGOGIQUES><RESSOURCE_PEDAGOGIQUE><nID>0</nID><tTITRE UserID="0">Choisir...</tTITRE><tDESCRIPTIF UserID="0"/><nTYPE UserID="0">0</nTYPE><tLIEN UserID="0"/></RESSOURCE_PEDAGOGIQUE></RESSOURCES_PEDAGOGIQUES><RESSOURCES_LOGISTIQUES><tADRESSE UserID="0"/><tDESCRIPTIF UserID="0"/><tLIEN UserID="0"/><nTYPE_SALLE UserID="0">0</nTYPE_SALLE><nNUMERO_SALLE UserID="0"/></RESSOURCES_LOGISTIQUES><tCOMMENTAIRE UserID="0"/></RESSOURCES_DOCS_ACTIVITE></PROPRIETES_ACTIVITES></ACTIVITE></ACTIVITES></SEQUENCE><SEQUENCE><JPLANNING><nJOUR>2</nJOUR><nLIGNE>11</nLIGNE><nDUREE>82</nDUREE><nTOTAL_LIGNE>3</nTOTAL_LIGNE></JPLANNING><PROPRIETES_SEQUENCE><DESCRIPTIF_SEQUENCE><tTITRE UserID="0">Apprentissage</tTITRE><tOBJECTIF UserID="0">Mettre en place les moyens nécessaires à son apprentissage</tOBJECTIF><tDESCRIPTION UserID="0"/><tCOMMENTAIRE UserID="0"/></DESCRIPTIF_SEQUENCE></PROPRIETES_SEQUENCE><ACTIVITES><ACTIVITE><JOURSPLANIFIES><JOURPLANIFIE><nJOUR>1195838116045</nJOUR><nMINUTE>810</nMINUTE><nDUREE_MINUTE>90</nDUREE_MINUTE></JOURPLANIFIE><JOURPLANIFIE><nJOUR>1188922516045</nJOUR><nMINUTE>840</nMINUTE><nDUREE_MINUTE>90</nDUREE_MINUTE></JOURPLANIFIE></JOURSPLANIFIES><JPLANNING><nJOUR>1</nJOUR><nLIGNE>1</nLIGNE><nDUREE>1</nDUREE><nTOTAL_LIGNE>1</nTOTAL_LIGNE></JPLANNING><PROPRIETES_ACTIVITES><DESCRIPTIF_ACTIVITE><tTITRE UserID="0">Prise en main de l'environnement de formation</tTITRE><tOBJECTIF UserID="0">Prendre en main l'environnement de formation à distance (outils et plate-forme)</tOBJECTIF><tDESCRIPTION UserID="0"/><nTYPE UserID="0">21</nTYPE><nCARACTERISTIQUE UserID="0">0</nCARACTERISTIQUE><nDUREEh UserID="0">1</nDUREEh><nDUREEmn UserID="0">30</nDUREEmn><nINDIVIDUELCOLLECTIF UserID="0">28</nINDIVIDUELCOLLECTIF><nLIEU_TRAVAIL UserID="0">2</nLIEU_TRAVAIL><tCOMMENTAIRE UserID="0"/></DESCRIPTIF_ACTIVITE><PRODUCTION_ACTIVITE><nRENDU UserID="0">0</nRENDU><tDESCRIPTION_PRODUCTION UserID="0"/><nDUREEh UserID="0">0</nDUREEh><nDUREEmn UserID="0">0</nDUREEmn><nOUTIL_ECHANGE UserID="0">0</nOUTIL_ECHANGE><nOUTIL_SUBSTITUTION UserID="0">0</nOUTIL_SUBSTITUTION><tDESCRIPTION_UTILISATION UserID="0"/><tCOMMENTAIRE UserID="0"/></PRODUCTION_ACTIVITE><ACCOMPAGNEMENT_ACTIVITE><ACCOMPAGNEMENTS_GLOBAUX><ACCOMPAGNEMENT_GLOBAL><nID>0</nID><nNOM UserID="0">0</nNOM><nTYPE UserID="0">0</nTYPE><nATTITUDE UserID="0">0</nATTITUDE><nACTION UserID="0">0</nACTION><tDESCRIPTIF UserID="0"/><nDUREE UserID="0">0</nDUREE><nGROUPE UserID="0">0</nGROUPE><nAPPRENANT UserID="0">0</nAPPRENANT><nPRESENCEDISTANCE UserID="0">0</nPRESENCEDISTANCE></ACCOMPAGNEMENT_GLOBAL><ACCOMPAGNEMENT_GLOBAL><nID>123</nID><nNOM UserID="0">102</nNOM><nTYPE UserID="0">3</nTYPE><nATTITUDE UserID="0">36</nATTITUDE><nACTION UserID="0">0</nACTION><tDESCRIPTIF UserID="0"/><nDUREE UserID="0">120</nDUREE><nGROUPE UserID="0">32</nGROUPE><nAPPRENANT UserID="0">0</nAPPRENANT><nPRESENCEDISTANCE UserID="0">0</nPRESENCEDISTANCE></ACCOMPAGNEMENT_GLOBAL></ACCOMPAGNEMENTS_GLOBAUX><nTYPE_OUTIL UserID="0">0</nTYPE_OUTIL><nOUTIL_SUBSTITUTION UserID="0">0</nOUTIL_SUBSTITUTION><tDESCRIPTION_UTILISATION UserID="0"/><tCOMMENTAIRE UserID="0"/></ACCOMPAGNEMENT_ACTIVITE><RESSOURCES_DOCS_ACTIVITE><RESSOURCES_PEDAGOGIQUES><RESSOURCE_PEDAGOGIQUE><nID>0</nID><tTITRE UserID="0">Choisir...</tTITRE><tDESCRIPTIF UserID="0"/><nTYPE UserID="0">0</nTYPE><tLIEN UserID="0"/></RESSOURCE_PEDAGOGIQUE></RESSOURCES_PEDAGOGIQUES><RESSOURCES_LOGISTIQUES><tADRESSE UserID="0">Ecole des Lilas
34 bis rue des Camelias
88000 Iles aux Plantes</tADRESSE><tDESCRIPTIF UserID="0"/><tLIEN UserID="0"/><nTYPE_SALLE UserID="0">51</nTYPE_SALLE><nNUMERO_SALLE UserID="0"/></RESSOURCES_LOGISTIQUES><tCOMMENTAIRE UserID="0"/></RESSOURCES_DOCS_ACTIVITE></PROPRIETES_ACTIVITES></ACTIVITE><ACTIVITE><JOURSPLANIFIES><JOURPLANIFIE><nJOUR>1195838116045</nJOUR><nMINUTE>540</nMINUTE><nDUREE_MINUTE>90</nDUREE_MINUTE></JOURPLANIFIE><JOURPLANIFIE><nJOUR>1188922516045</nJOUR><nMINUTE>540</nMINUTE><nDUREE_MINUTE>90</nDUREE_MINUTE></JOURPLANIFIE></JOURSPLANIFIES><JPLANNING><nJOUR>1</nJOUR><nLIGNE>3</nLIGNE><nDUREE>1</nDUREE><nTOTAL_LIGNE>1</nTOTAL_LIGNE></JPLANNING><PROPRIETES_ACTIVITES><DESCRIPTIF_ACTIVITE><tTITRE UserID="0">Introduction du module</tTITRE><tOBJECTIF UserID="0">Prendre connaissance des objectifs et des attendus du module fonds en bibliothèque et des projets des autres apprenants</tOBJECTIF><tDESCRIPTION UserID="0"/><nTYPE UserID="0">22</nTYPE><nCARACTERISTIQUE UserID="0">0</nCARACTERISTIQUE><nDUREEh UserID="0">1</nDUREEh><nDUREEmn UserID="0">30</nDUREEmn><nINDIVIDUELCOLLECTIF UserID="0">31</nINDIVIDUELCOLLECTIF><nLIEU_TRAVAIL UserID="0">2</nLIEU_TRAVAIL><tCOMMENTAIRE UserID="0"/></DESCRIPTIF_ACTIVITE><PRODUCTION_ACTIVITE><nRENDU UserID="0">0</nRENDU><tDESCRIPTION_PRODUCTION UserID="0"/><nDUREEh UserID="0">0</nDUREEh><nDUREEmn UserID="0">0</nDUREEmn><nOUTIL_ECHANGE UserID="0">0</nOUTIL_ECHANGE><nOUTIL_SUBSTITUTION UserID="0">0</nOUTIL_SUBSTITUTION><tDESCRIPTION_UTILISATION UserID="0"/><tCOMMENTAIRE UserID="0"/></PRODUCTION_ACTIVITE><ACCOMPAGNEMENT_ACTIVITE><ACCOMPAGNEMENTS_GLOBAUX><ACCOMPAGNEMENT_GLOBAL><nID>0</nID><nNOM UserID="0">0</nNOM><nTYPE UserID="0">0</nTYPE><nATTITUDE UserID="0">0</nATTITUDE><nACTION UserID="0">0</nACTION><tDESCRIPTIF UserID="0"/><nDUREE UserID="0">0</nDUREE><nGROUPE UserID="0">0</nGROUPE><nAPPRENANT UserID="0">0</nAPPRENANT><nPRESENCEDISTANCE UserID="0">0</nPRESENCEDISTANCE></ACCOMPAGNEMENT_GLOBAL><ACCOMPAGNEMENT_GLOBAL><nID>108</nID><nNOM UserID="0">104</nNOM><nTYPE UserID="0">6</nTYPE><nATTITUDE UserID="0">0</nATTITUDE><nACTION UserID="0">0</nACTION><tDESCRIPTIF UserID="0"/><nDUREE UserID="0">90</nDUREE><nGROUPE UserID="0">32</nGROUPE><nAPPRENANT UserID="0">0</nAPPRENANT><nPRESENCEDISTANCE UserID="0">0</nPRESENCEDISTANCE></ACCOMPAGNEMENT_GLOBAL></ACCOMPAGNEMENTS_GLOBAUX><nTYPE_OUTIL UserID="0">0</nTYPE_OUTIL><nOUTIL_SUBSTITUTION UserID="0">0</nOUTIL_SUBSTITUTION><tDESCRIPTION_UTILISATION UserID="0"/><tCOMMENTAIRE UserID="0"/></ACCOMPAGNEMENT_ACTIVITE><RESSOURCES_DOCS_ACTIVITE><RESSOURCES_PEDAGOGIQUES><RESSOURCE_PEDAGOGIQUE><nID>0</nID><tTITRE UserID="0">Choisir...</tTITRE><tDESCRIPTIF UserID="0"/><nTYPE UserID="0">0</nTYPE><tLIEN UserID="0"/></RESSOURCE_PEDAGOGIQUE><RESSOURCE_PEDAGOGIQUE><nID>111</nID><tTITRE UserID="0">Guide de l'étudiant</tTITRE><tDESCRIPTIF UserID="0"/><nTYPE UserID="0">50</nTYPE><tLIEN UserID="0">Guide.pdf</tLIEN></RESSOURCE_PEDAGOGIQUE></RESSOURCES_PEDAGOGIQUES><RESSOURCES_LOGISTIQUES><tADRESSE UserID="0">Ecole des Lilas
34 bis rue des Camelias
88000 Iles aux Plantes</tADRESSE><tDESCRIPTIF UserID="0"/><tLIEN UserID="0"/><nTYPE_SALLE UserID="0">53</nTYPE_SALLE><nNUMERO_SALLE UserID="0">DF92-a</nNUMERO_SALLE></RESSOURCES_LOGISTIQUES><tCOMMENTAIRE UserID="0"/></RESSOURCES_DOCS_ACTIVITE></PROPRIETES_ACTIVITES></ACTIVITE><ACTIVITE><JOURSPLANIFIES><JOURPLANIFIE><nJOUR>1198862116045</nJOUR><nMINUTE>960</nMINUTE><nDUREE_MINUTE>60</nDUREE_MINUTE></JOURPLANIFIE><JOURPLANIFIE><nJOUR>1191946516045</nJOUR><nMINUTE>540</nMINUTE><nDUREE_MINUTE>60</nDUREE_MINUTE></JOURPLANIFIE></JOURSPLANIFIES><JPLANNING><nJOUR>36</nJOUR><nLIGNE>2</nLIGNE><nDUREE>1</nDUREE><nTOTAL_LIGNE>1</nTOTAL_LIGNE></JPLANNING><PROPRIETES_ACTIVITES><DESCRIPTIF_ACTIVITE><tTITRE UserID="0">point intermédiaire de la formation</tTITRE><tOBJECTIF UserID="0">Faire le bilan de la période à distance et ajuster la suite si nécessaire</tOBJECTIF><tDESCRIPTION UserID="0"/><nTYPE UserID="0">22</nTYPE><nCARACTERISTIQUE UserID="0">0</nCARACTERISTIQUE><nDUREEh UserID="0">1</nDUREEh><nDUREEmn UserID="0">0</nDUREEmn><nINDIVIDUELCOLLECTIF UserID="0">31</nINDIVIDUELCOLLECTIF><nLIEU_TRAVAIL UserID="0">2</nLIEU_TRAVAIL><tCOMMENTAIRE UserID="0"/></DESCRIPTIF_ACTIVITE><PRODUCTION_ACTIVITE><nRENDU UserID="0">0</nRENDU><tDESCRIPTION_PRODUCTION UserID="0"/><nDUREEh UserID="0">0</nDUREEh><nDUREEmn UserID="0">0</nDUREEmn><nOUTIL_ECHANGE UserID="0">0</nOUTIL_ECHANGE><nOUTIL_SUBSTITUTION UserID="0">0</nOUTIL_SUBSTITUTION><tDESCRIPTION_UTILISATION UserID="0"/><tCOMMENTAIRE UserID="0"/></PRODUCTION_ACTIVITE><ACCOMPAGNEMENT_ACTIVITE><ACCOMPAGNEMENTS_GLOBAUX><ACCOMPAGNEMENT_GLOBAL><nID>0</nID><nNOM UserID="0">0</nNOM><nTYPE UserID="0">0</nTYPE><nATTITUDE UserID="0">0</nATTITUDE><nACTION UserID="0">0</nACTION><tDESCRIPTIF UserID="0"/><nDUREE UserID="0">0</nDUREE><nGROUPE UserID="0">0</nGROUPE><nAPPRENANT UserID="0">0</nAPPRENANT><nPRESENCEDISTANCE UserID="0">0</nPRESENCEDISTANCE></ACCOMPAGNEMENT_GLOBAL><ACCOMPAGNEMENT_GLOBAL><nID>151</nID><nNOM UserID="0">104</nNOM><nTYPE UserID="0">6</nTYPE><nATTITUDE UserID="0">0</nATTITUDE><nACTION UserID="0">0</nACTION><tDESCRIPTIF UserID="0"/><nDUREE UserID="0">60</nDUREE><nGROUPE UserID="0">32</nGROUPE><nAPPRENANT UserID="0">0</nAPPRENANT><nPRESENCEDISTANCE UserID="0">0</nPRESENCEDISTANCE></ACCOMPAGNEMENT_GLOBAL></ACCOMPAGNEMENTS_GLOBAUX><nTYPE_OUTIL UserID="0">0</nTYPE_OUTIL><nOUTIL_SUBSTITUTION UserID="0">0</nOUTIL_SUBSTITUTION><tDESCRIPTION_UTILISATION UserID="0"/><tCOMMENTAIRE UserID="0"/></ACCOMPAGNEMENT_ACTIVITE><RESSOURCES_DOCS_ACTIVITE><RESSOURCES_PEDAGOGIQUES><RESSOURCE_PEDAGOGIQUE><nID>0</nID><tTITRE UserID="0">Choisir...</tTITRE><tDESCRIPTIF UserID="0"/><nTYPE UserID="0">0</nTYPE><tLIEN UserID="0"/></RESSOURCE_PEDAGOGIQUE></RESSOURCES_PEDAGOGIQUES><RESSOURCES_LOGISTIQUES><tADRESSE UserID="0"/><tDESCRIPTIF UserID="0"/><tLIEN UserID="0"/><nTYPE_SALLE UserID="0">0</nTYPE_SALLE><nNUMERO_SALLE UserID="0"/></RESSOURCES_LOGISTIQUES><tCOMMENTAIRE UserID="0"/></RESSOURCES_DOCS_ACTIVITE></PROPRIETES_ACTIVITES></ACTIVITE><ACTIVITE><JOURSPLANIFIES><JOURPLANIFIE><nJOUR>1195838116045</nJOUR><nMINUTE>735</nMINUTE><nDUREE_MINUTE>60</nDUREE_MINUTE></JOURPLANIFIE></JOURSPLANIFIES><JPLANNING><nJOUR>81</nJOUR><nLIGNE>2</nLIGNE><nDUREE>1</nDUREE><nTOTAL_LIGNE>1</nTOTAL_LIGNE></JPLANNING><PROPRIETES_ACTIVITES><DESCRIPTIF_ACTIVITE><tTITRE UserID="0">Bilan de la formation</tTITRE><tOBJECTIF UserID="0">Dresser le bilan de la formation</tOBJECTIF><tDESCRIPTION UserID="0"/><nTYPE UserID="0">22</nTYPE><nCARACTERISTIQUE UserID="0">0</nCARACTERISTIQUE><nDUREEh UserID="0">1</nDUREEh><nDUREEmn UserID="0">0</nDUREEmn><nINDIVIDUELCOLLECTIF UserID="0">31</nINDIVIDUELCOLLECTIF><nLIEU_TRAVAIL UserID="0">2</nLIEU_TRAVAIL><tCOMMENTAIRE UserID="0"/></DESCRIPTIF_ACTIVITE><PRODUCTION_ACTIVITE><nRENDU UserID="0">0</nRENDU><tDESCRIPTION_PRODUCTION UserID="0"/><nDUREEh UserID="0">0</nDUREEh><nDUREEmn UserID="0">0</nDUREEmn><nOUTIL_ECHANGE UserID="0">0</nOUTIL_ECHANGE><nOUTIL_SUBSTITUTION UserID="0">0</nOUTIL_SUBSTITUTION><tDESCRIPTION_UTILISATION UserID="0"/><tCOMMENTAIRE UserID="0"/></PRODUCTION_ACTIVITE><ACCOMPAGNEMENT_ACTIVITE><ACCOMPAGNEMENTS_GLOBAUX><ACCOMPAGNEMENT_GLOBAL><nID>0</nID><nNOM UserID="0">0</nNOM><nTYPE UserID="0">0</nTYPE><nATTITUDE UserID="0">0</nATTITUDE><nACTION UserID="0">0</nACTION><tDESCRIPTIF UserID="0"/><nDUREE UserID="0">0</nDUREE><nGROUPE UserID="0">0</nGROUPE><nAPPRENANT UserID="0">0</nAPPRENANT><nPRESENCEDISTANCE UserID="0">0</nPRESENCEDISTANCE></ACCOMPAGNEMENT_GLOBAL><ACCOMPAGNEMENT_GLOBAL><nID>152</nID><nNOM UserID="0">104</nNOM><nTYPE UserID="0">6</nTYPE><nATTITUDE UserID="0">0</nATTITUDE><nACTION UserID="0">0</nACTION><tDESCRIPTIF UserID="0"/><nDUREE UserID="0">60</nDUREE><nGROUPE UserID="0">32</nGROUPE><nAPPRENANT UserID="0">0</nAPPRENANT><nPRESENCEDISTANCE UserID="0">0</nPRESENCEDISTANCE></ACCOMPAGNEMENT_GLOBAL></ACCOMPAGNEMENTS_GLOBAUX><nTYPE_OUTIL UserID="0">0</nTYPE_OUTIL><nOUTIL_SUBSTITUTION UserID="0">0</nOUTIL_SUBSTITUTION><tDESCRIPTION_UTILISATION UserID="0"/><tCOMMENTAIRE UserID="0"/></ACCOMPAGNEMENT_ACTIVITE><RESSOURCES_DOCS_ACTIVITE><RESSOURCES_PEDAGOGIQUES><RESSOURCE_PEDAGOGIQUE><nID>0</nID><tTITRE UserID="0">Choisir...</tTITRE><tDESCRIPTIF UserID="0"/><nTYPE UserID="0">0</nTYPE><tLIEN UserID="0"/></RESSOURCE_PEDAGOGIQUE></RESSOURCES_PEDAGOGIQUES><RESSOURCES_LOGISTIQUES><tADRESSE UserID="0"/><tDESCRIPTIF UserID="0"/><tLIEN UserID="0"/><nTYPE_SALLE UserID="0">0</nTYPE_SALLE><nNUMERO_SALLE UserID="0"/></RESSOURCES_LOGISTIQUES><tCOMMENTAIRE UserID="0"/></RESSOURCES_DOCS_ACTIVITE></PROPRIETES_ACTIVITES></ACTIVITE></ACTIVITES></SEQUENCE></SEQUENCES><ACTIVITES/></MODULE>