<?xml version="1.0" encoding="UTF-8"?><FORMATION xmlns:xsi="http://www.w3.org/2001/XMLSchema-instance" xsi:noNamespaceSchemaLocation="http://oasif.educagri.fr/bin/schemas/oasif.xsd"><OASIF_Version>1.01</OASIF_Version><nID_GENERAL>190</nID_GENERAL><JPLANNING><nJOUR>-62135773200000</nJOUR><nLIGNE>1</nLIGNE><nDUREE>212</nDUREE><nTOTAL_LIGNE>112</nTOTAL_LIGNE></JPLANNING><PARAMETRAGE><PARAM_FORMATION><ACCOMPAGNEMENT><TYPES_ACCOMPAGNEMENT><TYPE_ACCOMPAGNEMENT><nID>0</nID><tINTITULE_TYPE>Choisir...</tINTITULE_TYPE><tCOMMENTAIRE/></TYPE_ACCOMPAGNEMENT><TYPE_ACCOMPAGNEMENT><nID>1</nID><tINTITULE_TYPE>Tutorat social</tINTITULE_TYPE><tCOMMENTAIRE/></TYPE_ACCOMPAGNEMENT><TYPE_ACCOMPAGNEMENT><nID>2</nID><tINTITULE_TYPE>Tutorat pédagogique</tINTITULE_TYPE><tCOMMENTAIRE/></TYPE_ACCOMPAGNEMENT><TYPE_ACCOMPAGNEMENT><nID>3</nID><tINTITULE_TYPE>Tutorat technologique</tINTITULE_TYPE><tCOMMENTAIRE/></TYPE_ACCOMPAGNEMENT><TYPE_ACCOMPAGNEMENT><nID>4</nID><tINTITULE_TYPE>Intervention d'un expert</tINTITULE_TYPE><tCOMMENTAIRE/></TYPE_ACCOMPAGNEMENT><TYPE_ACCOMPAGNEMENT><nID>5</nID><tINTITULE_TYPE>Intervention d'un formateur</tINTITULE_TYPE><tCOMMENTAIRE/></TYPE_ACCOMPAGNEMENT><TYPE_ACCOMPAGNEMENT><nID>6</nID><tINTITULE_TYPE>Responsabilité d'un module</tINTITULE_TYPE><tCOMMENTAIRE/></TYPE_ACCOMPAGNEMENT><TYPE_ACCOMPAGNEMENT><nID>7</nID><tINTITULE_TYPE>Animation de groupe</tINTITULE_TYPE><tCOMMENTAIRE/></TYPE_ACCOMPAGNEMENT></TYPES_ACCOMPAGNEMENT><ACCOMPAGNATEURS><ACCOMPAGNATEUR><nID>0</nID><tINTITULE_ACCOMPAGNATEUR>Choisir...</tINTITULE_ACCOMPAGNATEUR><tCOMMENTAIRE/><tMEL/></ACCOMPAGNATEUR><ACCOMPAGNATEUR><nID>101</nID><tINTITULE_ACCOMPAGNATEUR>Julie Jarnac</tINTITULE_ACCOMPAGNATEUR><tCOMMENTAIRE/><tMEL/></ACCOMPAGNATEUR><ACCOMPAGNATEUR><nID>102</nID><tINTITULE_ACCOMPAGNATEUR>Bernard Blanc</tINTITULE_ACCOMPAGNATEUR><tCOMMENTAIRE/><tMEL/></ACCOMPAGNATEUR></ACCOMPAGNATEURS></ACCOMPAGNEMENT><OUTILS_SERVICES><OUTILS><OUTIL><nID>0</nID><tINTITULE_OUTIL>Choisir...</tINTITULE_OUTIL><nCARACTERISTIQUE>0</nCARACTERISTIQUE><nCATEGORIE_AFFICHAGE>0</nCATEGORIE_AFFICHAGE><tCOMMENTAIRE/></OUTIL><OUTIL><nID>8</nID><tINTITULE_OUTIL>Agenda</tINTITULE_OUTIL><nCARACTERISTIQUE>1</nCARACTERISTIQUE><nCATEGORIE_AFFICHAGE>0</nCATEGORIE_AFFICHAGE><tCOMMENTAIRE/></OUTIL><OUTIL><nID>9</nID><tINTITULE_OUTIL>Espace de stockage</tINTITULE_OUTIL><nCARACTERISTIQUE>1</nCARACTERISTIQUE><nCATEGORIE_AFFICHAGE>0</nCATEGORIE_AFFICHAGE><tCOMMENTAIRE/></OUTIL><OUTIL><nID>10</nID><tINTITULE_OUTIL>Tableau blanc ou application partagés</tINTITULE_OUTIL><nCARACTERISTIQUE>0</nCARACTERISTIQUE><nCATEGORIE_AFFICHAGE>0</nCATEGORIE_AFFICHAGE><tCOMMENTAIRE/></OUTIL><OUTIL><nID>11</nID><tINTITULE_OUTIL>FAQ</tINTITULE_OUTIL><nCARACTERISTIQUE>1</nCARACTERISTIQUE><nCATEGORIE_AFFICHAGE>0</nCATEGORIE_AFFICHAGE><tCOMMENTAIRE/></OUTIL><OUTIL><nID>12</nID><tINTITULE_OUTIL>Téléphone</tINTITULE_OUTIL><nCARACTERISTIQUE>0</nCARACTERISTIQUE><nCATEGORIE_AFFICHAGE>0</nCATEGORIE_AFFICHAGE><tCOMMENTAIRE/></OUTIL><OUTIL><nID>13</nID><tINTITULE_OUTIL>Messagerie électronique</tINTITULE_OUTIL><nCARACTERISTIQUE>1</nCARACTERISTIQUE><nCATEGORIE_AFFICHAGE>0</nCATEGORIE_AFFICHAGE><tCOMMENTAIRE/></OUTIL><OUTIL><nID>14</nID><tINTITULE_OUTIL>Chat</tINTITULE_OUTIL><nCARACTERISTIQUE>0</nCARACTERISTIQUE><nCATEGORIE_AFFICHAGE>0</nCATEGORIE_AFFICHAGE><tCOMMENTAIRE/></OUTIL><OUTIL><nID>15</nID><tINTITULE_OUTIL>VisioConférence ordinateur</tINTITULE_OUTIL><nCARACTERISTIQUE>0</nCARACTERISTIQUE><nCATEGORIE_AFFICHAGE>0</nCATEGORIE_AFFICHAGE><tCOMMENTAIRE/></OUTIL><OUTIL><nID>16</nID><tINTITULE_OUTIL>VisioConférence salle</tINTITULE_OUTIL><nCARACTERISTIQUE>0</nCARACTERISTIQUE><nCATEGORIE_AFFICHAGE>0</nCATEGORIE_AFFICHAGE><tCOMMENTAIRE/></OUTIL><OUTIL><nID>17</nID><tINTITULE_OUTIL>Forum en ligne</tINTITULE_OUTIL><nCARACTERISTIQUE>1</nCARACTERISTIQUE><nCATEGORIE_AFFICHAGE>0</nCATEGORIE_AFFICHAGE><tCOMMENTAIRE/></OUTIL><OUTIL><nID>18</nID><tINTITULE_OUTIL>Fax</tINTITULE_OUTIL><nCARACTERISTIQUE>1</nCARACTERISTIQUE><nCATEGORIE_AFFICHAGE>0</nCATEGORIE_AFFICHAGE><tCOMMENTAIRE/></OUTIL></OUTILS></OUTILS_SERVICES><JOURSFERIESBLANCS/><PLANNING><nZOOM>0</nZOOM><nTYPE_LIGNE>1</nTYPE_LIGNE><nAFFICHAGE>1</nAFFICHAGE><nHAUTEUR_PIXEL_LIGNE>20</nHAUTEUR_PIXEL_LIGNE><nLARGEUR_PIXEL_JOUR>20</nLARGEUR_PIXEL_JOUR><nTOTAL_LIGNE>10</nTOTAL_LIGNE><bAFFICHAGE_JOURSBLANCS>false</bAFFICHAGE_JOURSBLANCS><bAFFICHAGE_JOURSFERIES>false</bAFFICHAGE_JOURSFERIES><bAFFICHAGE_WEEKEND>false</bAFFICHAGE_WEEKEND><nBASE_JOURNEE>360</nBASE_JOURNEE></PLANNING><JTREEAFFICHAGE Intitule="Liste des champs"><FORMATION_Affichage Intitule="Formation"><DESCRIPTIF_Affichage Intitule="Descriptif"><TITRE_Affichage Actif="true" Intitule="Titre"/><OBJECTIF_Affichage Actif="true" Intitule="Objectif"/><DESCRIPTION_Affichage Actif="false" Intitule="Description"/><TYPE_Affichage Actif="true" Intitule="Type"/><NIVEAU_Affichage Actif="true" Intitule="Niveau"/><PREREQUIS_Affichage Actif="true" Intitule="Prérequis"/><COMMANDITAIRE_Affichage Actif="false" Intitule="Commanditaire/prescripteur"/><PORTEUR_Affichage Actif="true" Intitule="Porteur de la formation"/><PARTENAIRES_Affichage Actif="true" Intitule="Partenaires"/><CLIENT_Affichage Actif="false" Intitule="Client/bénéficiaire"/><CONTACT_Affichage Actif="false" Intitule="Nom du contact"/><REFERENTIEL_Affichage Actif="false" Intitule="Référentiel"/><JOUR_REEL_FORMATION_Affichage Actif="true" Intitule="1er jour réel de la formation"/></DESCRIPTIF_Affichage><ACCOMPAGNEMENT_Affichage Intitule="Accompagnement"><LISTE_ACCOMPAGNEMENT_Affichage Actif="true" Intitule="Liste des accompagnements"><NOM_ACCOMPAGNEMENT_Affichage Actif="true" Intitule="Nom"/><TYPE_ACCOMPAGNEMENT_Affichage Actif="true" Intitule="Type"/><DESCRIPTIF_ACCOMPAGNEMENT_Affichage Actif="true" Intitule="Descriptif de l'accompagnement"/><TEMPS_ACCOMPAGNEMENT_Affichage Actif="true" Intitule="Temps d'accompagnement"/><ACCOMPAGNATEURPRESENCE_ACCOMPAGNEMENT_Affichage Actif="true" Intitule="Accompagnateur (présence/distance)"/></LISTE_ACCOMPAGNEMENT_Affichage><TYPE_OUTIL_ACCOMPAGNEMENT_Affichage Actif="true" Intitule="Type d'outils"/><OUTIL_SUBSTITUTION_ACCOMPAGNEMENT_Affichage Actif="false" Intitule="Outil de substitution"/><DESCRIPTION_UTILISATION_ACCOMPAGNEMENT_Affichage Actif="false" Intitule="Description d'utilisation"/></ACCOMPAGNEMENT_Affichage></FORMATION_Affichage><MODULE_Affichage Intitule="Module"><DESCRIPTIF_Affichage Intitule="Descriptif"><TITRE_Affichage Actif="true" Intitule="Titre"/><OBJECTIF_Affichage Actif="true" Intitule="Objectif"/><DESCRIPTION_Affichage Actif="false" Intitule="Description"/><PUBLIC_VISE_Affichage Actif="true" Intitule="Public visé"/><PREREQUIS_Affichage Actif="false" Intitule="Prérequis"/><CARACTERISTIQUE_Affichage Actif="true" Intitule="Caractéristique"/><COMMANDITAIRE_Affichage Actif="false" Intitule="Commanditaire/prescripteur"/><PORTEUR_Affichage Actif="false" Intitule="Porteur"/><PARTENAIRES_Affichage Actif="false" Intitule="Partenaires"/><CLIENT_Affichage Actif="false" Intitule="Client/bénéficiaire"/><CONTACT_Affichage Actif="false" Intitule="Nom du contact"/><CREDITS_ECTS_Affichage Actif="false" Intitule="Nombre de crédits ECTS"/><NBRE_MAX_APPRENANT_Affichage Actif="true" Intitule="Nombre maximum d'apprenants"/><LIEN_Affichage Actif="false" Intitule="Lien 'en savoir plus...'"/></DESCRIPTIF_Affichage><ACCOMPAGNEMENT_Affichage Intitule="Accompagnement"><LISTE_ACCOMPAGNEMENT_Affichage Actif="true" Intitule="Liste des accompagnements"><NOM_ACCOMPAGNEMENT_Affichage Actif="true" Intitule="Nom"/><TYPE_ACCOMPAGNEMENT_Affichage Actif="true" Intitule="Type"/><ATTITUDE_ACCOMPAGNEMENT_Affichage Actif="false" Intitule="Attitude"/><DESCRIPTIF_ACCOMPAGNEMENT_Affichage Actif="false" Intitule="Descriptif de l'accompagnement"/><TEMPS_ACCOMPAGNEMENT_Affichage Actif="true" Intitule="Temps d'accompagnement"/><ACCOMPAGNATEURPRESENCE_ACCOMPAGNEMENT_Affichage Actif="true" Intitule="Accompagnateur (présence/distance)"/></LISTE_ACCOMPAGNEMENT_Affichage><TYPE_OUTIL_ACCOMPAGNEMENT_Affichage Actif="false" Intitule="Type d'outils"/><OUTIL_SUBSTITUTION_ACCOMPAGNEMENT_Affichage Actif="false" Intitule="Outil de substitution"/><DESCRIPTION_UTILISATION_ACCOMPAGNEMENT_Affichage Actif="false" Intitule="Description d'utilisation"/></ACCOMPAGNEMENT_Affichage></MODULE_Affichage><SEQUENCE_Affichage Intitule="Séquence"><TITRE_Affichage Actif="true" Intitule="Titre"/><OBJECTIF_Affichage Actif="true" Intitule="Objectif"/><DESCRIPTION_Affichage Actif="false" Intitule="Description"/></SEQUENCE_Affichage><ACTIVITE_Affichage Intitule="Activité"><DESCRIPTIF_Affichage Intitule="Descriptif"><TITRE_Affichage Actif="true" Intitule="Titre"/><OBJECTIF_Affichage Actif="true" Intitule="Objectif"/><DESCRIPTION_Affichage Actif="false" Intitule="Description"/><TYPE_Affichage Actif="true" Intitule="Type"/><CARACTERISTIQUE_Affichage Actif="false" Intitule="Caractéristique"/><TEMPS_TRAVAIL_APPRENANT_Affichage Actif="true" Intitule="Temps de travail estimé de l'apprenant"/><INDIVIDUEL_COLLECTIF_Affichage Actif="true" Intitule="Individuel/collectif"/><LIEU_TRAVAIL_Affichage Actif="true" Intitule="Lieu de travail"/></DESCRIPTIF_Affichage><PRODUCTION_Affichage Intitule="Production à rendre"><PRODUCTION_RENDRE_OUINON_Affichage Actif="true" Intitule="Production à rendre (oui/non)"/><DESCRIPTION_Affichage Actif="true" Intitule="Description de la production"/><TEMPS_TRAVAIL_Affichage Actif="true" Intitule="Temps de travail de l'apprenant"/><OUTIL_ECHANGE_Affichage Actif="false" Intitule="Outil d'échange"/><OUTIL_SUBSTITUTION_Affichage Actif="false" Intitule="Outil de substitution"/><DESCRIPTION_UTILISATION_Affichage Actif="false" Intitule="Description d'utilisation"/></PRODUCTION_Affichage><ACCOMPAGNEMENT_Affichage Intitule="Accompagnement"><LISTE_ACCOMPAGNEMENT_Affichage Actif="true" Intitule="Liste des accompagnements"><NOM_ACCOMPAGNEMENT_Affichage Actif="true" Intitule="Nom"/><TYPE_ACCOMPAGNEMENT_Affichage Actif="true" Intitule="Type"/><ATTITUDE_ACCOMPAGNEMENT_Affichage Actif="true" Intitule="Attitude"/><ACTIONS_PRODUCTIONS_ACCOMPAGNEMENT_Affichage Actif="true" Intitule="Action sur la production"/><DESCRIPTIF_ACCOMPAGNEMENT_Affichage Actif="true" Intitule="Descriptif de l'accompagnement"/><TEMPS_ACCOMPAGNEMENT_Affichage Actif="true" Intitule="Temps d'accompagnement"/><ACCOMPAGNATEURPRESENCE_ACCOMPAGNEMENT_Affichage Actif="true" Intitule="Accompagnateur (présence/distance)"/></LISTE_ACCOMPAGNEMENT_Affichage><TYPE_OUTIL_ACCOMPAGNEMENT_Affichage Actif="true" Intitule="Type d'outils"/><OUTIL_SUBSTITUTION_ACCOMPAGNEMENT_Affichage Actif="false" Intitule="Outil de substitution"/><DESCRIPTION_UTILISATION_ACCOMPAGNEMENT_Affichage Actif="false" Intitule="Description d'utilisation"/></ACCOMPAGNEMENT_Affichage><RESSOURCES_Affichage Intitule="Ressources documentaires"><RESSOURCES_PEDAGOGIQUES_Affichage Intitule="Ressources pédagogiques"><LISTE_RESSOURCES_Affichage Actif="true" Intitule="Liste des ressources documentaires"><TITRE_Affichage Actif="true" Intitule="Titre"/><DESCRIPTIF_RESSOURCE_Affichage Actif="false" Intitule="Descriptif de la ressource"/><TYPE_Affichage Actif="false" Intitule="Type"/><NOM_FICHIER_Affichage Actif="false" Intitule="Nom du fichier (ou lien)"/></LISTE_RESSOURCES_Affichage></RESSOURCES_PEDAGOGIQUES_Affichage><RESSOURCES_LOGISTIQUES_Affichage Intitule="Ressources logistiques"><ADRESSE_Affichage Actif="true" Intitule="Adresse lieu de travail"/><DESCRIPTIF_Affichage Actif="false" Intitule="Descriptif du lieu"/><LIEN_Affichage Actif="false" Intitule="Lien 'informations'"/><TYPE_SALLE_Affichage Actif="true" Intitule="Type de salle"/><NUMERO_SALLE_Affichage Actif="false" Intitule="Numéro de salle"/></RESSOURCES_LOGISTIQUES_Affichage></RESSOURCES_Affichage></ACTIVITE_Affichage></JTREEAFFICHAGE></PARAM_FORMATION><PARAM_MODULE><ACTIVITE><TYPES_ACTIVITES><TYPE_ACTIVITE><nID>0</nID><tINTITULE_ACTIVITE>Choisir...</tINTITULE_ACTIVITE><nCOULEUR>-16776961</nCOULEUR><tDESCRIPTIF/></TYPE_ACTIVITE><TYPE_ACTIVITE><nID>19</nID><tINTITULE_ACTIVITE>Etude</tINTITULE_ACTIVITE><nCOULEUR>-13421671</nCOULEUR><tDESCRIPTIF/></TYPE_ACTIVITE><TYPE_ACTIVITE><nID>20</nID><tINTITULE_ACTIVITE>Examen</tINTITULE_ACTIVITE><nCOULEUR>-39220</nCOULEUR><tDESCRIPTIF/></TYPE_ACTIVITE><TYPE_ACTIVITE><nID>21</nID><tINTITULE_ACTIVITE>Atelier</tINTITULE_ACTIVITE><nCOULEUR>-205</nCOULEUR><tDESCRIPTIF/></TYPE_ACTIVITE><TYPE_ACTIVITE><nID>22</nID><tINTITULE_ACTIVITE>Régulation</tINTITULE_ACTIVITE><nCOULEUR>-3407872</nCOULEUR><tDESCRIPTIF/></TYPE_ACTIVITE><TYPE_ACTIVITE><nID>23</nID><tINTITULE_ACTIVITE>Exercice</tINTITULE_ACTIVITE><nCOULEUR>-10079437</nCOULEUR><tDESCRIPTIF/></TYPE_ACTIVITE><TYPE_ACTIVITE><nID>24</nID><tINTITULE_ACTIVITE>Recherche</tINTITULE_ACTIVITE><nCOULEUR>-39424</nCOULEUR><tDESCRIPTIF/></TYPE_ACTIVITE><TYPE_ACTIVITE><nID>25</nID><tINTITULE_ACTIVITE>Conférence</tINTITULE_ACTIVITE><nCOULEUR>-13408717</nCOULEUR><tDESCRIPTIF/></TYPE_ACTIVITE><TYPE_ACTIVITE><nID>26</nID><tINTITULE_ACTIVITE>Projet</tINTITULE_ACTIVITE><nCOULEUR>-16737793</nCOULEUR><tDESCRIPTIF/></TYPE_ACTIVITE><TYPE_ACTIVITE><nID>27</nID><tINTITULE_ACTIVITE>Cours</tINTITULE_ACTIVITE><nCOULEUR>-10092442</nCOULEUR><tDESCRIPTIF/></TYPE_ACTIVITE></TYPES_ACTIVITES><TYPES_TRAVAIL><TYPE_TRAVAIL><nID>0</nID><tINTITULE_TRAVAIL>Choisir...</tINTITULE_TRAVAIL><tCOMMENTAIRE/></TYPE_TRAVAIL><TYPE_TRAVAIL><nID>28</nID><tINTITULE_TRAVAIL>Individuel</tINTITULE_TRAVAIL><tCOMMENTAIRE/></TYPE_TRAVAIL><TYPE_TRAVAIL><nID>29</nID><tINTITULE_TRAVAIL>Binôme</tINTITULE_TRAVAIL><tCOMMENTAIRE/></TYPE_TRAVAIL><TYPE_TRAVAIL><nID>30</nID><tINTITULE_TRAVAIL>Trinôme</tINTITULE_TRAVAIL><tCOMMENTAIRE/></TYPE_TRAVAIL><TYPE_TRAVAIL><nID>31</nID><tINTITULE_TRAVAIL>Groupe complet</tINTITULE_TRAVAIL><tCOMMENTAIRE/></TYPE_TRAVAIL></TYPES_TRAVAIL></ACTIVITE><ACCOMPAGNEMENT><TYPES_ACCOMPAGNEMENT><TYPE_ACCOMPAGNEMENT><nID>0</nID><tINTITULE_TYPE>Choisir...</tINTITULE_TYPE><tCOMMENTAIRE/></TYPE_ACCOMPAGNEMENT></TYPES_ACCOMPAGNEMENT><SOUS_GROUPES><SOUS_GROUPE><nID>0</nID><tINTITULE_GROUPE>par groupe de</tINTITULE_GROUPE><nNBRE_APPRENANT>0</nNBRE_APPRENANT><tCOMMENTAIRE/></SOUS_GROUPE><SOUS_GROUPE><nID>32</nID><tINTITULE_GROUPE>Groupe Complet</tINTITULE_GROUPE><nNBRE_APPRENANT>0</nNBRE_APPRENANT><tCOMMENTAIRE/></SOUS_GROUPE><SOUS_GROUPE><nID>107</nID><tINTITULE_GROUPE>Groupe 1</tINTITULE_GROUPE><nNBRE_APPRENANT>15</nNBRE_APPRENANT><tCOMMENTAIRE/></SOUS_GROUPE><SOUS_GROUPE><nID>108</nID><tINTITULE_GROUPE>Groupe 2</tINTITULE_GROUPE><nNBRE_APPRENANT>15</nNBRE_APPRENANT><tCOMMENTAIRE/></SOUS_GROUPE><SOUS_GROUPE><nID>109</nID><tINTITULE_GROUPE>Groupe 3</tINTITULE_GROUPE><nNBRE_APPRENANT>15</nNBRE_APPRENANT><tCOMMENTAIRE/></SOUS_GROUPE><SOUS_GROUPE><nID>110</nID><tINTITULE_GROUPE>Groupe 4</tINTITULE_GROUPE><nNBRE_APPRENANT>15</nNBRE_APPRENANT><tCOMMENTAIRE/></SOUS_GROUPE></SOUS_GROUPES><ATTITUDES><ATTITUDE><nID>0</nID><tINTITULE_ATTITUDE>Choisir...</tINTITULE_ATTITUDE><tCOMMENTAIRE/></ATTITUDE><ATTITUDE><nID>33</nID><tINTITULE_ATTITUDE>Encourage les apprenants</tINTITULE_ATTITUDE><tCOMMENTAIRE/></ATTITUDE><ATTITUDE><nID>34</nID><tINTITULE_ATTITUDE>Envoie un document</tINTITULE_ATTITUDE><tCOMMENTAIRE/></ATTITUDE><ATTITUDE><nID>35</nID><tINTITULE_ATTITUDE>Pose des questions pédagogiques</tINTITULE_ATTITUDE><tCOMMENTAIRE/></ATTITUDE><ATTITUDE><nID>36</nID><tINTITULE_ATTITUDE>Sollicite les apprenants</tINTITULE_ATTITUDE><tCOMMENTAIRE/></ATTITUDE><ATTITUDE><nID>37</nID><tINTITULE_ATTITUDE>Répond aux apprenants</tINTITULE_ATTITUDE><tCOMMENTAIRE/></ATTITUDE><ATTITUDE><nID>38</nID><tINTITULE_ATTITUDE>Accuse réception d'une production</tINTITULE_ATTITUDE><tCOMMENTAIRE/></ATTITUDE><ATTITUDE><nID>39</nID><tINTITULE_ATTITUDE>Commente une production</tINTITULE_ATTITUDE><tCOMMENTAIRE/></ATTITUDE><ATTITUDE><nID>40</nID><tINTITULE_ATTITUDE>Corrige et renvoie une production</tINTITULE_ATTITUDE><tCOMMENTAIRE/></ATTITUDE></ATTITUDES><NOMS><NOM><nID>0</nID><tINTITULE_NOM>Choisir...</tINTITULE_NOM><tCOMMENTAIRE/><tMEL/></NOM><NOM><nID>103</nID><tINTITULE_NOM>Corinne Courot</tINTITULE_NOM><tCOMMENTAIRE/><tMEL/></NOM><NOM><nID>104</nID><tINTITULE_NOM>Danielle Dourdan</tINTITULE_NOM><tCOMMENTAIRE/><tMEL/></NOM><NOM><nID>105</nID><tINTITULE_NOM>Larent Leclerc</tINTITULE_NOM><tCOMMENTAIRE/><tMEL/></NOM><NOM><nID>106</nID><tINTITULE_NOM>Emilie Ettori</tINTITULE_NOM><tCOMMENTAIRE/><tMEL/></NOM><NOM><nID>140</nID><tINTITULE_NOM>intervenant extérieur</tINTITULE_NOM><tCOMMENTAIRE/><tMEL/></NOM></NOMS><ACTIONS><ACTION><nID>0</nID><tINTITULE_ACTION>Choisir...</tINTITULE_ACTION><tCOMMENTAIRES/></ACTION><ACTION><nID>131</nID><tINTITULE_ACTION>Corrige et détaille les points à améliorer</tINTITULE_ACTION><tCOMMENTAIRES/></ACTION></ACTIONS></ACCOMPAGNEMENT><RESSOURCES_DOCS><TYPES_RESSOURCES><TYPE_RESSOURCE><nID>0</nID><tINTITULE_RESSOURCES>Choisir...</tINTITULE_RESSOURCES><tCOMMENTAIRES/></TYPE_RESSOURCE><TYPE_RESSOURCE><nID>41</nID><tINTITULE_RESSOURCES>Site Internet</tINTITULE_RESSOURCES><tCOMMENTAIRES/></TYPE_RESSOURCE><TYPE_RESSOURCE><nID>42</nID><tINTITULE_RESSOURCES>Transparent</tINTITULE_RESSOURCES><tCOMMENTAIRES/></TYPE_RESSOURCE><TYPE_RESSOURCE><nID>43</nID><tINTITULE_RESSOURCES>Vidéo en ligne</tINTITULE_RESSOURCES><tCOMMENTAIRES/></TYPE_RESSOURCE><TYPE_RESSOURCE><nID>44</nID><tINTITULE_RESSOURCES>Audio en ligne</tINTITULE_RESSOURCES><tCOMMENTAIRES/></TYPE_RESSOURCE><TYPE_RESSOURCE><nID>45</nID><tINTITULE_RESSOURCES>Audiovisuel hors ligne</tINTITULE_RESSOURCES><tCOMMENTAIRES/></TYPE_RESSOURCE><TYPE_RESSOURCE><nID>46</nID><tINTITULE_RESSOURCES>DVD</tINTITULE_RESSOURCES><tCOMMENTAIRES/></TYPE_RESSOURCE><TYPE_RESSOURCE><nID>47</nID><tINTITULE_RESSOURCES>Cd-rom</tINTITULE_RESSOURCES><tCOMMENTAIRES/></TYPE_RESSOURCE><TYPE_RESSOURCE><nID>48</nID><tINTITULE_RESSOURCES>Diapositives</tINTITULE_RESSOURCES><tCOMMENTAIRES/></TYPE_RESSOURCE><TYPE_RESSOURCE><nID>49</nID><tINTITULE_RESSOURCES>Malette pédagogique</tINTITULE_RESSOURCES><tCOMMENTAIRES/></TYPE_RESSOURCE><TYPE_RESSOURCE><nID>50</nID><tINTITULE_RESSOURCES>Papier</tINTITULE_RESSOURCES><tCOMMENTAIRES/></TYPE_RESSOURCE></TYPES_RESSOURCES><TYPES_SALLES><TYPE_SALLE><nID>0</nID><tINTITULE_SALLE>Choisir...</tINTITULE_SALLE><tCOMMENTAIRES/></TYPE_SALLE><TYPE_SALLE><nID>51</nID><tINTITULE_SALLE>Salle informatique</tINTITULE_SALLE><tCOMMENTAIRES/></TYPE_SALLE><TYPE_SALLE><nID>52</nID><tINTITULE_SALLE>Salle de visio</tINTITULE_SALLE><tCOMMENTAIRES/></TYPE_SALLE><TYPE_SALLE><nID>53</nID><tINTITULE_SALLE>Salle de cours</tINTITULE_SALLE><tCOMMENTAIRES/></TYPE_SALLE><TYPE_SALLE><nID>54</nID><tINTITULE_SALLE>Salle de conférence</tINTITULE_SALLE><tCOMMENTAIRES/></TYPE_SALLE><TYPE_SALLE><nID>55</nID><tINTITULE_SALLE>Amphithéatre</tINTITULE_SALLE><tCOMMENTAIRES/></TYPE_SALLE></TYPES_SALLES></RESSOURCES_DOCS><PLANNING><nZOOM>0</nZOOM><nTYPE_LIGNE>0</nTYPE_LIGNE><nAFFICHAGE>1</nAFFICHAGE><nTOTAL_LIGNE>4</nTOTAL_LIGNE><nHAUTEUR_PIXEL_LIGNE>20</nHAUTEUR_PIXEL_LIGNE><nLARGEUR_PIXEL_JOUR>20</nLARGEUR_PIXEL_JOUR><bAFFICHAGE_JOURSBLANCS>false</bAFFICHAGE_JOURSBLANCS><bAFFICHAGE_JOURSFERIES>false</bAFFICHAGE_JOURSFERIES><bAFFICHAGE_WEEKEND>false</bAFFICHAGE_WEEKEND></PLANNING></PARAM_MODULE></PARAMETRAGE><PROPRIETES_FORMATION><DESCRIPTIF_FORMATION><tTITRE UserID="0">Langage et communication option théorie et pratique de l'image</tTITRE><tOBJECTIF UserID="0">- explorer le champ des productions et des réalisations audiovisuelles. 
- acquérir une méthode d'analyse et un esprit critique, 
- concevoir un projet de communication</tOBJECTIF><tDESCRIPTION UserID="0"/><nTYPE UserID="0">0</nTYPE><tNIVEAU UserID="0">L1</tNIVEAU><tPREREQUIS UserID="0"/><tCOMMANDITAIRE UserID="0"/><tPORTEUR UserID="0"/><tPARTENAIRES UserID="0"/><tCLIENT UserID="0"/><tCONTACT UserID="0"/><tREFERENTIEL UserID="0"/><tCOMMENTAIRE UserID="0"/></DESCRIPTIF_FORMATION><ACCOMPAGNEMENT_FORMATION><nTYPE_OUTIL UserID="0">0</nTYPE_OUTIL><nOUTIL_SUBSTITUTION UserID="0">0</nOUTIL_SUBSTITUTION><tDESCRIPTION_UTILISATION UserID="0"/><tCOMMENTAIRE UserID="0"/><ACCOMPAGNEMENTS_GLOBAUX><ACCOMPAGNEMENT_GLOBAL><nID>0</nID><nNOM UserID="0">0</nNOM><nTYPE UserID="0">0</nTYPE><tDESCRIPTIF UserID="0"/><nDUREE UserID="0">0</nDUREE><nPRESENCEDISTANCE UserID="0">0</nPRESENCEDISTANCE></ACCOMPAGNEMENT_GLOBAL><ACCOMPAGNEMENT_GLOBAL><nID>111</nID><nNOM UserID="0">101</nNOM><nTYPE UserID="0">0</nTYPE><tDESCRIPTIF UserID="0"/><nDUREE UserID="0">300</nDUREE><nPRESENCEDISTANCE UserID="0">0</nPRESENCEDISTANCE></ACCOMPAGNEMENT_GLOBAL><ACCOMPAGNEMENT_GLOBAL><nID>129</nID><nNOM UserID="0">102</nNOM><nTYPE UserID="0">0</nTYPE><tDESCRIPTIF UserID="0"/><nDUREE UserID="0">600</nDUREE><nPRESENCEDISTANCE UserID="0">0</nPRESENCEDISTANCE></ACCOMPAGNEMENT_GLOBAL></ACCOMPAGNEMENTS_GLOBAUX></ACCOMPAGNEMENT_FORMATION></PROPRIETES_FORMATION><JOURSPLANIFIES><nJOUR>1185806489384</nJOUR><nJOUR>1181572889384</nJOUR></JOURSPLANIFIES></FORMATION>